"게임 내 이름","생성 상태","세부 분류","속성·테마","에셋 형식","원본 팩","원본 에셋 위치","스킬 BPDA 위치","판정·보류 사유","확인 사항"
"문자 검기","보류(원본 삭제)","무기 부착 효과","카오스","NiagaraSystem","SlashTrail_SoftTofu","/Game/SlashTrail_SoftTofu/Niagara/Matrix/NS_Sword_Matrix","","무기 부착 소켓·방향 확인 후 공격 표현에 연결","2026-10-03 원본 VFX 삭제 완료; 스킬은 미생성 보류 이력; 원본 에셋 위치는 삭제 전 이력 경로"
"모래 검기","보류(원본 삭제)","무기 부착 효과","물리","NiagaraSystem","SlashTrail_SoftTofu","/Game/SlashTrail_SoftTofu/Niagara/Sand/NS_Sword_Sand","","무기 부착 소켓·방향 확인 후 공격 표현에 연결","2026-10-03 원본 VFX 삭제 완료; 스킬은 미생성 보류 이력; 원본 에셋 위치는 삭제 전 이력 경로"
"물결 검기","보류(원본 삭제)","무기 부착 효과","냉기","NiagaraSystem","SlashTrail_SoftTofu","/Game/SlashTrail_SoftTofu/Niagara/Water/NS_Sword_Water","","무기 부착 소켓·방향 확인 후 공격 표현에 연결","2026-10-03 원본 VFX 삭제 완료; 스킬은 미생성 보류 이력; 원본 에셋 위치는 삭제 전 이력 경로"
"바람 검기","보류(원본 삭제)","무기 부착 효과","물리","NiagaraSystem","SlashTrail_SoftTofu","/Game/SlashTrail_SoftTofu/Niagara/Wind/NS_Sword_Wind","","무기 부착 소켓·방향 확인 후 공격 표현에 연결","2026-10-03 원본 VFX 삭제 완료; 스킬은 미생성 보류 이력; 원본 에셋 위치는 삭제 전 이력 경로"
"뇌전 검기","보류(원본 삭제)","무기 부착 효과","번개","NiagaraSystem","SlashTrail_SoftTofu","/Game/SlashTrail_SoftTofu/Niagara/Lightning/NS_Sword_Lightning","","무기 부착 소켓·방향 확인 후 공격 표현에 연결","2026-10-03 원본 VFX 삭제 완료; 스킬은 미생성 보류 이력; 원본 에셋 위치는 삭제 전 이력 경로"
"전광 검기","보류(원본 삭제)","무기 부착 효과","번개","NiagaraSystem","SlashTrail_SoftTofu","/Game/SlashTrail_SoftTofu/Niagara/Cyberpunk/NS_Sword_CyberPunk","","무기 부착 소켓·방향 확인 후 공격 표현에 연결","2026-10-03 원본 VFX 삭제 완료; 스킬은 미생성 보류 이력; 원본 에셋 위치는 삭제 전 이력 경로"
"신비 검기","보류(원본 삭제)","무기 부착 효과","카오스","NiagaraSystem","SlashTrail_SoftTofu","/Game/SlashTrail_SoftTofu/Niagara/Mystic/NS_Sword_Mystic","","무기 부착 소켓·방향 확인 후 공격 표현에 연결","2026-10-03 원본 VFX 삭제 완료; 스킬은 미생성 보류 이력; 원본 에셋 위치는 삭제 전 이력 경로"
"어둠 검기","보류(원본 삭제)","무기 부착 효과","카오스","NiagaraSystem","SlashTrail_SoftTofu","/Game/SlashTrail_SoftTofu/Niagara/Dark/NS_Sword_Dark","","무기 부착 소켓·방향 확인 후 공격 표현에 연결","2026-10-03 원본 VFX 삭제 완료; 스킬은 미생성 보류 이력; 원본 에셋 위치는 삭제 전 이력 경로"
"서리 검기","보류(원본 삭제)","무기 부착 효과","냉기","NiagaraSystem","SlashTrail_SoftTofu","/Game/SlashTrail_SoftTofu/Niagara/Ice/NS_Sword_Ice","","무기 부착 소켓·방향 확인 후 공격 표현에 연결","2026-10-03 원본 VFX 삭제 완료; 스킬은 미생성 보류 이력; 원본 에셋 위치는 삭제 전 이력 경로"
"선율 검기","보류(원본 삭제)","무기 부착 효과","물리","NiagaraSystem","SlashTrail_SoftTofu","/Game/SlashTrail_SoftTofu/Niagara/Music/NS_Sword_Music","","무기 부착 소켓·방향 확인 후 공격 표현에 연결","2026-10-03 원본 VFX 삭제 완료; 스킬은 미생성 보류 이력; 원본 에셋 위치는 삭제 전 이력 경로"
"숲 검기","보류(원본 삭제)","무기 부착 효과","물리","NiagaraSystem","SlashTrail_SoftTofu","/Game/SlashTrail_SoftTofu/Niagara/Nature/NS_Sword_Nature","","무기 부착 소켓·방향 확인 후 공격 표현에 연결","2026-10-03 원본 VFX 삭제 완료; 스킬은 미생성 보류 이력; 원본 에셋 위치는 삭제 전 이력 경로"
"화염 검기","보류(원본 삭제)","무기 부착 효과","불","NiagaraSystem","SlashTrail_SoftTofu","/Game/SlashTrail_SoftTofu/Niagara/Fire/NS_Sword_Fire","","무기 부착 소켓·방향 확인 후 공격 표현에 연결","2026-10-03 원본 VFX 삭제 완료; 스킬은 미생성 보류 이력; 원본 에셋 위치는 삭제 전 이력 경로"
"광자 검기","보류(원본 삭제)","무기 부착 효과","번개","NiagaraSystem","SlashTrail_SoftTofu","/Game/SlashTrail_SoftTofu/Niagara/Scifi/NS_Sword_Scifi","","무기 부착 소켓·방향 확인 후 공격 표현에 연결","2026-10-03 원본 VFX 삭제 완료; 스킬은 미생성 보류 이력; 원본 에셋 위치는 삭제 전 이력 경로"
"마력의 검흔 1","보류(원본 삭제)","무기 Trail","카오스","ParticleSystem","TrailPack","/Game/TrailPack/Particles/Cascade/Magic/Sword_Trail/P_TMagic","","무기 궤적·소켓 확인 후 공격 표현에 연결","2026-10-03 원본 VFX 삭제 완료; 스킬은 미생성 보류 이력; 원본 에셋 위치는 삭제 전 이력 경로"
"마력의 검흔 2","보류(원본 삭제)","무기 Trail","카오스","NiagaraSystem","TrailPack","/Game/TrailPack/Particles/Niagara/Magic/Trail/NS_MagicTrail","","무기 궤적·소켓 확인 후 공격 표현에 연결","2026-10-03 원본 VFX 삭제 완료; 스킬은 미생성 보류 이력; 원본 에셋 위치는 삭제 전 이력 경로"
"찬란한 검흔 1","보류(원본 삭제)","무기 Trail","불 + 냉기 + 번개","ParticleSystem","TrailPack","/Game/TrailPack/Particles/Cascade/RainbowFlare/Trail/P_Flare","","무기 궤적·소켓 확인 후 공격 표현에 연결","2026-10-03 원본 VFX 삭제 완료; 스킬은 미생성 보류 이력; 원본 에셋 위치는 삭제 전 이력 경로"
"은은한 검흔 1","보류(원본 삭제)","무기 Trail","불 + 냉기 + 번개","ParticleSystem","TrailPack","/Game/TrailPack/Particles/Cascade/RainbowFlare/Trail/P_FlareSoft","","무기 궤적·소켓 확인 후 공격 표현에 연결","2026-10-03 원본 VFX 삭제 완료; 스킬은 미생성 보류 이력; 원본 에셋 위치는 삭제 전 이력 경로"
"찬란한 검흔 2","보류(원본 삭제)","무기 Trail","불 + 냉기 + 번개","NiagaraSystem","TrailPack","/Game/TrailPack/Particles/Niagara/RainbowFlare/Trail/NS_Flare","","무기 궤적·소켓 확인 후 공격 표현에 연결","2026-10-03 원본 VFX 삭제 완료; 스킬은 미생성 보류 이력; 원본 에셋 위치는 삭제 전 이력 경로"
"은은한 검흔 2","보류(원본 삭제)","무기 Trail","불 + 냉기 + 번개","NiagaraSystem","TrailPack","/Game/TrailPack/Particles/Niagara/RainbowFlare/Trail/NS_FlareSoft","","무기 궤적·소켓 확인 후 공격 표현에 연결","2026-10-03 원본 VFX 삭제 완료; 스킬은 미생성 보류 이력; 원본 에셋 위치는 삭제 전 이력 경로"
"검흔 1","보류(원본 삭제)","무기 Trail","물리","NiagaraSystem","SwordTrailVFX","/Game/SwordTrailVFX/VFX/NS_Trail_01","","무기 궤적·소켓 확인 후 공격 표현에 연결","2026-10-03 원본 VFX 삭제 완료; 스킬은 미생성 보류 이력; 원본 에셋 위치는 삭제 전 이력 경로"
"검의 잔상","보류(원본 삭제)","무기 Trail","물리","NiagaraSystem","SwordTrailVFX","/Game/SwordTrailVFX/VFX/NS_Trail_02","","무기 궤적·소켓 확인 후 공격 표현에 연결","2026-10-03 원본 VFX 삭제 완료; 스킬은 미생성 보류 이력; 원본 에셋 위치는 삭제 전 이력 경로"
"검의 잔향","보류(원본 삭제)","무기 Trail","물리","NiagaraSystem","SwordTrailVFX","/Game/SwordTrailVFX/VFX/NS_Trail_03","","무기 궤적·소켓 확인 후 공격 표현에 연결","2026-10-03 원본 VFX 삭제 완료; 스킬은 미생성 보류 이력; 원본 에셋 위치는 삭제 전 이력 경로"
"칼날의 흔적","보류(원본 삭제)","무기 Trail","물리","NiagaraSystem","SwordTrailVFX","/Game/SwordTrailVFX/VFX/NS_Trail_04","","무기 궤적·소켓 확인 후 공격 표현에 연결","2026-10-03 원본 VFX 삭제 완료; 스킬은 미생성 보류 이력; 원본 에셋 위치는 삭제 전 이력 경로"
"칼날의 잔상","보류(원본 삭제)","무기 Trail","물리","NiagaraSystem","SwordTrailVFX","/Game/SwordTrailVFX/VFX/NS_Trail_05","","무기 궤적·소켓 확인 후 공격 표현에 연결","2026-10-03 원본 VFX 삭제 완료; 스킬은 미생성 보류 이력; 원본 에셋 위치는 삭제 전 이력 경로"
"칼날의 잔향","보류(원본 삭제)","무기 Trail","물리","NiagaraSystem","SwordTrailVFX","/Game/SwordTrailVFX/VFX/NS_Trail_06","","무기 궤적·소켓 확인 후 공격 표현에 연결","2026-10-03 원본 VFX 삭제 완료; 스킬은 미생성 보류 이력; 원본 에셋 위치는 삭제 전 이력 경로"
"베기의 흔적","보류(원본 삭제)","무기 Trail","물리","NiagaraSystem","SwordTrailVFX","/Game/SwordTrailVFX/VFX/NS_Trail_07","","무기 궤적·소켓 확인 후 공격 표현에 연결","2026-10-03 원본 VFX 삭제 완료; 스킬은 미생성 보류 이력; 원본 에셋 위치는 삭제 전 이력 경로"
"베기의 잔상","보류(원본 삭제)","무기 Trail","물리","NiagaraSystem","SwordTrailVFX","/Game/SwordTrailVFX/VFX/NS_Trail_08","","무기 궤적·소켓 확인 후 공격 표현에 연결","2026-10-03 원본 VFX 삭제 완료; 스킬은 미생성 보류 이력; 원본 에셋 위치는 삭제 전 이력 경로"
"베기의 잔향","보류(원본 삭제)","무기 Trail","물리","NiagaraSystem","SwordTrailVFX","/Game/SwordTrailVFX/VFX/NS_Trail_09","","무기 궤적·소켓 확인 후 공격 표현에 연결","2026-10-03 원본 VFX 삭제 완료; 스킬은 미생성 보류 이력; 원본 에셋 위치는 삭제 전 이력 경로"
"검무의 흔적","보류(원본 삭제)","무기 Trail","물리","NiagaraSystem","SwordTrailVFX","/Game/SwordTrailVFX/VFX/NS_Trail_10","","무기 궤적·소켓 확인 후 공격 표현에 연결","2026-10-03 원본 VFX 삭제 완료; 스킬은 미생성 보류 이력; 원본 에셋 위치는 삭제 전 이력 경로"
"검무의 잔상","보류(원본 삭제)","무기 Trail","물리","NiagaraSystem","SwordTrailVFX","/Game/SwordTrailVFX/VFX/NS_Trail_11","","무기 궤적·소켓 확인 후 공격 표현에 연결","2026-10-03 원본 VFX 삭제 완료; 스킬은 미생성 보류 이력; 원본 에셋 위치는 삭제 전 이력 경로"
"검무의 잔향","보류(원본 삭제)","무기 Trail","물리","NiagaraSystem","SwordTrailVFX","/Game/SwordTrailVFX/VFX/NS_Trail_12","","무기 궤적·소켓 확인 후 공격 표현에 연결","2026-10-03 원본 VFX 삭제 완료; 스킬은 미생성 보류 이력; 원본 에셋 위치는 삭제 전 이력 경로"
"검기의 흔적","보류(원본 삭제)","무기 Trail","물리","NiagaraSystem","SwordTrailVFX","/Game/SwordTrailVFX/VFX/NS_Trail_13","","무기 궤적·소켓 확인 후 공격 표현에 연결","2026-10-03 원본 VFX 삭제 완료; 스킬은 미생성 보류 이력; 원본 에셋 위치는 삭제 전 이력 경로"
"검기의 잔상","보류(원본 삭제)","무기 Trail","물리","NiagaraSystem","SwordTrailVFX","/Game/SwordTrailVFX/VFX/NS_Trail_14","","무기 궤적·소켓 확인 후 공격 표현에 연결","2026-10-03 원본 VFX 삭제 완료; 스킬은 미생성 보류 이력; 원본 에셋 위치는 삭제 전 이력 경로"
"검기의 잔향","보류(원본 삭제)","무기 Trail","물리","NiagaraSystem","SwordTrailVFX","/Game/SwordTrailVFX/VFX/NS_Trail_15","","무기 궤적·소켓 확인 후 공격 표현에 연결","2026-10-03 원본 VFX 삭제 완료; 스킬은 미생성 보류 이력; 원본 에셋 위치는 삭제 전 이력 경로"
"무인의 검흔","보류(원본 삭제)","무기 Trail","물리","NiagaraSystem","SwordTrailVFX","/Game/SwordTrailVFX/VFX/NS_Trail_16","","무기 궤적·소켓 확인 후 공격 표현에 연결","2026-10-03 원본 VFX 삭제 완료; 스킬은 미생성 보류 이력; 원본 에셋 위치는 삭제 전 이력 경로"
"검사의 잔상","보류(원본 삭제)","무기 Trail","물리","NiagaraSystem","SwordTrailVFX","/Game/SwordTrailVFX/VFX/NS_Trail_17","","무기 궤적·소켓 확인 후 공격 표현에 연결","2026-10-03 원본 VFX 삭제 완료; 스킬은 미생성 보류 이력; 원본 에셋 위치는 삭제 전 이력 경로"
"검객의 잔향","보류(원본 삭제)","무기 Trail","물리","NiagaraSystem","SwordTrailVFX","/Game/SwordTrailVFX/VFX/NS_Trail_18","","무기 궤적·소켓 확인 후 공격 표현에 연결","2026-10-03 원본 VFX 삭제 완료; 스킬은 미생성 보류 이력; 원본 에셋 위치는 삭제 전 이력 경로"
"아른거리는 검흔 1","보류(원본 삭제)","무기 Trail","물리","ParticleSystem","TrailPack","/Game/TrailPack/Particles/Cascade/Translucent_Wave/Trail/P_TranslucentWave01","","무기 궤적·소켓 확인 후 공격 표현에 연결","2026-10-03 원본 VFX 삭제 완료; 스킬은 미생성 보류 이력; 원본 에셋 위치는 삭제 전 이력 경로"
"희미한 검흔 1","보류(원본 삭제)","무기 Trail","물리","ParticleSystem","TrailPack","/Game/TrailPack/Particles/Cascade/Translucent_Wave/Trail/P_TranslucentWave02","","무기 궤적·소켓 확인 후 공격 표현에 연결","2026-10-03 원본 VFX 삭제 완료; 스킬은 미생성 보류 이력; 원본 에셋 위치는 삭제 전 이력 경로"
"아른거리는 검흔 2","보류(원본 삭제)","무기 Trail","물리","NiagaraSystem","TrailPack","/Game/TrailPack/Particles/Niagara/Translucent_Wave/Trail/NS_TranslucentWave01","","무기 궤적·소켓 확인 후 공격 표현에 연결","2026-10-03 원본 VFX 삭제 완료; 스킬은 미생성 보류 이력; 원본 에셋 위치는 삭제 전 이력 경로"
"희미한 검흔 2","보류(원본 삭제)","무기 Trail","물리","NiagaraSystem","TrailPack","/Game/TrailPack/Particles/Niagara/Translucent_Wave/Trail/NS_TranslucentWave02","","무기 궤적·소켓 확인 후 공격 표현에 연결","2026-10-03 원본 VFX 삭제 완료; 스킬은 미생성 보류 이력; 원본 에셋 위치는 삭제 전 이력 경로"
"침식의 검흔 1","보류(원본 삭제)","무기 Trail","카오스","ParticleSystem","TrailPack","/Game/TrailPack/Particles/Cascade/Corrosion/SwordTrail/P_Corrosion","","무기 궤적·소켓 확인 후 공격 표현에 연결","2026-10-03 원본 VFX 삭제 완료; 스킬은 미생성 보류 이력; 원본 에셋 위치는 삭제 전 이력 경로"
"침식의 검흔 2","보류(원본 삭제)","무기 Trail","카오스","NiagaraSystem","TrailPack","/Game/TrailPack/Particles/Niagara/Corrosion/Trail/NS_Corrosion","","무기 궤적·소켓 확인 후 공격 표현에 연결","2026-10-03 원본 VFX 삭제 완료; 스킬은 미생성 보류 이력; 원본 에셋 위치는 삭제 전 이력 경로"
"불사조의 검흔 1","보류(원본 삭제)","무기 Trail","불","ParticleSystem","TrailPack","/Game/TrailPack/Particles/Cascade/Phoenix/Trail/P_PhoenixTrail","","무기 궤적·소켓 확인 후 공격 표현에 연결","2026-10-03 원본 VFX 삭제 완료; 스킬은 미생성 보류 이력; 원본 에셋 위치는 삭제 전 이력 경로"
"질주의 흔적","보류(원본 삭제)","무기 Trail","물리","ParticleSystem","TrailPack","/Game/TrailPack/Particles/Cascade/Phoenix/Trail/P_SpeedLines","","무기 궤적·소켓 확인 후 공격 표현에 연결","2026-10-03 원본 VFX 삭제 완료; 스킬은 미생성 보류 이력; 원본 에셋 위치는 삭제 전 이력 경로"
"불사조의 검흔 2","보류(원본 삭제)","무기 Trail","불","NiagaraSystem","TrailPack","/Game/TrailPack/Particles/Niagara/Phoenix/Trail/NS_PhoenixTrail","","무기 궤적·소켓 확인 후 공격 표현에 연결","2026-10-03 원본 VFX 삭제 완료; 스킬은 미생성 보류 이력; 원본 에셋 위치는 삭제 전 이력 경로"
"질풍의 검흔 1","보류(원본 삭제)","무기 Trail","물리","ParticleSystem","TrailPack","/Game/TrailPack/Particles/Cascade/Speed/Sword_Trail/P_SpeedTrail","","무기 궤적·소켓 확인 후 공격 표현에 연결","2026-10-03 원본 VFX 삭제 완료; 스킬은 미생성 보류 이력; 원본 에셋 위치는 삭제 전 이력 경로"
"질풍 검흔의 잔광","보류(원본 삭제)","무기 Trail","물리","ParticleSystem","TrailPack","/Game/TrailPack/Particles/Cascade/Speed/Sword_Trail/P_SpeedTrail_Add","","무기 궤적·소켓 확인 후 공격 표현에 연결","2026-10-03 원본 VFX 삭제 완료; 스킬은 미생성 보류 이력; 원본 에셋 위치는 삭제 전 이력 경로"
"질풍의 검흔 2","보류(원본 삭제)","무기 Trail","물리","NiagaraSystem","TrailPack","/Game/TrailPack/Particles/Niagara/Speed/Trail/NS_SpeedTrail","","무기 궤적·소켓 확인 후 공격 표현에 연결","2026-10-03 원본 VFX 삭제 완료; 스킬은 미생성 보류 이력; 원본 에셋 위치는 삭제 전 이력 경로"
"어둠의 검흔 1","보류(원본 삭제)","무기 Trail","카오스","ParticleSystem","TrailPack","/Game/TrailPack/Particles/Cascade/Dark/Sword_Trail/P_DarkTrail","","무기 궤적·소켓 확인 후 공격 표현에 연결","2026-10-03 원본 VFX 삭제 완료; 스킬은 미생성 보류 이력; 원본 에셋 위치는 삭제 전 이력 경로"
"어둠의 검흔 2","보류(원본 삭제)","무기 Trail","카오스","NiagaraSystem","TrailPack","/Game/TrailPack/Particles/Niagara/Dark/Sword/NS_DarkTrail","","무기 궤적·소켓 확인 후 공격 표현에 연결","2026-10-03 원본 VFX 삭제 완료; 스킬은 미생성 보류 이력; 원본 에셋 위치는 삭제 전 이력 경로"
"영혼의 검흔 1","보류(원본 삭제)","무기 Trail","카오스","ParticleSystem","TrailPack","/Game/TrailPack/Particles/Cascade/Soul/Sword_Trail/P_SoulTwiTrail","","무기 궤적·소켓 확인 후 공격 표현에 연결","2026-10-03 원본 VFX 삭제 완료; 스킬은 미생성 보류 이력; 원본 에셋 위치는 삭제 전 이력 경로"
"영혼의 검흔 2","보류(원본 삭제)","무기 Trail","카오스","NiagaraSystem","TrailPack","/Game/TrailPack/Particles/Niagara/Soul/Trail/NS_SoulTwiTrail","","무기 궤적·소켓 확인 후 공격 표현에 연결","2026-10-03 원본 VFX 삭제 완료; 스킬은 미생성 보류 이력; 원본 에셋 위치는 삭제 전 이력 경로"
"원소의 검심","보류(원본 삭제)","무기 Trail","불 + 냉기 + 번개","ParticleSystem","TrailPack","/Game/TrailPack/Particles/Cascade/Elemental/Sword_Trail/P_Elemental_Inner","","무기 궤적·소켓 확인 후 공격 표현에 연결","2026-10-03 원본 VFX 삭제 완료; 스킬은 미생성 보류 이력; 원본 에셋 위치는 삭제 전 이력 경로"
"원소의 검흔 1","보류(원본 삭제)","무기 Trail","불 + 냉기 + 번개","ParticleSystem","TrailPack","/Game/TrailPack/Particles/Cascade/Elemental/Sword_Trail/P_Elemental_Main","","무기 궤적·소켓 확인 후 공격 표현에 연결","2026-10-03 원본 VFX 삭제 완료; 스킬은 미생성 보류 이력; 원본 에셋 위치는 삭제 전 이력 경로"
"원소 검흔의 잔향 1","보류(원본 삭제)","무기 Trail","불 + 냉기 + 번개","ParticleSystem","TrailPack","/Game/TrailPack/Particles/Cascade/Elemental/Sword_Trail/P_Elemental_Outer","","무기 궤적·소켓 확인 후 공격 표현에 연결","2026-10-03 원본 VFX 삭제 완료; 스킬은 미생성 보류 이력; 원본 에셋 위치는 삭제 전 이력 경로"
"원소의 검흔 2","보류(원본 삭제)","무기 Trail","불 + 냉기 + 번개","NiagaraSystem","TrailPack","/Game/TrailPack/Particles/Niagara/Elemental/Trail/NS_Elemental_Main","","무기 궤적·소켓 확인 후 공격 표현에 연결","2026-10-03 원본 VFX 삭제 완료; 스킬은 미생성 보류 이력; 원본 에셋 위치는 삭제 전 이력 경로"
"원소 검흔의 잔향 2","보류(원본 삭제)","무기 Trail","불 + 냉기 + 번개","NiagaraSystem","TrailPack","/Game/TrailPack/Particles/Niagara/Elemental/Trail/NS_Elemental_Outer","","무기 궤적·소켓 확인 후 공격 표현에 연결","2026-10-03 원본 VFX 삭제 완료; 스킬은 미생성 보류 이력; 원본 에셋 위치는 삭제 전 이력 경로"
"먹빛 잔영 1","보류(원본 삭제)","무기 Trail","카오스","ParticleSystem","TrailPack","/Game/TrailPack/Particles/Cascade/Ink/Sword_Trail/P_InkShadow","","무기 궤적·소켓 확인 후 공격 표현에 연결","2026-10-03 원본 VFX 삭제 완료; 스킬은 미생성 보류 이력; 원본 에셋 위치는 삭제 전 이력 경로"
"먹빛 검흔 1","보류(원본 삭제)","무기 Trail","카오스","ParticleSystem","TrailPack","/Game/TrailPack/Particles/Cascade/Ink/Sword_Trail/P_InkTrail","","무기 궤적·소켓 확인 후 공격 표현에 연결","2026-10-03 원본 VFX 삭제 완료; 스킬은 미생성 보류 이력; 원본 에셋 위치는 삭제 전 이력 경로"
"먹빛 잔영 2","보류(원본 삭제)","무기 Trail","카오스","NiagaraSystem","TrailPack","/Game/TrailPack/Particles/Niagara/Ink/Trail/NS_InkShadow","","무기 궤적·소켓 확인 후 공격 표현에 연결","2026-10-03 원본 VFX 삭제 완료; 스킬은 미생성 보류 이력; 원본 에셋 위치는 삭제 전 이력 경로"
"먹빛 검흔 2","보류(원본 삭제)","무기 Trail","카오스","NiagaraSystem","TrailPack","/Game/TrailPack/Particles/Niagara/Ink/Trail/NS_InkTrail","","무기 궤적·소켓 확인 후 공격 표현에 연결","2026-10-03 원본 VFX 삭제 완료; 스킬은 미생성 보류 이력; 원본 에셋 위치는 삭제 전 이력 경로"
"잔물결의 검흔","보류(원본 삭제)","무기 Trail","물리","ParticleSystem","TrailPack","/Game/TrailPack/Particles/Cascade/Wave/Sword_Trail/P_WaveSmallTrail","","무기 궤적·소켓 확인 후 공격 표현에 연결","2026-10-03 원본 VFX 삭제 완료; 스킬은 미생성 보류 이력; 원본 에셋 위치는 삭제 전 이력 경로"
"파동의 검흔 1","보류(원본 삭제)","무기 Trail","물리","ParticleSystem","TrailPack","/Game/TrailPack/Particles/Cascade/Wave/Sword_Trail/P_WaveTrail","","무기 궤적·소켓 확인 후 공격 표현에 연결","2026-10-03 원본 VFX 삭제 완료; 스킬은 미생성 보류 이력; 원본 에셋 위치는 삭제 전 이력 경로"
"파동의 검흔 2","보류(원본 삭제)","무기 Trail","물리","NiagaraSystem","TrailPack","/Game/TrailPack/Particles/Niagara/Wave/Trail/NS_WaveTrail","","무기 궤적·소켓 확인 후 공격 표현에 연결","2026-10-03 원본 VFX 삭제 완료; 스킬은 미생성 보류 이력; 원본 에셋 위치는 삭제 전 이력 경로"
"강격의 검흔 1","보류(원본 삭제)","무기 Trail","물리","ParticleSystem","TrailPack","/Game/TrailPack/Particles/Cascade/Strong/Sword_Trail/P_Strong","","무기 궤적·소켓 확인 후 공격 표현에 연결","2026-10-03 원본 VFX 삭제 완료; 스킬은 미생성 보류 이력; 원본 에셋 위치는 삭제 전 이력 경로"
"강격의 검흔 2","보류(원본 삭제)","무기 Trail","물리","NiagaraSystem","TrailPack","/Game/TrailPack/Particles/Niagara/Strong/Trail/NS_Strong","","무기 궤적·소켓 확인 후 공격 표현에 연결","2026-10-03 원본 VFX 삭제 완료; 스킬은 미생성 보류 이력; 원본 에셋 위치는 삭제 전 이력 경로"
"혼불의 검흔 1","보류(원본 삭제)","무기 Trail","카오스","ParticleSystem","TrailPack","/Game/TrailPack/Particles/Cascade/Whisp/Trail/M_Whisp01","","무기 궤적·소켓 확인 후 공격 표현에 연결","2026-10-03 원본 VFX 삭제 완료; 스킬은 미생성 보류 이력; 원본 에셋 위치는 삭제 전 이력 경로"
"혼불의 검흔 2","보류(원본 삭제)","무기 Trail","카오스","NiagaraSystem","TrailPack","/Game/TrailPack/Particles/Niagara/Whisp/Trail/NS_Whisp","","무기 궤적·소켓 확인 후 공격 표현에 연결","2026-10-03 원본 VFX 삭제 완료; 스킬은 미생성 보류 이력; 원본 에셋 위치는 삭제 전 이력 경로"
"마력의 검흔 3","보류(원본 삭제)","무기 Trail 연동","카오스","Blueprint","TrailPack","/Game/TrailPack/Particles/Niagara/Magic/BP_MagicAnimTrails","","원본 Blueprint의 실행 로직·부품 관계 미확인; 직접 실행하지 않음","2026-10-03 원본 VFX 삭제 완료; 스킬은 미생성 보류 이력; 원본 에셋 위치는 삭제 전 이력 경로"
"찬란한 검흔 3","보류(원본 삭제)","무기 Trail 연동","불 + 냉기 + 번개","Blueprint","TrailPack","/Game/TrailPack/Particles/Niagara/RainbowFlare/BP_RainbowAnimTrails","","원본 Blueprint의 실행 로직·부품 관계 미확인; 직접 실행하지 않음","2026-10-03 원본 VFX 삭제 완료; 스킬은 미생성 보류 이력; 원본 에셋 위치는 삭제 전 이력 경로"
"아른거리는 검흔 3","보류(원본 삭제)","무기 Trail 연동","물리","Blueprint","TrailPack","/Game/TrailPack/Particles/Niagara/Translucent_Wave/BP_Tran01AnimTrails","","원본 Blueprint의 실행 로직·부품 관계 미확인; 직접 실행하지 않음","2026-10-03 원본 VFX 삭제 완료; 스킬은 미생성 보류 이력; 원본 에셋 위치는 삭제 전 이력 경로"
"희미한 검흔 3","보류(원본 삭제)","무기 Trail 연동","물리","Blueprint","TrailPack","/Game/TrailPack/Particles/Niagara/Translucent_Wave/BP_Tran02AnimTrails","","원본 Blueprint의 실행 로직·부품 관계 미확인; 직접 실행하지 않음","2026-10-03 원본 VFX 삭제 완료; 스킬은 미생성 보류 이력; 원본 에셋 위치는 삭제 전 이력 경로"
"침식의 검흔 3","보류(원본 삭제)","무기 Trail 연동","카오스","Blueprint","TrailPack","/Game/TrailPack/Particles/Niagara/Corrosion/BP_CorrosionAnimTrails","","원본 Blueprint의 실행 로직·부품 관계 미확인; 직접 실행하지 않음","2026-10-03 원본 VFX 삭제 완료; 스킬은 미생성 보류 이력; 원본 에셋 위치는 삭제 전 이력 경로"
"불사조의 검흔 3","보류(원본 삭제)","무기 Trail 연동","불","Blueprint","TrailPack","/Game/TrailPack/Particles/Niagara/Phoenix/BP_PhoenixAnimTrails","","원본 Blueprint의 실행 로직·부품 관계 미확인; 직접 실행하지 않음","2026-10-03 원본 VFX 삭제 완료; 스킬은 미생성 보류 이력; 원본 에셋 위치는 삭제 전 이력 경로"
"질풍의 검흔 3","보류(원본 삭제)","무기 Trail 연동","물리","Blueprint","TrailPack","/Game/TrailPack/Particles/Niagara/Speed/BP_SpeedAnimTrails","","원본 Blueprint의 실행 로직·부품 관계 미확인; 직접 실행하지 않음","2026-10-03 원본 VFX 삭제 완료; 스킬은 미생성 보류 이력; 원본 에셋 위치는 삭제 전 이력 경로"
"어둠의 검흔 3","보류(원본 삭제)","무기 Trail 연동","카오스","Blueprint","TrailPack","/Game/TrailPack/Particles/Niagara/Dark/BP_DarkAnimTrails","","원본 Blueprint의 실행 로직·부품 관계 미확인; 직접 실행하지 않음","2026-10-03 원본 VFX 삭제 완료; 스킬은 미생성 보류 이력; 원본 에셋 위치는 삭제 전 이력 경로"
"영혼의 검흔 3","보류(원본 삭제)","무기 Trail 연동","카오스","Blueprint","TrailPack","/Game/TrailPack/Particles/Niagara/Soul/BP_SoulAnimTrails","","원본 Blueprint의 실행 로직·부품 관계 미확인; 직접 실행하지 않음","2026-10-03 원본 VFX 삭제 완료; 스킬은 미생성 보류 이력; 원본 에셋 위치는 삭제 전 이력 경로"
"원소의 검흔 3","보류(원본 삭제)","무기 Trail 연동","불 + 냉기 + 번개","Blueprint","TrailPack","/Game/TrailPack/Particles/Niagara/Elemental/BP_ElementalAnimTrails","","원본 Blueprint의 실행 로직·부품 관계 미확인; 직접 실행하지 않음","2026-10-03 원본 VFX 삭제 완료; 스킬은 미생성 보류 이력; 원본 에셋 위치는 삭제 전 이력 경로"
"먹빛 검흔 3","보류(원본 삭제)","무기 Trail 연동","카오스","Blueprint","TrailPack","/Game/TrailPack/Particles/Niagara/Ink/BP_InkAnimTrails","","원본 Blueprint의 실행 로직·부품 관계 미확인; 직접 실행하지 않음","2026-10-03 원본 VFX 삭제 완료; 스킬은 미생성 보류 이력; 원본 에셋 위치는 삭제 전 이력 경로"
"파동의 검흔 3","보류(원본 삭제)","무기 Trail 연동","물리","Blueprint","TrailPack","/Game/TrailPack/Particles/Niagara/Wave/BP_WaveAnimTrails","","원본 Blueprint의 실행 로직·부품 관계 미확인; 직접 실행하지 않음","2026-10-03 원본 VFX 삭제 완료; 스킬은 미생성 보류 이력; 원본 에셋 위치는 삭제 전 이력 경로"
"강격의 검흔 3","보류(원본 삭제)","무기 Trail 연동","물리","Blueprint","TrailPack","/Game/TrailPack/Particles/Niagara/Strong/BP_StrongAnimTrails","","원본 Blueprint의 실행 로직·부품 관계 미확인; 직접 실행하지 않음","2026-10-03 원본 VFX 삭제 완료; 스킬은 미생성 보류 이력; 원본 에셋 위치는 삭제 전 이력 경로"
"어둠의 검기 1","보류(원본 삭제)","손/무기 부착 효과","카오스","ParticleSystem","TrailPack","/Game/TrailPack/Particles/Cascade/Dark/Hand_Spark/P_DarkSword","","손·무기 부착 소켓 확인 후 연결","2026-10-03 원본 VFX 삭제 완료; 스킬은 미생성 보류 이력; 원본 에셋 위치는 삭제 전 이력 경로"
"어둠의 검기 2","보류(원본 삭제)","손/무기 부착 효과","카오스","NiagaraSystem","TrailPack","/Game/TrailPack/Particles/Niagara/Dark/Hand/NS_DarkSword","","손·무기 부착 소켓 확인 후 연결","2026-10-03 원본 VFX 삭제 완료; 스킬은 미생성 보류 이력; 원본 에셋 위치는 삭제 전 이력 경로"
"기운","보류(원본 삭제)","오라","물리","NiagaraSystem","SlashTrail_SoftTofu","/Game/SlashTrail_SoftTofu/Niagara/Basic/NS_AuraFX_Basic","","공격·지원 동작과 적용 대상이 불명확","2026-10-03 원본 VFX 삭제 완료; 스킬은 미생성 보류 이력; 원본 에셋 위치는 삭제 전 이력 경로"
"광휘 기운","보류(원본 삭제)","오라","번개","NiagaraSystem","SlashTrail_SoftTofu","/Game/SlashTrail_SoftTofu/Niagara/LightSaber/NS_AuraFX_Lightsaber","","공격·지원 동작과 적용 대상이 불명확","2026-10-03 원본 VFX 삭제 완료; 스킬은 미생성 보류 이력; 원본 에셋 위치는 삭제 전 이력 경로"
"문자 기운","보류(원본 삭제)","오라","카오스","NiagaraSystem","SlashTrail_SoftTofu","/Game/SlashTrail_SoftTofu/Niagara/Matrix/NS_AuraFX_Matrix","","공격·지원 동작과 적용 대상이 불명확","2026-10-03 원본 VFX 삭제 완료; 스킬은 미생성 보류 이력; 원본 에셋 위치는 삭제 전 이력 경로"
"모래 기운","보류(원본 삭제)","오라","물리","NiagaraSystem","SlashTrail_SoftTofu","/Game/SlashTrail_SoftTofu/Niagara/Sand/NS_AuraFX_Sand","","공격·지원 동작과 적용 대상이 불명확","2026-10-03 원본 VFX 삭제 완료; 스킬은 미생성 보류 이력; 원본 에셋 위치는 삭제 전 이력 경로"
"물결 기운","보류(원본 삭제)","오라","냉기","NiagaraSystem","SlashTrail_SoftTofu","/Game/SlashTrail_SoftTofu/Niagara/Water/NS_AuraFX_Water","","공격·지원 동작과 적용 대상이 불명확","2026-10-03 원본 VFX 삭제 완료; 스킬은 미생성 보류 이력; 원본 에셋 위치는 삭제 전 이력 경로"
"바람 기운","보류(원본 삭제)","오라","물리","NiagaraSystem","SlashTrail_SoftTofu","/Game/SlashTrail_SoftTofu/Niagara/Wind/NS_AuraFX_Wind","","공격·지원 동작과 적용 대상이 불명확","2026-10-03 원본 VFX 삭제 완료; 스킬은 미생성 보류 이력; 원본 에셋 위치는 삭제 전 이력 경로"
"뇌전 기운","보류(원본 삭제)","오라","번개","NiagaraSystem","SlashTrail_SoftTofu","/Game/SlashTrail_SoftTofu/Niagara/Lightning/NS_AuraFX_Lightning","","공격·지원 동작과 적용 대상이 불명확","2026-10-03 원본 VFX 삭제 완료; 스킬은 미생성 보류 이력; 원본 에셋 위치는 삭제 전 이력 경로"
"전광 기운","보류(원본 삭제)","오라","번개","NiagaraSystem","SlashTrail_SoftTofu","/Game/SlashTrail_SoftTofu/Niagara/Cyberpunk/NS_AuraFX_CyberPunk","","공격·지원 동작과 적용 대상이 불명확","2026-10-03 원본 VFX 삭제 완료; 스킬은 미생성 보류 이력; 원본 에셋 위치는 삭제 전 이력 경로"
"신비 기운","보류(원본 삭제)","오라","카오스","NiagaraSystem","SlashTrail_SoftTofu","/Game/SlashTrail_SoftTofu/Niagara/Mystic/NS_AuraFX_Mystic","","공격·지원 동작과 적용 대상이 불명확","2026-10-03 원본 VFX 삭제 완료; 스킬은 미생성 보류 이력; 원본 에셋 위치는 삭제 전 이력 경로"
"어둠 기운","보류(원본 삭제)","오라","카오스","NiagaraSystem","SlashTrail_SoftTofu","/Game/SlashTrail_SoftTofu/Niagara/Dark/NS_AuraFX_Dark","","공격·지원 동작과 적용 대상이 불명확","2026-10-03 원본 VFX 삭제 완료; 스킬은 미생성 보류 이력; 원본 에셋 위치는 삭제 전 이력 경로"
"서리 기운","보류(원본 삭제)","오라","냉기","NiagaraSystem","SlashTrail_SoftTofu","/Game/SlashTrail_SoftTofu/Niagara/Ice/NS_AuraFX_Ice","","공격·지원 동작과 적용 대상이 불명확","2026-10-03 원본 VFX 삭제 완료; 스킬은 미생성 보류 이력; 원본 에셋 위치는 삭제 전 이력 경로"
"영혼의 기운 1","보류(원본 삭제)","오라","카오스","ParticleSystem","TrailPack","/Game/TrailPack/Particles/Cascade/Soul/Aura/P_SoulAura","","공격·지원 동작과 적용 대상이 불명확","2026-10-03 원본 VFX 삭제 완료; 스킬은 미생성 보류 이력; 원본 에셋 위치는 삭제 전 이력 경로"
"영혼의 기운 2","보류(원본 삭제)","오라","카오스","NiagaraSystem","TrailPack","/Game/TrailPack/Particles/Niagara/Soul/Hit/NS_SoulAura","","공격·지원 동작과 적용 대상이 불명확","2026-10-03 원본 VFX 삭제 완료; 스킬은 미생성 보류 이력; 원본 에셋 위치는 삭제 전 이력 경로"
"왜곡 기운","보류(원본 삭제)","오라","카오스","NiagaraSystem","SlashTrail_SoftTofu","/Game/SlashTrail_SoftTofu/Niagara/Distortion_Only/NS_AuraFX_Distortion","","공격·지원 동작과 적용 대상이 불명확","2026-10-03 원본 VFX 삭제 완료; 스킬은 미생성 보류 이력; 원본 에셋 위치는 삭제 전 이력 경로"
"선율 기운","보류(원본 삭제)","오라","물리","NiagaraSystem","SlashTrail_SoftTofu","/Game/SlashTrail_SoftTofu/Niagara/Music/NS_AuraFX_Music","","공격·지원 동작과 적용 대상이 불명확","2026-10-03 원본 VFX 삭제 완료; 스킬은 미생성 보류 이력; 원본 에셋 위치는 삭제 전 이력 경로"
"숲 기운","보류(원본 삭제)","오라","물리","NiagaraSystem","SlashTrail_SoftTofu","/Game/SlashTrail_SoftTofu/Niagara/Nature/NS_AuraFX_Nature","","공격·지원 동작과 적용 대상이 불명확","2026-10-03 원본 VFX 삭제 완료; 스킬은 미생성 보류 이력; 원본 에셋 위치는 삭제 전 이력 경로"
"화염 기운","보류(원본 삭제)","오라","불","NiagaraSystem","SlashTrail_SoftTofu","/Game/SlashTrail_SoftTofu/Niagara/Fire/NS_AuraFX_Fire","","공격·지원 동작과 적용 대상이 불명확","2026-10-03 원본 VFX 삭제 완료; 스킬은 미생성 보류 이력; 원본 에셋 위치는 삭제 전 이력 경로"
"광자 기운","보류(원본 삭제)","오라","번개","NiagaraSystem","SlashTrail_SoftTofu","/Game/SlashTrail_SoftTofu/Niagara/Scifi/NS_AuraFX_Scifi","","공격·지원 동작과 적용 대상이 불명확","2026-10-03 원본 VFX 삭제 완료; 스킬은 미생성 보류 이력; 원본 에셋 위치는 삭제 전 이력 경로"
"대지 강타 1","삭제 완료","지면 공격","물리","ParticleSystem","RPGEffects","/Game/RPGEffects/Particles/P_Warrior_Earth_Slam","/Game/User_JeHoon/Blueprint/DataAsset/Skills/BPDA_P_Warrior_Earth_Slam","VFX와 함께 생성되는 충돌 영역으로 여러 적을 각각 1회 타격","2026-10-03 스킬·원본 VFX 삭제 완료; 스킬 BPDA/원본 에셋 위치는 삭제 전 이력 경로; 초기값: 위력 50/AP 1. 실제 재생·작동 미확인; VFX 크기·회전·충돌 범위 조정 필요"
"대지의 균열 1","삭제 완료","지면 공격","물리","ParticleSystem","RPGEffects","/Game/RPGEffects/Particles/P_Warrior_EarthCrack","/Game/User_JeHoon/Blueprint/DataAsset/Skills/BPDA_P_Warrior_EarthCrack","VFX와 함께 생성되는 충돌 영역으로 여러 적을 각각 1회 타격","2026-10-03 스킬·원본 VFX 삭제 완료; 스킬 BPDA/원본 에셋 위치는 삭제 전 이력 경로; 초기값: 위력 50/AP 1. 실제 재생·작동 미확인; VFX 크기·회전·충돌 범위 조정 필요"
"대지의 균열 2","삭제 완료","지면 공격","물리","NiagaraSystem","RPGEffects","/Game/RPGEffects/ParticlesNiagara/Warrior/EarthCrack/NS_Warrior_EarthCrack","/Game/User_JeHoon/Blueprint/DataAsset/Skills/BPDA_NS_Warrior_EarthCrack","VFX와 함께 생성되는 충돌 영역으로 여러 적을 각각 1회 타격","2026-10-03 스킬·원본 VFX 삭제 완료; 스킬 BPDA/원본 에셋 위치는 삭제 전 이력 경로; 초기값: 위력 50/AP 1. 실제 재생·작동 미확인; VFX 크기·회전·충돌 범위 조정 필요"
"대지 강타 2","삭제 완료","지면 공격","물리","NiagaraSystem","RPGEffects","/Game/RPGEffects/ParticlesNiagara/Warrior/EarthSlam/NS_Warrior_EarthSlam","/Game/User_JeHoon/Blueprint/DataAsset/Skills/BPDA_NS_Warrior_EarthSlam","VFX와 함께 생성되는 충돌 영역으로 여러 적을 각각 1회 타격","2026-10-03 스킬·원본 VFX 삭제 완료; 스킬 BPDA/원본 에셋 위치는 삭제 전 이력 경로; 초기값: 위력 50/AP 1. 실제 재생·작동 미확인; VFX 크기·회전·충돌 범위 조정 필요"
"지면의 발톱 자국","삭제 완료","지면 Slash","물리","NiagaraSystem","Hack_And_Slash_FX","/Game/Hack_And_Slash_FX/VFX_Niagara/Slashes/NS_Claws_Floor","/Game/User_JeHoon/Blueprint/DataAsset/Skills/BPDA_NS_Claws_Floor","VFX와 함께 생성되는 충돌 영역으로 여러 적을 각각 1회 타격","2026-10-03 스킬·원본 VFX 삭제 완료; 스킬 BPDA/원본 에셋 위치는 삭제 전 이력 경로; 초기값: 위력 50/AP 1. 실제 재생·작동 미확인; VFX 크기·회전·충돌 범위 조정 필요"
"격돌","보류(원본 삭제)","피격","물리","NiagaraSystem","SlashTrail_SoftTofu","/Game/SlashTrail_SoftTofu/Niagara/Basic/NS_Hit_Basic","","공격 본체가 아닌 피격 연결용; 대응 공격 확인 필요","2026-10-03 원본 VFX 삭제 완료; 스킬은 미생성 보류 이력; 원본 에셋 위치는 삭제 전 이력 경로"
"순간의 격돌","보류(원본 삭제)","피격","물리","NiagaraSystem","SlashTrail_SoftTofu","/Game/SlashTrail_SoftTofu/Niagara/Basic/NS_Hit_Basic_Once","","공격 본체가 아닌 피격 연결용; 대응 공격 확인 필요","2026-10-03 원본 VFX 삭제 완료; 스킬은 미생성 보류 이력; 원본 에셋 위치는 삭제 전 이력 경로"
"광휘 격돌","보류(원본 삭제)","피격","번개","NiagaraSystem","SlashTrail_SoftTofu","/Game/SlashTrail_SoftTofu/Niagara/LightSaber/NS_Hit_LightSaber","","공격 본체가 아닌 피격 연결용; 대응 공격 확인 필요","2026-10-03 원본 VFX 삭제 완료; 스킬은 미생성 보류 이력; 원본 에셋 위치는 삭제 전 이력 경로"
"순간의 광휘 격돌","보류(원본 삭제)","피격","번개","NiagaraSystem","SlashTrail_SoftTofu","/Game/SlashTrail_SoftTofu/Niagara/LightSaber/NS_Hit_LightSaber_Once","","공격 본체가 아닌 피격 연결용; 대응 공격 확인 필요","2026-10-03 원본 VFX 삭제 완료; 스킬은 미생성 보류 이력; 원본 에셋 위치는 삭제 전 이력 경로"
"마력의 종결타","보류(원본 삭제)","피격","카오스","ParticleSystem","TrailPack","/Game/TrailPack/Particles/Cascade/Magic/Hit/P_MagicHitFinisher","","공격 본체가 아닌 피격 연결용; 대응 공격 확인 필요","2026-10-03 원본 VFX 삭제 완료; 스킬은 미생성 보류 이력; 원본 에셋 위치는 삭제 전 이력 경로"
"마력의 타격","보류(원본 삭제)","피격","카오스","ParticleSystem","TrailPack","/Game/TrailPack/Particles/Cascade/Magic/Hit/P_MagicHitSoft","","공격 본체가 아닌 피격 연결용; 대응 공격 확인 필요","2026-10-03 원본 VFX 삭제 완료; 스킬은 미생성 보류 이력; 원본 에셋 위치는 삭제 전 이력 경로"
"문자 격돌","보류(원본 삭제)","피격","카오스","NiagaraSystem","SlashTrail_SoftTofu","/Game/SlashTrail_SoftTofu/Niagara/Matrix/NS_Hit_Matrix","","공격 본체가 아닌 피격 연결용; 대응 공격 확인 필요","2026-10-03 원본 VFX 삭제 완료; 스킬은 미생성 보류 이력; 원본 에셋 위치는 삭제 전 이력 경로"
"순간의 문자 격돌","보류(원본 삭제)","피격","카오스","NiagaraSystem","SlashTrail_SoftTofu","/Game/SlashTrail_SoftTofu/Niagara/Matrix/NS_Hit_Matrix_Once","","공격 본체가 아닌 피격 연결용; 대응 공격 확인 필요","2026-10-03 원본 VFX 삭제 완료; 스킬은 미생성 보류 이력; 원본 에셋 위치는 삭제 전 이력 경로"
"모래 격돌","보류(원본 삭제)","피격","물리","NiagaraSystem","SlashTrail_SoftTofu","/Game/SlashTrail_SoftTofu/Niagara/Sand/NS_Hit_Sand","","공격 본체가 아닌 피격 연결용; 대응 공격 확인 필요","2026-10-03 원본 VFX 삭제 완료; 스킬은 미생성 보류 이력; 원본 에셋 위치는 삭제 전 이력 경로"
"순간의 모래 격돌","보류(원본 삭제)","피격","물리","NiagaraSystem","SlashTrail_SoftTofu","/Game/SlashTrail_SoftTofu/Niagara/Sand/NS_Hit_Sand_Once","","공격 본체가 아닌 피격 연결용; 대응 공격 확인 필요","2026-10-03 원본 VFX 삭제 완료; 스킬은 미생성 보류 이력; 원본 에셋 위치는 삭제 전 이력 경로"
"물결 격돌","보류(원본 삭제)","피격","냉기","NiagaraSystem","SlashTrail_SoftTofu","/Game/SlashTrail_SoftTofu/Niagara/Water/NS_Hit_water","","공격 본체가 아닌 피격 연결용; 대응 공격 확인 필요","2026-10-03 원본 VFX 삭제 완료; 스킬은 미생성 보류 이력; 원본 에셋 위치는 삭제 전 이력 경로"
"순간의 물결 격돌","보류(원본 삭제)","피격","냉기","NiagaraSystem","SlashTrail_SoftTofu","/Game/SlashTrail_SoftTofu/Niagara/Water/NS_Hit_water_Once","","공격 본체가 아닌 피격 연결용; 대응 공격 확인 필요","2026-10-03 원본 VFX 삭제 완료; 스킬은 미생성 보류 이력; 원본 에셋 위치는 삭제 전 이력 경로"
"발톱의 격돌","보류(원본 삭제)","피격","물리","NiagaraSystem","Hack_And_Slash_FX","/Game/Hack_And_Slash_FX/VFX_Niagara/Impacts/NS_Claws_Impact","","공격 본체가 아닌 피격 연결용; 대응 공격 확인 필요","2026-10-03 원본 VFX 삭제 완료; 스킬은 미생성 보류 이력; 원본 에셋 위치는 삭제 전 이력 경로"
"연격의 충돌 1","보류(원본 삭제)","피격","물리","ParticleSystem","RPGEffects","/Game/RPGEffects/Particles/P_Warrior_ChainHit","","공격 본체가 아닌 피격 연결용; 대응 공격 확인 필요","2026-10-03 원본 VFX 삭제 완료; 스킬은 미생성 보류 이력; 원본 에셋 위치는 삭제 전 이력 경로"
"강타의 충격 1","보류(원본 삭제)","피격","물리","ParticleSystem","RPGEffects","/Game/RPGEffects/Particles/P_Warrior_HeavyImpact","","공격 본체가 아닌 피격 연결용; 대응 공격 확인 필요","2026-10-03 원본 VFX 삭제 완료; 스킬은 미생성 보류 이력; 원본 에셋 위치는 삭제 전 이력 경로"
"연격의 충돌 2","보류(원본 삭제)","피격","물리","NiagaraSystem","RPGEffects","/Game/RPGEffects/ParticlesNiagara/Warrior/ChainHit/NS_Warrior_ChainHit","","공격 본체가 아닌 피격 연결용; 대응 공격 확인 필요","2026-10-03 원본 VFX 삭제 완료; 스킬은 미생성 보류 이력; 원본 에셋 위치는 삭제 전 이력 경로"
"강타의 충격 2","보류(원본 삭제)","피격","물리","NiagaraSystem","RPGEffects","/Game/RPGEffects/ParticlesNiagara/Warrior/HeavyImpact/NS_Warrior_HeavyImpact","","공격 본체가 아닌 피격 연결용; 대응 공격 확인 필요","2026-10-03 원본 VFX 삭제 완료; 스킬은 미생성 보류 이력; 원본 에셋 위치는 삭제 전 이력 경로"
"바람 격돌","보류(원본 삭제)","피격","물리","NiagaraSystem","SlashTrail_SoftTofu","/Game/SlashTrail_SoftTofu/Niagara/Wind/NS_Hit_Wind","","공격 본체가 아닌 피격 연결용; 대응 공격 확인 필요","2026-10-03 원본 VFX 삭제 완료; 스킬은 미생성 보류 이력; 원본 에셋 위치는 삭제 전 이력 경로"
"순간의 바람 격돌","보류(원본 삭제)","피격","물리","NiagaraSystem","SlashTrail_SoftTofu","/Game/SlashTrail_SoftTofu/Niagara/Wind/NS_Hit_Wind_Once","","공격 본체가 아닌 피격 연결용; 대응 공격 확인 필요","2026-10-03 원본 VFX 삭제 완료; 스킬은 미생성 보류 이력; 원본 에셋 위치는 삭제 전 이력 경로"
"뇌전 베기의 격돌","보류(원본 삭제)","피격","번개","NiagaraSystem","Hack_And_Slash_FX","/Game/Hack_And_Slash_FX/VFX_Niagara/Impacts/NS_Lightning_Slash_Impact","","공격 본체가 아닌 피격 연결용; 대응 공격 확인 필요","2026-10-03 원본 VFX 삭제 완료; 스킬은 미생성 보류 이력; 원본 에셋 위치는 삭제 전 이력 경로"
"뇌전 격돌","보류(원본 삭제)","피격","번개","NiagaraSystem","SlashTrail_SoftTofu","/Game/SlashTrail_SoftTofu/Niagara/Lightning/NS_Hit_Lightning","","공격 본체가 아닌 피격 연결용; 대응 공격 확인 필요","2026-10-03 원본 VFX 삭제 완료; 스킬은 미생성 보류 이력; 원본 에셋 위치는 삭제 전 이력 경로"
"순간의 뇌전 격돌","보류(원본 삭제)","피격","번개","NiagaraSystem","SlashTrail_SoftTofu","/Game/SlashTrail_SoftTofu/Niagara/Lightning/NS_Hit_Lightning_once","","공격 본체가 아닌 피격 연결용; 대응 공격 확인 필요","2026-10-03 원본 VFX 삭제 완료; 스킬은 미생성 보류 이력; 원본 에셋 위치는 삭제 전 이력 경로"
"벚꽃 베기의 격돌","보류(원본 삭제)","피격","물리","NiagaraSystem","Hack_And_Slash_FX","/Game/Hack_And_Slash_FX/VFX_Niagara/Impacts/NS_Sakura_Slash_Impact","","공격 본체가 아닌 피격 연결용; 대응 공격 확인 필요","2026-10-03 원본 VFX 삭제 완료; 스킬은 미생성 보류 이력; 원본 에셋 위치는 삭제 전 이력 경로"
"전광 베기의 격돌","보류(원본 삭제)","피격","번개","NiagaraSystem","Hack_And_Slash_FX","/Game/Hack_And_Slash_FX/VFX_Niagara/Impacts/NS_Cyber_Slash_Impact","","공격 본체가 아닌 피격 연결용; 대응 공격 확인 필요","2026-10-03 원본 VFX 삭제 완료; 스킬은 미생성 보류 이력; 원본 에셋 위치는 삭제 전 이력 경로"
"전광 격돌","보류(원본 삭제)","피격","번개","NiagaraSystem","SlashTrail_SoftTofu","/Game/SlashTrail_SoftTofu/Niagara/Cyberpunk/NS_Hit_CyberPunk","","공격 본체가 아닌 피격 연결용; 대응 공격 확인 필요","2026-10-03 원본 VFX 삭제 완료; 스킬은 미생성 보류 이력; 원본 에셋 위치는 삭제 전 이력 경로"
"순간의 전광 격돌","보류(원본 삭제)","피격","번개","NiagaraSystem","SlashTrail_SoftTofu","/Game/SlashTrail_SoftTofu/Niagara/Cyberpunk/NS_Hit_CyberPunk_Once","","공격 본체가 아닌 피격 연결용; 대응 공격 확인 필요","2026-10-03 원본 VFX 삭제 완료; 스킬은 미생성 보류 이력; 원본 에셋 위치는 삭제 전 이력 경로"
"질풍 타격 1","보류(원본 삭제)","피격","물리","ParticleSystem","TrailPack","/Game/TrailPack/Particles/Cascade/Speed/Hit/P_SpeedHit","","공격 본체가 아닌 피격 연결용; 대응 공격 확인 필요","2026-10-03 원본 VFX 삭제 완료; 스킬은 미생성 보류 이력; 원본 에셋 위치는 삭제 전 이력 경로"
"질풍 타격 2","보류(원본 삭제)","피격","물리","NiagaraSystem","TrailPack","/Game/TrailPack/Particles/Niagara/Speed/Hit/NS_SpeedHit","","공격 본체가 아닌 피격 연결용; 대응 공격 확인 필요","2026-10-03 원본 VFX 삭제 완료; 스킬은 미생성 보류 이력; 원본 에셋 위치는 삭제 전 이력 경로"
"신비 격돌","보류(원본 삭제)","피격","카오스","NiagaraSystem","SlashTrail_SoftTofu","/Game/SlashTrail_SoftTofu/Niagara/Mystic/NS_Hit_Mystic","","공격 본체가 아닌 피격 연결용; 대응 공격 확인 필요","2026-10-03 원본 VFX 삭제 완료; 스킬은 미생성 보류 이력; 원본 에셋 위치는 삭제 전 이력 경로"
"순간의 신비 격돌","보류(원본 삭제)","피격","카오스","NiagaraSystem","SlashTrail_SoftTofu","/Game/SlashTrail_SoftTofu/Niagara/Mystic/NS_Hit_Mystic_Once","","공격 본체가 아닌 피격 연결용; 대응 공격 확인 필요","2026-10-03 원본 VFX 삭제 완료; 스킬은 미생성 보류 이력; 원본 에셋 위치는 삭제 전 이력 경로"
"성광 베기의 격돌","보류(원본 삭제)","피격","번개","NiagaraSystem","Hack_And_Slash_FX","/Game/Hack_And_Slash_FX/VFX_Niagara/Impacts/NS_Holy_Slash_Impact","","공격 본체가 아닌 피격 연결용; 대응 공격 확인 필요","2026-10-03 원본 VFX 삭제 완료; 스킬은 미생성 보류 이력; 원본 에셋 위치는 삭제 전 이력 경로"
"마성 베기의 격돌","보류(원본 삭제)","피격","카오스","NiagaraSystem","Hack_And_Slash_FX","/Game/Hack_And_Slash_FX/VFX_Niagara/Impacts/NS_Demon_Slash_Impact","","공격 본체가 아닌 피격 연결용; 대응 공격 확인 필요","2026-10-03 원본 VFX 삭제 완료; 스킬은 미생성 보류 이력; 원본 에셋 위치는 삭제 전 이력 경로"
"어둠 격돌","보류(원본 삭제)","피격","카오스","NiagaraSystem","SlashTrail_SoftTofu","/Game/SlashTrail_SoftTofu/Niagara/Dark/NS_Hit_Dark","","공격 본체가 아닌 피격 연결용; 대응 공격 확인 필요","2026-10-03 원본 VFX 삭제 완료; 스킬은 미생성 보류 이력; 원본 에셋 위치는 삭제 전 이력 경로"
"순간의 어둠 격돌","보류(원본 삭제)","피격","카오스","NiagaraSystem","SlashTrail_SoftTofu","/Game/SlashTrail_SoftTofu/Niagara/Dark/NS_Hit_Dark_Once","","공격 본체가 아닌 피격 연결용; 대응 공격 확인 필요","2026-10-03 원본 VFX 삭제 완료; 스킬은 미생성 보류 이력; 원본 에셋 위치는 삭제 전 이력 경로"
"서리 격돌","보류(원본 삭제)","피격","냉기","NiagaraSystem","SlashTrail_SoftTofu","/Game/SlashTrail_SoftTofu/Niagara/Ice/NS_Hit_Ice","","공격 본체가 아닌 피격 연결용; 대응 공격 확인 필요","2026-10-03 원본 VFX 삭제 완료; 스킬은 미생성 보류 이력; 원본 에셋 위치는 삭제 전 이력 경로"
"순간의 서리 격돌","보류(원본 삭제)","피격","냉기","NiagaraSystem","SlashTrail_SoftTofu","/Game/SlashTrail_SoftTofu/Niagara/Ice/NS_Hit_Ice_Once","","공격 본체가 아닌 피격 연결용; 대응 공격 확인 필요","2026-10-03 원본 VFX 삭제 완료; 스킬은 미생성 보류 이력; 원본 에셋 위치는 삭제 전 이력 경로"
"왜곡 격돌","보류(원본 삭제)","피격","카오스","NiagaraSystem","SlashTrail_SoftTofu","/Game/SlashTrail_SoftTofu/Niagara/Distortion_Only/NS_Hit_Distortion","","공격 본체가 아닌 피격 연결용; 대응 공격 확인 필요","2026-10-03 원본 VFX 삭제 완료; 스킬은 미생성 보류 이력; 원본 에셋 위치는 삭제 전 이력 경로"
"순간의 왜곡 격돌","보류(원본 삭제)","피격","카오스","NiagaraSystem","SlashTrail_SoftTofu","/Game/SlashTrail_SoftTofu/Niagara/Distortion_Only/NS_Hit_Distortion_Once","","공격 본체가 아닌 피격 연결용; 대응 공격 확인 필요","2026-10-03 원본 VFX 삭제 완료; 스킬은 미생성 보류 이력; 원본 에셋 위치는 삭제 전 이력 경로"
"선율 격돌","보류(원본 삭제)","피격","물리","NiagaraSystem","SlashTrail_SoftTofu","/Game/SlashTrail_SoftTofu/Niagara/Music/NS_Hit_Music","","공격 본체가 아닌 피격 연결용; 대응 공격 확인 필요","2026-10-03 원본 VFX 삭제 완료; 스킬은 미생성 보류 이력; 원본 에셋 위치는 삭제 전 이력 경로"
"순간의 선율 격돌","보류(원본 삭제)","피격","물리","NiagaraSystem","SlashTrail_SoftTofu","/Game/SlashTrail_SoftTofu/Niagara/Music/NS_Hit_Music_Once","","공격 본체가 아닌 피격 연결용; 대응 공격 확인 필요","2026-10-03 원본 VFX 삭제 완료; 스킬은 미생성 보류 이력; 원본 에셋 위치는 삭제 전 이력 경로"
"자연 참격의 격돌","보류(원본 삭제)","피격","물리","NiagaraSystem","Hack_And_Slash_FX","/Game/Hack_And_Slash_FX/VFX_Niagara/Impacts/NS_Nature_Slash_Impact","","공격 본체가 아닌 피격 연결용; 대응 공격 확인 필요","2026-10-03 원본 VFX 삭제 완료; 스킬은 미생성 보류 이력; 원본 에셋 위치는 삭제 전 이력 경로"
"숲 격돌","보류(원본 삭제)","피격","물리","NiagaraSystem","SlashTrail_SoftTofu","/Game/SlashTrail_SoftTofu/Niagara/Nature/NS_Hit_Nature","","공격 본체가 아닌 피격 연결용; 대응 공격 확인 필요","2026-10-03 원본 VFX 삭제 완료; 스킬은 미생성 보류 이력; 원본 에셋 위치는 삭제 전 이력 경로"
"순간의 숲 격돌","보류(원본 삭제)","피격","물리","NiagaraSystem","SlashTrail_SoftTofu","/Game/SlashTrail_SoftTofu/Niagara/Nature/NS_Hit_Nature_Once","","공격 본체가 아닌 피격 연결용; 대응 공격 확인 필요","2026-10-03 원본 VFX 삭제 완료; 스킬은 미생성 보류 이력; 원본 에셋 위치는 삭제 전 이력 경로"
"저주 베기의 격돌","보류(원본 삭제)","피격","카오스","NiagaraSystem","Hack_And_Slash_FX","/Game/Hack_And_Slash_FX/VFX_Niagara/Impacts/NS_Curse_Slash_Impact","","공격 본체가 아닌 피격 연결용; 대응 공격 확인 필요","2026-10-03 원본 VFX 삭제 완료; 스킬은 미생성 보류 이력; 원본 에셋 위치는 삭제 전 이력 경로"
"화염 베기의 격돌","보류(원본 삭제)","피격","불","NiagaraSystem","Hack_And_Slash_FX","/Game/Hack_And_Slash_FX/VFX_Niagara/Impacts/NS_Fire_Slash_Impact","","공격 본체가 아닌 피격 연결용; 대응 공격 확인 필요","2026-10-03 원본 VFX 삭제 완료; 스킬은 미생성 보류 이력; 원본 에셋 위치는 삭제 전 이력 경로"
"화염 격돌","보류(원본 삭제)","피격","불","NiagaraSystem","SlashTrail_SoftTofu","/Game/SlashTrail_SoftTofu/Niagara/Fire/NS_Hit_Fire","","공격 본체가 아닌 피격 연결용; 대응 공격 확인 필요","2026-10-03 원본 VFX 삭제 완료; 스킬은 미생성 보류 이력; 원본 에셋 위치는 삭제 전 이력 경로"
"순간의 화염 격돌","보류(원본 삭제)","피격","불","NiagaraSystem","SlashTrail_SoftTofu","/Game/SlashTrail_SoftTofu/Niagara/Fire/NS_Hit_Fire_Once","","공격 본체가 아닌 피격 연결용; 대응 공격 확인 필요","2026-10-03 원본 VFX 삭제 완료; 스킬은 미생성 보류 이력; 원본 에셋 위치는 삭제 전 이력 경로"
"위엄 참격의 격돌","보류(원본 삭제)","피격","물리","NiagaraSystem","Hack_And_Slash_FX","/Game/Hack_And_Slash_FX/VFX_Niagara/Impacts/NS_Prestige_Slash_Impact","","공격 본체가 아닌 피격 연결용; 대응 공격 확인 필요","2026-10-03 원본 VFX 삭제 완료; 스킬은 미생성 보류 이력; 원본 에셋 위치는 삭제 전 이력 경로"
"광자 격돌","보류(원본 삭제)","피격","번개","NiagaraSystem","SlashTrail_SoftTofu","/Game/SlashTrail_SoftTofu/Niagara/Scifi/NS_Hit_Scifi","","공격 본체가 아닌 피격 연결용; 대응 공격 확인 필요","2026-10-03 원본 VFX 삭제 완료; 스킬은 미생성 보류 이력; 원본 에셋 위치는 삭제 전 이력 경로"
"순간의 광자 격돌","보류(원본 삭제)","피격","번개","NiagaraSystem","SlashTrail_SoftTofu","/Game/SlashTrail_SoftTofu/Niagara/Scifi/NS_Hit_Scifi_Once","","공격 본체가 아닌 피격 연결용; 대응 공격 확인 필요","2026-10-03 원본 VFX 삭제 완료; 스킬은 미생성 보류 이력; 원본 에셋 위치는 삭제 전 이력 경로"
"회전 베기 1","삭제 완료","회전 공격","물리","ParticleSystem","RPGEffects","/Game/RPGEffects/Particles/P_Warrior_Spin","/Game/User_JeHoon/Blueprint/DataAsset/Skills/BPDA_P_Warrior_Spin","시전자 중심 충돌 영역으로 여러 적을 각각 1회 타격","2026-10-03 스킬·원본 VFX 삭제 완료; 스킬 BPDA/원본 에셋 위치는 삭제 전 이력 경로; 초기값: 위력 50/AP 1. 실제 재생·작동 미확인; VFX 크기·회전·충돌 범위 조정 필요"
"회전 베기 2","삭제 완료","회전 공격","물리","NiagaraSystem","RPGEffects","/Game/RPGEffects/ParticlesNiagara/Warrior/Spin/NS_Warrior_Spin","/Game/User_JeHoon/Blueprint/DataAsset/Skills/BPDA_NS_Warrior_Spin","시전자 중심 충돌 영역으로 여러 적을 각각 1회 타격","2026-10-03 스킬·원본 VFX 삭제 완료; 스킬 BPDA/원본 에셋 위치는 삭제 전 이력 경로; 초기값: 위력 50/AP 1. 실제 재생·작동 미확인; VFX 크기·회전·충돌 범위 조정 필요"
"발톱 베기","삭제 완료","Slash","물리","NiagaraSystem","Hack_And_Slash_FX","/Game/Hack_And_Slash_FX/VFX_Niagara/Slashes/NS_Claws","/Game/User_JeHoon/Blueprint/DataAsset/Skills/BPDA_NS_Claws","VFX와 함께 생성되는 충돌 영역으로 여러 적을 각각 1회 타격","2026-10-03 스킬·원본 VFX 삭제 완료; 스킬 BPDA/원본 에셋 위치는 삭제 전 이력 경로; 초기값: 위력 50/AP 1. 실제 재생·작동 미확인; VFX 크기·회전·충돌 범위 조정 필요"
"베기","삭제 완료","Slash","물리","NiagaraSystem","Knife_light","/Game/Knife_light/VFX/NE_attack01","/Game/User_JeHoon/Blueprint/DataAsset/Skills/BPDA_NE_attack01","VFX와 함께 생성되는 충돌 영역으로 여러 적을 각각 1회 타격","2026-10-03 스킬·원본 VFX 삭제 완료; 스킬 BPDA/원본 에셋 위치는 삭제 전 이력 경로; 초기값: 위력 50/AP 1. 실제 재생·작동 미확인; VFX 크기·회전·충돌 범위 조정 필요"
"참격","삭제 완료","Slash","물리","NiagaraSystem","Knife_light","/Game/Knife_light/VFX/NE_attack02","/Game/User_JeHoon/Blueprint/DataAsset/Skills/BPDA_NE_attack02","VFX와 함께 생성되는 충돌 영역으로 여러 적을 각각 1회 타격","2026-10-03 스킬·원본 VFX 삭제 완료; 스킬 BPDA/원본 에셋 위치는 삭제 전 이력 경로; 초기값: 위력 50/AP 1. 실제 재생·작동 미확인; VFX 크기·회전·충돌 범위 조정 필요"
"일섬","삭제 완료","Slash","물리","NiagaraSystem","Knife_light","/Game/Knife_light/VFX/NE_attack03","/Game/User_JeHoon/Blueprint/DataAsset/Skills/BPDA_NE_attack03","VFX와 함께 생성되는 충돌 영역으로 여러 적을 각각 1회 타격","2026-10-03 스킬·원본 VFX 삭제 완료; 스킬 BPDA/원본 에셋 위치는 삭제 전 이력 경로; 초기값: 위력 50/AP 1. 실제 재생·작동 미확인; VFX 크기·회전·충돌 범위 조정 필요"
"칼날의 춤","삭제 완료","Slash","물리","NiagaraSystem","Knife_light","/Game/Knife_light/VFX/NE_attack04","/Game/User_JeHoon/Blueprint/DataAsset/Skills/BPDA_NE_attack04","VFX와 함께 생성되는 충돌 영역으로 여러 적을 각각 1회 타격","2026-10-03 스킬·원본 VFX 삭제 완료; 스킬 BPDA/원본 에셋 위치는 삭제 전 이력 경로; 초기값: 위력 50/AP 1. 실제 재생·작동 미확인; VFX 크기·회전·충돌 범위 조정 필요"
"검의 춤","삭제 완료","Slash","물리","NiagaraSystem","Knife_light","/Game/Knife_light/VFX/NE_attack05","/Game/User_JeHoon/Blueprint/DataAsset/Skills/BPDA_NE_attack05","VFX와 함께 생성되는 충돌 영역으로 여러 적을 각각 1회 타격","2026-10-03 스킬·원본 VFX 삭제 완료; 스킬 BPDA/원본 에셋 위치는 삭제 전 이력 경로; 초기값: 위력 50/AP 1. 실제 재생·작동 미확인; VFX 크기·회전·충돌 범위 조정 필요"
"전사의 베기 1","삭제 완료","Slash","물리","ParticleSystem","RPGEffects","/Game/RPGEffects/Particles/P_Warrior_Swipe","/Game/User_JeHoon/Blueprint/DataAsset/Skills/BPDA_P_Warrior_Swipe","VFX와 함께 생성되는 충돌 영역으로 여러 적을 각각 1회 타격","2026-10-03 스킬·원본 VFX 삭제 완료; 스킬 BPDA/원본 에셋 위치는 삭제 전 이력 경로; 초기값: 위력 50/AP 1. 실제 재생·작동 미확인; VFX 크기·회전·충돌 범위 조정 필요"
"전사의 베기 2","삭제 완료","Slash","물리","NiagaraSystem","RPGEffects","/Game/RPGEffects/ParticlesNiagara/Warrior/Swipe/NS_Warrior_Swipe","/Game/User_JeHoon/Blueprint/DataAsset/Skills/BPDA_NS_Warrior_Swipe","VFX와 함께 생성되는 충돌 영역으로 여러 적을 각각 1회 타격","2026-10-03 스킬·원본 VFX 삭제 완료; 스킬 BPDA/원본 에셋 위치는 삭제 전 이력 경로; 초기값: 위력 50/AP 1. 실제 재생·작동 미확인; VFX 크기·회전·충돌 범위 조정 필요"
"뇌전 베기","삭제 완료","Slash","번개","NiagaraSystem","Hack_And_Slash_FX","/Game/Hack_And_Slash_FX/VFX_Niagara/Slashes/NS_Lightning_Slash","/Game/User_JeHoon/Blueprint/DataAsset/Skills/BPDA_NS_Lightning_Slash","VFX와 함께 생성되는 충돌 영역으로 여러 적을 각각 1회 타격","2026-10-03 스킬·원본 VFX 삭제 완료; 스킬 BPDA/원본 에셋 위치는 삭제 전 이력 경로; 초기값: 위력 50/AP 1. 실제 재생·작동 미확인; VFX 크기·회전·충돌 범위 조정 필요"
"벚꽃 베기","삭제 완료","Slash","물리","NiagaraSystem","Hack_And_Slash_FX","/Game/Hack_And_Slash_FX/VFX_Niagara/Slashes/NS_Sakura_Slash","/Game/User_JeHoon/Blueprint/DataAsset/Skills/BPDA_NS_Sakura_Slash","VFX와 함께 생성되는 충돌 영역으로 여러 적을 각각 1회 타격","2026-10-03 스킬·원본 VFX 삭제 완료; 스킬 BPDA/원본 에셋 위치는 삭제 전 이력 경로; 초기값: 위력 50/AP 1. 실제 재생·작동 미확인; VFX 크기·회전·충돌 범위 조정 필요"
"전광 베기","삭제 완료","Slash","번개","NiagaraSystem","Hack_And_Slash_FX","/Game/Hack_And_Slash_FX/VFX_Niagara/Slashes/NS_Cyber_Slash","/Game/User_JeHoon/Blueprint/DataAsset/Skills/BPDA_NS_Cyber_Slash","VFX와 함께 생성되는 충돌 영역으로 여러 적을 각각 1회 타격","2026-10-03 스킬·원본 VFX 삭제 완료; 스킬 BPDA/원본 에셋 위치는 삭제 전 이력 경로; 초기값: 위력 50/AP 1. 실제 재생·작동 미확인; VFX 크기·회전·충돌 범위 조정 필요"
"성광 베기","삭제 완료","Slash","번개","NiagaraSystem","Hack_And_Slash_FX","/Game/Hack_And_Slash_FX/VFX_Niagara/Slashes/NS_Holy_Slash","/Game/User_JeHoon/Blueprint/DataAsset/Skills/BPDA_NS_Holy_Slash","VFX와 함께 생성되는 충돌 영역으로 여러 적을 각각 1회 타격","2026-10-03 스킬·원본 VFX 삭제 완료; 스킬 BPDA/원본 에셋 위치는 삭제 전 이력 경로; 초기값: 위력 50/AP 1. 실제 재생·작동 미확인; VFX 크기·회전·충돌 범위 조정 필요"
"마성 베기","삭제 완료","Slash","카오스","NiagaraSystem","Hack_And_Slash_FX","/Game/Hack_And_Slash_FX/VFX_Niagara/Slashes/NS_Demon_Slash","/Game/User_JeHoon/Blueprint/DataAsset/Skills/BPDA_NS_Demon_Slash","VFX와 함께 생성되는 충돌 영역으로 여러 적을 각각 1회 타격","2026-10-03 스킬·원본 VFX 삭제 완료; 스킬 BPDA/원본 에셋 위치는 삭제 전 이력 경로; 초기값: 위력 50/AP 1. 실제 재생·작동 미확인; VFX 크기·회전·충돌 범위 조정 필요"
"자연의 참격","삭제 완료","Slash","물리","NiagaraSystem","Hack_And_Slash_FX","/Game/Hack_And_Slash_FX/VFX_Niagara/Slashes/NS_Nature_Slash","/Game/User_JeHoon/Blueprint/DataAsset/Skills/BPDA_NS_Nature_Slash","VFX와 함께 생성되는 충돌 영역으로 여러 적을 각각 1회 타격","2026-10-03 스킬·원본 VFX 삭제 완료; 스킬 BPDA/원본 에셋 위치는 삭제 전 이력 경로; 초기값: 위력 50/AP 1. 실제 재생·작동 미확인; VFX 크기·회전·충돌 범위 조정 필요"
"저주 베기","삭제 완료","Slash","카오스","NiagaraSystem","Hack_And_Slash_FX","/Game/Hack_And_Slash_FX/VFX_Niagara/Slashes/NS_Curse_Slash","/Game/User_JeHoon/Blueprint/DataAsset/Skills/BPDA_NS_Curse_Slash","VFX와 함께 생성되는 충돌 영역으로 여러 적을 각각 1회 타격","2026-10-03 스킬·원본 VFX 삭제 완료; 스킬 BPDA/원본 에셋 위치는 삭제 전 이력 경로; 초기값: 위력 50/AP 1. 실제 재생·작동 미확인; VFX 크기·회전·충돌 범위 조정 필요"
"화염 베기","삭제 완료","Slash","불","NiagaraSystem","Hack_And_Slash_FX","/Game/Hack_And_Slash_FX/VFX_Niagara/Slashes/NS_Fire_Slash","/Game/User_JeHoon/Blueprint/DataAsset/Skills/BPDA_NS_Fire_Slash","VFX와 함께 생성되는 충돌 영역으로 여러 적을 각각 1회 타격","2026-10-03 스킬·원본 VFX 삭제 완료; 스킬 BPDA/원본 에셋 위치는 삭제 전 이력 경로; 초기값: 위력 50/AP 1. 실제 재생·작동 미확인; VFX 크기·회전·충돌 범위 조정 필요"
"위엄의 참격","삭제 완료","Slash","물리","NiagaraSystem","Hack_And_Slash_FX","/Game/Hack_And_Slash_FX/VFX_Niagara/Slashes/NS_Prestige_Slash","/Game/User_JeHoon/Blueprint/DataAsset/Skills/BPDA_NS_Prestige_Slash","VFX와 함께 생성되는 충돌 영역으로 여러 적을 각각 1회 타격","2026-10-03 스킬·원본 VFX 삭제 완료; 스킬 BPDA/원본 에셋 위치는 삭제 전 이력 경로; 초기값: 위력 50/AP 1. 실제 재생·작동 미확인; VFX 크기·회전·충돌 범위 조정 필요"
"회전하는 검파 1","보류(원본 삭제)","Slash 투사체","물리","Blueprint","SlashTrail_SoftTofu","/Game/SlashTrail_SoftTofu/Blueprint/Basic/BP_Slash_Projectile_Rotate_Basic","","원본 Blueprint의 실행 로직·부품 관계 미확인; 직접 실행하지 않음","2026-10-03 원본 VFX 삭제 완료; 스킬은 미생성 보류 이력; 원본 에셋 위치는 삭제 전 이력 경로"
"검파의 발현","보류(원본 삭제)","Slash 투사체","물리","Blueprint","SlashTrail_SoftTofu","/Game/SlashTrail_SoftTofu/Blueprint/Basic/BP_Slash_Projectile_Start_Basic","","원본 Blueprint의 실행 로직·부품 관계 미확인; 직접 실행하지 않음","2026-10-03 원본 VFX 삭제 완료; 스킬은 미생성 보류 이력; 원본 에셋 위치는 삭제 전 이력 경로"
"회전하는 광휘 검파","보류(원본 삭제)","Slash 투사체","번개","Blueprint","SlashTrail_SoftTofu","/Game/SlashTrail_SoftTofu/Blueprint/LightSaber/BP_Slash_Projectile_Rotate_LightSaber","","원본 Blueprint의 실행 로직·부품 관계 미확인; 직접 실행하지 않음","2026-10-03 원본 VFX 삭제 완료; 스킬은 미생성 보류 이력; 원본 에셋 위치는 삭제 전 이력 경로"
"광휘 검파의 발현","보류(원본 삭제)","Slash 투사체","번개","Blueprint","SlashTrail_SoftTofu","/Game/SlashTrail_SoftTofu/Blueprint/LightSaber/BP_Slash_Projectile_Start_LightSaber","","원본 Blueprint의 실행 로직·부품 관계 미확인; 직접 실행하지 않음","2026-10-03 원본 VFX 삭제 완료; 스킬은 미생성 보류 이력; 원본 에셋 위치는 삭제 전 이력 경로"
"회전하는 문자 검파","보류(원본 삭제)","Slash 투사체","카오스","Blueprint","SlashTrail_SoftTofu","/Game/SlashTrail_SoftTofu/Blueprint/Matrix/BP_Slash_Projectile_Rotate_Matrix","","원본 Blueprint의 실행 로직·부품 관계 미확인; 직접 실행하지 않음","2026-10-03 원본 VFX 삭제 완료; 스킬은 미생성 보류 이력; 원본 에셋 위치는 삭제 전 이력 경로"
"문자 검파의 발현","보류(원본 삭제)","Slash 투사체","카오스","Blueprint","SlashTrail_SoftTofu","/Game/SlashTrail_SoftTofu/Blueprint/Matrix/BP_Slash_Projectile_Start_Matrix","","원본 Blueprint의 실행 로직·부품 관계 미확인; 직접 실행하지 않음","2026-10-03 원본 VFX 삭제 완료; 스킬은 미생성 보류 이력; 원본 에셋 위치는 삭제 전 이력 경로"
"회전하는 모래 검파","보류(원본 삭제)","Slash 투사체","물리","Blueprint","SlashTrail_SoftTofu","/Game/SlashTrail_SoftTofu/Blueprint/Sand/BP_Slash_Projectile_Rotate_Sand","","원본 Blueprint의 실행 로직·부품 관계 미확인; 직접 실행하지 않음","2026-10-03 원본 VFX 삭제 완료; 스킬은 미생성 보류 이력; 원본 에셋 위치는 삭제 전 이력 경로"
"모래 검파의 발현","보류(원본 삭제)","Slash 투사체","물리","Blueprint","SlashTrail_SoftTofu","/Game/SlashTrail_SoftTofu/Blueprint/Sand/BP_Slash_Projectile_Start_Sand","","원본 Blueprint의 실행 로직·부품 관계 미확인; 직접 실행하지 않음","2026-10-03 원본 VFX 삭제 완료; 스킬은 미생성 보류 이력; 원본 에셋 위치는 삭제 전 이력 경로"
"회전하는 물결 검파","보류(원본 삭제)","Slash 투사체","냉기","Blueprint","SlashTrail_SoftTofu","/Game/SlashTrail_SoftTofu/Blueprint/water/BP_Slash_Projectile_Rotate_Water","","원본 Blueprint의 실행 로직·부품 관계 미확인; 직접 실행하지 않음","2026-10-03 원본 VFX 삭제 완료; 스킬은 미생성 보류 이력; 원본 에셋 위치는 삭제 전 이력 경로"
"물결 검파의 발현","보류(원본 삭제)","Slash 투사체","냉기","Blueprint","SlashTrail_SoftTofu","/Game/SlashTrail_SoftTofu/Blueprint/water/BP_Slash_Projectile_Start_Water","","원본 Blueprint의 실행 로직·부품 관계 미확인; 직접 실행하지 않음","2026-10-03 원본 VFX 삭제 완료; 스킬은 미생성 보류 이력; 원본 에셋 위치는 삭제 전 이력 경로"
"회전하는 검파 2","보류(원본 삭제)","Slash 투사체","불","Blueprint","SlashTrail_SoftTofu","/Game/SlashTrail_SoftTofu/Blueprint/BP_Slash_Projectile_Rotate","","원본 Blueprint의 실행 로직·부품 관계 미확인; 직접 실행하지 않음","2026-10-03 원본 VFX 삭제 완료; 스킬은 미생성 보류 이력; 원본 에셋 위치는 삭제 전 이력 경로"
"회전하는 바람 검파","보류(원본 삭제)","Slash 투사체","물리","Blueprint","SlashTrail_SoftTofu","/Game/SlashTrail_SoftTofu/Blueprint/Wind/BP_Slash_Projectile_Rotate_Wind","","원본 Blueprint의 실행 로직·부품 관계 미확인; 직접 실행하지 않음","2026-10-03 원본 VFX 삭제 완료; 스킬은 미생성 보류 이력; 원본 에셋 위치는 삭제 전 이력 경로"
"바람 검파의 발현","보류(원본 삭제)","Slash 투사체","물리","Blueprint","SlashTrail_SoftTofu","/Game/SlashTrail_SoftTofu/Blueprint/Wind/BP_Slash_Projectile_Start_Wind","","원본 Blueprint의 실행 로직·부품 관계 미확인; 직접 실행하지 않음","2026-10-03 원본 VFX 삭제 완료; 스킬은 미생성 보류 이력; 원본 에셋 위치는 삭제 전 이력 경로"
"회전하는 뇌전 검파","보류(원본 삭제)","Slash 투사체","번개","Blueprint","SlashTrail_SoftTofu","/Game/SlashTrail_SoftTofu/Blueprint/Lightning/BP_Slash_Projectile_Rotate_Lightning","","원본 Blueprint의 실행 로직·부품 관계 미확인; 직접 실행하지 않음","2026-10-03 원본 VFX 삭제 완료; 스킬은 미생성 보류 이력; 원본 에셋 위치는 삭제 전 이력 경로"
"뇌전 검파의 발현","보류(원본 삭제)","Slash 투사체","번개","Blueprint","SlashTrail_SoftTofu","/Game/SlashTrail_SoftTofu/Blueprint/Lightning/BP_Slash_Projectile_Start_Lightning","","원본 Blueprint의 실행 로직·부품 관계 미확인; 직접 실행하지 않음","2026-10-03 원본 VFX 삭제 완료; 스킬은 미생성 보류 이력; 원본 에셋 위치는 삭제 전 이력 경로"
"회전하는 전광 검파","보류(원본 삭제)","Slash 투사체","번개","Blueprint","SlashTrail_SoftTofu","/Game/SlashTrail_SoftTofu/Blueprint/CyberPunk/BP_Slash_Projectile_Rotate_CyberPunk","","원본 Blueprint의 실행 로직·부품 관계 미확인; 직접 실행하지 않음","2026-10-03 원본 VFX 삭제 완료; 스킬은 미생성 보류 이력; 원본 에셋 위치는 삭제 전 이력 경로"
"전광 검파의 발현","보류(원본 삭제)","Slash 투사체","번개","Blueprint","SlashTrail_SoftTofu","/Game/SlashTrail_SoftTofu/Blueprint/CyberPunk/BP_Slash_Projectile_Start_Cyberpunk","","원본 Blueprint의 실행 로직·부품 관계 미확인; 직접 실행하지 않음","2026-10-03 원본 VFX 삭제 완료; 스킬은 미생성 보류 이력; 원본 에셋 위치는 삭제 전 이력 경로"
"회전하는 신비 검파","보류(원본 삭제)","Slash 투사체","카오스","Blueprint","SlashTrail_SoftTofu","/Game/SlashTrail_SoftTofu/Blueprint/Mystic/BP_Slash_Projectile_Rotate_Mystic","","원본 Blueprint의 실행 로직·부품 관계 미확인; 직접 실행하지 않음","2026-10-03 원본 VFX 삭제 완료; 스킬은 미생성 보류 이력; 원본 에셋 위치는 삭제 전 이력 경로"
"신비 검파의 발현","보류(원본 삭제)","Slash 투사체","카오스","Blueprint","SlashTrail_SoftTofu","/Game/SlashTrail_SoftTofu/Blueprint/Mystic/BP_Slash_Projectile_Start_Mystic","","원본 Blueprint의 실행 로직·부품 관계 미확인; 직접 실행하지 않음","2026-10-03 원본 VFX 삭제 완료; 스킬은 미생성 보류 이력; 원본 에셋 위치는 삭제 전 이력 경로"
"회전하는 어둠 검파","보류(원본 삭제)","Slash 투사체","카오스","Blueprint","SlashTrail_SoftTofu","/Game/SlashTrail_SoftTofu/Blueprint/Dark/BP_Slash_Projectile_Rotate_Dark","","원본 Blueprint의 실행 로직·부품 관계 미확인; 직접 실행하지 않음","2026-10-03 원본 VFX 삭제 완료; 스킬은 미생성 보류 이력; 원본 에셋 위치는 삭제 전 이력 경로"
"어둠 검파의 발현","보류(원본 삭제)","Slash 투사체","카오스","Blueprint","SlashTrail_SoftTofu","/Game/SlashTrail_SoftTofu/Blueprint/Dark/BP_Slash_Projectile_Start_Dark","","원본 Blueprint의 실행 로직·부품 관계 미확인; 직접 실행하지 않음","2026-10-03 원본 VFX 삭제 완료; 스킬은 미생성 보류 이력; 원본 에셋 위치는 삭제 전 이력 경로"
"회전하는 서리 검파","보류(원본 삭제)","Slash 투사체","냉기","Blueprint","SlashTrail_SoftTofu","/Game/SlashTrail_SoftTofu/Blueprint/Ice/BP_Slash_Projectile_Rotate_Ice","","원본 Blueprint의 실행 로직·부품 관계 미확인; 직접 실행하지 않음","2026-10-03 원본 VFX 삭제 완료; 스킬은 미생성 보류 이력; 원본 에셋 위치는 삭제 전 이력 경로"
"서리 검파의 발현","보류(원본 삭제)","Slash 투사체","냉기","Blueprint","SlashTrail_SoftTofu","/Game/SlashTrail_SoftTofu/Blueprint/Ice/BP_Slash_Projectile_Start_Ice","","원본 Blueprint의 실행 로직·부품 관계 미확인; 직접 실행하지 않음","2026-10-03 원본 VFX 삭제 완료; 스킬은 미생성 보류 이력; 원본 에셋 위치는 삭제 전 이력 경로"
"회전하는 왜곡 검파","보류(원본 삭제)","Slash 투사체","카오스","Blueprint","SlashTrail_SoftTofu","/Game/SlashTrail_SoftTofu/Blueprint/Distortion/BP_Slash_Projectile_Rotate_Distortion","","원본 Blueprint의 실행 로직·부품 관계 미확인; 직접 실행하지 않음","2026-10-03 원본 VFX 삭제 완료; 스킬은 미생성 보류 이력; 원본 에셋 위치는 삭제 전 이력 경로"
"왜곡 검파의 발현","보류(원본 삭제)","Slash 투사체","카오스","Blueprint","SlashTrail_SoftTofu","/Game/SlashTrail_SoftTofu/Blueprint/Distortion/BP_Slash_Projectile_Start_Distortion","","원본 Blueprint의 실행 로직·부품 관계 미확인; 직접 실행하지 않음","2026-10-03 원본 VFX 삭제 완료; 스킬은 미생성 보류 이력; 원본 에셋 위치는 삭제 전 이력 경로"
"회전하는 선율 검파","보류(원본 삭제)","Slash 투사체","물리","Blueprint","SlashTrail_SoftTofu","/Game/SlashTrail_SoftTofu/Blueprint/Music/BP_Slash_Projectile_Rotate_Music","","원본 Blueprint의 실행 로직·부품 관계 미확인; 직접 실행하지 않음","2026-10-03 원본 VFX 삭제 완료; 스킬은 미생성 보류 이력; 원본 에셋 위치는 삭제 전 이력 경로"
"선율 검파의 발현","보류(원본 삭제)","Slash 투사체","물리","Blueprint","SlashTrail_SoftTofu","/Game/SlashTrail_SoftTofu/Blueprint/Music/BP_Slash_Projectile_Start_Music","","원본 Blueprint의 실행 로직·부품 관계 미확인; 직접 실행하지 않음","2026-10-03 원본 VFX 삭제 완료; 스킬은 미생성 보류 이력; 원본 에셋 위치는 삭제 전 이력 경로"
"회전하는 숲 검파","보류(원본 삭제)","Slash 투사체","물리","Blueprint","SlashTrail_SoftTofu","/Game/SlashTrail_SoftTofu/Blueprint/Nature/BP_Slash_Projectile_Rotate_Nature","","원본 Blueprint의 실행 로직·부품 관계 미확인; 직접 실행하지 않음","2026-10-03 원본 VFX 삭제 완료; 스킬은 미생성 보류 이력; 원본 에셋 위치는 삭제 전 이력 경로"
"숲 검파의 발현","보류(원본 삭제)","Slash 투사체","물리","Blueprint","SlashTrail_SoftTofu","/Game/SlashTrail_SoftTofu/Blueprint/Nature/BP_Slash_Projectile_Start_Nature","","원본 Blueprint의 실행 로직·부품 관계 미확인; 직접 실행하지 않음","2026-10-03 원본 VFX 삭제 완료; 스킬은 미생성 보류 이력; 원본 에셋 위치는 삭제 전 이력 경로"
"화염 검파의 발현","보류(원본 삭제)","Slash 투사체","불","Blueprint","SlashTrail_SoftTofu","/Game/SlashTrail_SoftTofu/Blueprint/fire/BP_Slash_Projectile_Start_Fire","","원본 Blueprint의 실행 로직·부품 관계 미확인; 직접 실행하지 않음","2026-10-03 원본 VFX 삭제 완료; 스킬은 미생성 보류 이력; 원본 에셋 위치는 삭제 전 이력 경로"
"회전하는 광자 검파","보류(원본 삭제)","Slash 투사체","번개","Blueprint","SlashTrail_SoftTofu","/Game/SlashTrail_SoftTofu/Blueprint/Scifi/BP_Slash_Projectile_Rotate_Scifi","","원본 Blueprint의 실행 로직·부품 관계 미확인; 직접 실행하지 않음","2026-10-03 원본 VFX 삭제 완료; 스킬은 미생성 보류 이력; 원본 에셋 위치는 삭제 전 이력 경로"
"광자 검파의 발현","보류(원본 삭제)","Slash 투사체","번개","Blueprint","SlashTrail_SoftTofu","/Game/SlashTrail_SoftTofu/Blueprint/Scifi/BP_Slash_Projectile_Start_Scifi","","원본 Blueprint의 실행 로직·부품 관계 미확인; 직접 실행하지 않음","2026-10-03 원본 VFX 삭제 완료; 스킬은 미생성 보류 이력; 원본 에셋 위치는 삭제 전 이력 경로"
"검흔 2","보류(원본 삭제)","Slash Trail","물리","NiagaraSystem","SlashTrail_SoftTofu","/Game/SlashTrail_SoftTofu/Niagara/Basic/NS_SlashTrail_Basic","","Ribbon 이동 궤적 또는 AnimTrail 애니메이션 소스 연결 필요","2026-10-03 원본 VFX 삭제 완료; 스킬은 미생성 보류 이력; 원본 에셋 위치는 삭제 전 이력 경로"
"이어지는 검흔","보류(원본 삭제)","Slash Trail","물리","NiagaraSystem","SlashTrail_SoftTofu","/Game/SlashTrail_SoftTofu/Niagara/Basic/NS_SlashTrail_Basic_Loop","","Ribbon 이동 궤적 또는 AnimTrail 애니메이션 소스 연결 필요","2026-10-03 원본 VFX 삭제 완료; 스킬은 미생성 보류 이력; 원본 에셋 위치는 삭제 전 이력 경로"
"광휘 검흔","보류(원본 삭제)","Slash Trail","번개","NiagaraSystem","SlashTrail_SoftTofu","/Game/SlashTrail_SoftTofu/Niagara/LightSaber/NS_SlashTrail_LightSaber","","Ribbon 이동 궤적 또는 AnimTrail 애니메이션 소스 연결 필요","2026-10-03 원본 VFX 삭제 완료; 스킬은 미생성 보류 이력; 원본 에셋 위치는 삭제 전 이력 경로"
"이어지는 광휘 검흔","보류(원본 삭제)","Slash Trail","번개","NiagaraSystem","SlashTrail_SoftTofu","/Game/SlashTrail_SoftTofu/Niagara/LightSaber/NS_SlashTrail_LightSaber_Loop","","Ribbon 이동 궤적 또는 AnimTrail 애니메이션 소스 연결 필요","2026-10-03 원본 VFX 삭제 완료; 스킬은 미생성 보류 이력; 원본 에셋 위치는 삭제 전 이력 경로"
"문자 검흔","보류(원본 삭제)","Slash Trail","카오스","NiagaraSystem","SlashTrail_SoftTofu","/Game/SlashTrail_SoftTofu/Niagara/Matrix/NS_SlashTrail_Matrix","","Ribbon 이동 궤적 또는 AnimTrail 애니메이션 소스 연결 필요","2026-10-03 원본 VFX 삭제 완료; 스킬은 미생성 보류 이력; 원본 에셋 위치는 삭제 전 이력 경로"
"이어지는 문자 검흔","보류(원본 삭제)","Slash Trail","카오스","NiagaraSystem","SlashTrail_SoftTofu","/Game/SlashTrail_SoftTofu/Niagara/Matrix/NS_SlashTrail_Matrix_Loop","","Ribbon 이동 궤적 또는 AnimTrail 애니메이션 소스 연결 필요","2026-10-03 원본 VFX 삭제 완료; 스킬은 미생성 보류 이력; 원본 에셋 위치는 삭제 전 이력 경로"
"모래 검흔","보류(원본 삭제)","Slash Trail","물리","NiagaraSystem","SlashTrail_SoftTofu","/Game/SlashTrail_SoftTofu/Niagara/Sand/NS_SlashTrail_Sand_","","Ribbon 이동 궤적 또는 AnimTrail 애니메이션 소스 연결 필요","2026-10-03 원본 VFX 삭제 완료; 스킬은 미생성 보류 이력; 원본 에셋 위치는 삭제 전 이력 경로"
"이어지는 모래 검흔","보류(원본 삭제)","Slash Trail","물리","NiagaraSystem","SlashTrail_SoftTofu","/Game/SlashTrail_SoftTofu/Niagara/Sand/NS_SlashTrail_Sand_Loop","","Ribbon 이동 궤적 또는 AnimTrail 애니메이션 소스 연결 필요","2026-10-03 원본 VFX 삭제 완료; 스킬은 미생성 보류 이력; 원본 에셋 위치는 삭제 전 이력 경로"
"물결 검흔","보류(원본 삭제)","Slash Trail","냉기","NiagaraSystem","SlashTrail_SoftTofu","/Game/SlashTrail_SoftTofu/Niagara/Water/NS_SlashTrail_Water","","Ribbon 이동 궤적 또는 AnimTrail 애니메이션 소스 연결 필요","2026-10-03 원본 VFX 삭제 완료; 스킬은 미생성 보류 이력; 원본 에셋 위치는 삭제 전 이력 경로"
"이어지는 물결 검흔","보류(원본 삭제)","Slash Trail","냉기","NiagaraSystem","SlashTrail_SoftTofu","/Game/SlashTrail_SoftTofu/Niagara/Water/NS_SlashTrail_Water_Loop","","Ribbon 이동 궤적 또는 AnimTrail 애니메이션 소스 연결 필요","2026-10-03 원본 VFX 삭제 완료; 스킬은 미생성 보류 이력; 원본 에셋 위치는 삭제 전 이력 경로"
"바람 검흔","보류(원본 삭제)","Slash Trail","물리","NiagaraSystem","SlashTrail_SoftTofu","/Game/SlashTrail_SoftTofu/Niagara/Wind/NS_SlashTrail_Wind","","Ribbon 이동 궤적 또는 AnimTrail 애니메이션 소스 연결 필요","2026-10-03 원본 VFX 삭제 완료; 스킬은 미생성 보류 이력; 원본 에셋 위치는 삭제 전 이력 경로"
"이어지는 바람 검흔","보류(원본 삭제)","Slash Trail","물리","NiagaraSystem","SlashTrail_SoftTofu","/Game/SlashTrail_SoftTofu/Niagara/Wind/NS_SlashTrail_WindNS_SlashTrail_Water_Loop","","Ribbon 이동 궤적 또는 AnimTrail 애니메이션 소스 연결 필요","2026-10-03 원본 VFX 삭제 완료; 스킬은 미생성 보류 이력; 원본 에셋 위치는 삭제 전 이력 경로"
"뇌전 검흔","보류(원본 삭제)","Slash Trail","번개","NiagaraSystem","SlashTrail_SoftTofu","/Game/SlashTrail_SoftTofu/Niagara/Lightning/NS_SlashTrail_Lightning","","Ribbon 이동 궤적 또는 AnimTrail 애니메이션 소스 연결 필요","2026-10-03 원본 VFX 삭제 완료; 스킬은 미생성 보류 이력; 원본 에셋 위치는 삭제 전 이력 경로"
"이어지는 뇌전 검흔","보류(원본 삭제)","Slash Trail","번개","NiagaraSystem","SlashTrail_SoftTofu","/Game/SlashTrail_SoftTofu/Niagara/Lightning/NS_SlashTrail_Lightning_Loop","","Ribbon 이동 궤적 또는 AnimTrail 애니메이션 소스 연결 필요","2026-10-03 원본 VFX 삭제 완료; 스킬은 미생성 보류 이력; 원본 에셋 위치는 삭제 전 이력 경로"
"전광 검흔","보류(원본 삭제)","Slash Trail","번개","NiagaraSystem","SlashTrail_SoftTofu","/Game/SlashTrail_SoftTofu/Niagara/Cyberpunk/NS_SlashTrail_CyberPunk","","Ribbon 이동 궤적 또는 AnimTrail 애니메이션 소스 연결 필요","2026-10-03 원본 VFX 삭제 완료; 스킬은 미생성 보류 이력; 원본 에셋 위치는 삭제 전 이력 경로"
"이어지는 전광 검흔","보류(원본 삭제)","Slash Trail","번개","NiagaraSystem","SlashTrail_SoftTofu","/Game/SlashTrail_SoftTofu/Niagara/Cyberpunk/NS_SlashTrail_CyberPunk_Loop","","Ribbon 이동 궤적 또는 AnimTrail 애니메이션 소스 연결 필요","2026-10-03 원본 VFX 삭제 완료; 스킬은 미생성 보류 이력; 원본 에셋 위치는 삭제 전 이력 경로"
"신비 검흔","보류(원본 삭제)","Slash Trail","카오스","NiagaraSystem","SlashTrail_SoftTofu","/Game/SlashTrail_SoftTofu/Niagara/Mystic/NS_SlashTrail_Mystic","","Ribbon 이동 궤적 또는 AnimTrail 애니메이션 소스 연결 필요","2026-10-03 원본 VFX 삭제 완료; 스킬은 미생성 보류 이력; 원본 에셋 위치는 삭제 전 이력 경로"
"이어지는 신비 검흔","보류(원본 삭제)","Slash Trail","카오스","NiagaraSystem","SlashTrail_SoftTofu","/Game/SlashTrail_SoftTofu/Niagara/Mystic/NS_SlashTrail_Mystic_Loop","","Ribbon 이동 궤적 또는 AnimTrail 애니메이션 소스 연결 필요","2026-10-03 원본 VFX 삭제 완료; 스킬은 미생성 보류 이력; 원본 에셋 위치는 삭제 전 이력 경로"
"어둠 검흔","보류(원본 삭제)","Slash Trail","카오스","NiagaraSystem","SlashTrail_SoftTofu","/Game/SlashTrail_SoftTofu/Niagara/Dark/NS_SlashTrail_Dark","","Ribbon 이동 궤적 또는 AnimTrail 애니메이션 소스 연결 필요","2026-10-03 원본 VFX 삭제 완료; 스킬은 미생성 보류 이력; 원본 에셋 위치는 삭제 전 이력 경로"
"이어지는 어둠 검흔","보류(원본 삭제)","Slash Trail","카오스","NiagaraSystem","SlashTrail_SoftTofu","/Game/SlashTrail_SoftTofu/Niagara/Dark/NS_SlashTrail_Dark_Loop","","Ribbon 이동 궤적 또는 AnimTrail 애니메이션 소스 연결 필요","2026-10-03 원본 VFX 삭제 완료; 스킬은 미생성 보류 이력; 원본 에셋 위치는 삭제 전 이력 경로"
"서리 검흔","보류(원본 삭제)","Slash Trail","냉기","NiagaraSystem","SlashTrail_SoftTofu","/Game/SlashTrail_SoftTofu/Niagara/Ice/NS_SlashTrail_Ice","","Ribbon 이동 궤적 또는 AnimTrail 애니메이션 소스 연결 필요","2026-10-03 원본 VFX 삭제 완료; 스킬은 미생성 보류 이력; 원본 에셋 위치는 삭제 전 이력 경로"
"이어지는 서리 검흔","보류(원본 삭제)","Slash Trail","냉기","NiagaraSystem","SlashTrail_SoftTofu","/Game/SlashTrail_SoftTofu/Niagara/Ice/NS_SlashTrail_Ice_Loop","","Ribbon 이동 궤적 또는 AnimTrail 애니메이션 소스 연결 필요","2026-10-03 원본 VFX 삭제 완료; 스킬은 미생성 보류 이력; 원본 에셋 위치는 삭제 전 이력 경로"
"왜곡 검흔","보류(원본 삭제)","Slash Trail","카오스","NiagaraSystem","SlashTrail_SoftTofu","/Game/SlashTrail_SoftTofu/Niagara/Distortion_Only/NS_SlashTrail_Distortion_Only","","Ribbon 이동 궤적 또는 AnimTrail 애니메이션 소스 연결 필요","2026-10-03 원본 VFX 삭제 완료; 스킬은 미생성 보류 이력; 원본 에셋 위치는 삭제 전 이력 경로"
"이어지는 왜곡 검흔","보류(원본 삭제)","Slash Trail","카오스","NiagaraSystem","SlashTrail_SoftTofu","/Game/SlashTrail_SoftTofu/Niagara/Distortion_Only/NS_SlashTrail_Distortion_Only_Loop","","Ribbon 이동 궤적 또는 AnimTrail 애니메이션 소스 연결 필요","2026-10-03 원본 VFX 삭제 완료; 스킬은 미생성 보류 이력; 원본 에셋 위치는 삭제 전 이력 경로"
"선율 검흔","보류(원본 삭제)","Slash Trail","물리","NiagaraSystem","SlashTrail_SoftTofu","/Game/SlashTrail_SoftTofu/Niagara/Music/NS_SlashTrail_Music","","Ribbon 이동 궤적 또는 AnimTrail 애니메이션 소스 연결 필요","2026-10-03 원본 VFX 삭제 완료; 스킬은 미생성 보류 이력; 원본 에셋 위치는 삭제 전 이력 경로"
"이어지는 선율 검흔","보류(원본 삭제)","Slash Trail","물리","NiagaraSystem","SlashTrail_SoftTofu","/Game/SlashTrail_SoftTofu/Niagara/Music/NS_SlashTrail_Music_Loop","","Ribbon 이동 궤적 또는 AnimTrail 애니메이션 소스 연결 필요","2026-10-03 원본 VFX 삭제 완료; 스킬은 미생성 보류 이력; 원본 에셋 위치는 삭제 전 이력 경로"
"숲 검흔","보류(원본 삭제)","Slash Trail","물리","NiagaraSystem","SlashTrail_SoftTofu","/Game/SlashTrail_SoftTofu/Niagara/Nature/NS_SlashTrail_Nature","","Ribbon 이동 궤적 또는 AnimTrail 애니메이션 소스 연결 필요","2026-10-03 원본 VFX 삭제 완료; 스킬은 미생성 보류 이력; 원본 에셋 위치는 삭제 전 이력 경로"
"이어지는 숲 검흔","보류(원본 삭제)","Slash Trail","물리","NiagaraSystem","SlashTrail_SoftTofu","/Game/SlashTrail_SoftTofu/Niagara/Nature/NS_SlashTrail_Nature_Loop","","Ribbon 이동 궤적 또는 AnimTrail 애니메이션 소스 연결 필요","2026-10-03 원본 VFX 삭제 완료; 스킬은 미생성 보류 이력; 원본 에셋 위치는 삭제 전 이력 경로"
"화염 검흔","보류(원본 삭제)","Slash Trail","불","NiagaraSystem","SlashTrail_SoftTofu","/Game/SlashTrail_SoftTofu/Niagara/Fire/NS_SlashTrail_Fire","","Ribbon 이동 궤적 또는 AnimTrail 애니메이션 소스 연결 필요","2026-10-03 원본 VFX 삭제 완료; 스킬은 미생성 보류 이력; 원본 에셋 위치는 삭제 전 이력 경로"
"이어지는 화염 검흔","보류(원본 삭제)","Slash Trail","불","NiagaraSystem","SlashTrail_SoftTofu","/Game/SlashTrail_SoftTofu/Niagara/Fire/NS_SlashTrail_Fire_Loop","","Ribbon 이동 궤적 또는 AnimTrail 애니메이션 소스 연결 필요","2026-10-03 원본 VFX 삭제 완료; 스킬은 미생성 보류 이력; 원본 에셋 위치는 삭제 전 이력 경로"
"광자 검흔","보류(원본 삭제)","Slash Trail","번개","NiagaraSystem","SlashTrail_SoftTofu","/Game/SlashTrail_SoftTofu/Niagara/Scifi/NS_SlashTrail_Scifi","","Ribbon 이동 궤적 또는 AnimTrail 애니메이션 소스 연결 필요","2026-10-03 원본 VFX 삭제 완료; 스킬은 미생성 보류 이력; 원본 에셋 위치는 삭제 전 이력 경로"
"이어지는 광자 검흔","보류(원본 삭제)","Slash Trail","번개","NiagaraSystem","SlashTrail_SoftTofu","/Game/SlashTrail_SoftTofu/Niagara/Scifi/NS_SlashTrail_Scifi_Loop","","Ribbon 이동 궤적 또는 AnimTrail 애니메이션 소스 연결 필요","2026-10-03 원본 VFX 삭제 완료; 스킬은 미생성 보류 이력; 원본 에셋 위치는 삭제 전 이력 경로"
"은은한 마력 파편 1","보류(원본 삭제)","Trail 보조 입자","카오스","ParticleSystem","TrailPack","/Game/TrailPack/Particles/Cascade/Magic/Trail_Sparks/P_Magic_SparksSoft","","독립 스킬이 아닌 궤적 보조 표현","2026-10-03 원본 VFX 삭제 완료; 스킬은 미생성 보류 이력; 원본 에셋 위치는 삭제 전 이력 경로"
"선명한 마력 파편 1","보류(원본 삭제)","Trail 보조 입자","카오스","ParticleSystem","TrailPack","/Game/TrailPack/Particles/Cascade/Magic/Trail_Sparks/P_Magic_SparksStrong","","독립 스킬이 아닌 궤적 보조 표현","2026-10-03 원본 VFX 삭제 완료; 스킬은 미생성 보류 이력; 원본 에셋 위치는 삭제 전 이력 경로"
"은은한 마력 파편 2","보류(원본 삭제)","Trail 보조 입자","카오스","NiagaraSystem","TrailPack","/Game/TrailPack/Particles/Niagara/Magic/Spark/NS_Magic_SparksSoft","","독립 스킬이 아닌 궤적 보조 표현","2026-10-03 원본 VFX 삭제 완료; 스킬은 미생성 보류 이력; 원본 에셋 위치는 삭제 전 이력 경로"
"선명한 마력 파편 2","보류(원본 삭제)","Trail 보조 입자","카오스","NiagaraSystem","TrailPack","/Game/TrailPack/Particles/Niagara/Magic/Spark/NS_Magic_SparksStrong","","독립 스킬이 아닌 궤적 보조 표현","2026-10-03 원본 VFX 삭제 완료; 스킬은 미생성 보류 이력; 원본 에셋 위치는 삭제 전 이력 경로"
"침식의 연무 1","보류(원본 삭제)","Trail 보조 입자","카오스","ParticleSystem","TrailPack","/Game/TrailPack/Particles/Cascade/Corrosion/SwordTrail/P_Corrosion_Smoke","","독립 스킬이 아닌 궤적 보조 표현","2026-10-03 원본 VFX 삭제 완료; 스킬은 미생성 보류 이력; 원본 에셋 위치는 삭제 전 이력 경로"
"침식의 연무 2","보류(원본 삭제)","Trail 보조 입자","카오스","NiagaraSystem","TrailPack","/Game/TrailPack/Particles/Niagara/Corrosion/Spark/NS_Corrosion_Smoke","","독립 스킬이 아닌 궤적 보조 표현","2026-10-03 원본 VFX 삭제 완료; 스킬은 미생성 보류 이력; 원본 에셋 위치는 삭제 전 이력 경로"
"불사조의 깃불 1","보류(원본 삭제)","Trail 보조 입자","불","ParticleSystem","TrailPack","/Game/TrailPack/Particles/Cascade/Phoenix/Spark/P_PhoenixSparks","","독립 스킬이 아닌 궤적 보조 표현","2026-10-03 원본 VFX 삭제 완료; 스킬은 미생성 보류 이력; 원본 에셋 위치는 삭제 전 이력 경로"
"불사조의 깃불 2","보류(원본 삭제)","Trail 보조 입자","불","NiagaraSystem","TrailPack","/Game/TrailPack/Particles/Niagara/Phoenix/Spark/NS_PhoenixSparks","","독립 스킬이 아닌 궤적 보조 표현","2026-10-03 원본 VFX 삭제 완료; 스킬은 미생성 보류 이력; 원본 에셋 위치는 삭제 전 이력 경로"
"질주의 먼지","보류(원본 삭제)","Trail 보조 입자","물리","ParticleSystem","TrailPack","/Game/TrailPack/Particles/Cascade/Speed/Trail_Sparks/P_SpeedDust","","독립 스킬이 아닌 궤적 보조 표현","2026-10-03 원본 VFX 삭제 완료; 스킬은 미생성 보류 이력; 원본 에셋 위치는 삭제 전 이력 경로"
"질주의 불티","보류(원본 삭제)","Trail 보조 입자","물리","NiagaraSystem","TrailPack","/Game/TrailPack/Particles/Niagara/Speed/Spark/NS_SpeedSpark","","독립 스킬이 아닌 궤적 보조 표현","2026-10-03 원본 VFX 삭제 완료; 스킬은 미생성 보류 이력; 원본 에셋 위치는 삭제 전 이력 경로"
"피어나는 어둠 1","보류(원본 삭제)","Trail 보조 입자","카오스","ParticleSystem","TrailPack","/Game/TrailPack/Particles/Cascade/Dark/Trail_Sparks/P_DarkSpark_Up","","독립 스킬이 아닌 궤적 보조 표현","2026-10-03 원본 VFX 삭제 완료; 스킬은 미생성 보류 이력; 원본 에셋 위치는 삭제 전 이력 경로"
"번지는 어둠","보류(원본 삭제)","Trail 보조 입자","카오스","ParticleSystem","TrailPack","/Game/TrailPack/Particles/Cascade/Dark/Trail_Sparks/P_DarkSparkSide","","독립 스킬이 아닌 궤적 보조 표현","2026-10-03 원본 VFX 삭제 완료; 스킬은 미생성 보류 이력; 원본 에셋 위치는 삭제 전 이력 경로"
"피어나는 어둠 2","보류(원본 삭제)","Trail 보조 입자","카오스","NiagaraSystem","TrailPack","/Game/TrailPack/Particles/Niagara/Dark/Spark/NS_DarkSpark_Up","","독립 스킬이 아닌 궤적 보조 표현","2026-10-03 원본 VFX 삭제 완료; 스킬은 미생성 보류 이력; 원본 에셋 위치는 삭제 전 이력 경로"
"손끝의 영혼불","보류(원본 삭제)","Trail 보조 입자","카오스","ParticleSystem","TrailPack","/Game/TrailPack/Particles/Cascade/Soul/Trail_Sparks/P_SoulSparkHand","","독립 스킬이 아닌 궤적 보조 표현","2026-10-03 원본 VFX 삭제 완료; 스킬은 미생성 보류 이력; 원본 에셋 위치는 삭제 전 이력 경로"
"칼날의 영혼불","보류(원본 삭제)","Trail 보조 입자","카오스","ParticleSystem","TrailPack","/Game/TrailPack/Particles/Cascade/Soul/Trail_Sparks/P_SoulSparkSword","","독립 스킬이 아닌 궤적 보조 표현","2026-10-03 원본 VFX 삭제 완료; 스킬은 미생성 보류 이력; 원본 에셋 위치는 삭제 전 이력 경로"
"영혼불의 여운","보류(원본 삭제)","Trail 보조 입자","카오스","ParticleSystem","TrailPack","/Game/TrailPack/Particles/Cascade/Soul/Trail_Sparks/P_SoulSparkTrail","","독립 스킬이 아닌 궤적 보조 표현","2026-10-03 원본 VFX 삭제 완료; 스킬은 미생성 보류 이력; 원본 에셋 위치는 삭제 전 이력 경로"
"영혼의 파편","보류(원본 삭제)","Trail 보조 입자","카오스","NiagaraSystem","TrailPack","/Game/TrailPack/Particles/Niagara/Soul/Spark/NS_SoulSpark","","독립 스킬이 아닌 궤적 보조 표현","2026-10-03 원본 VFX 삭제 완료; 스킬은 미생성 보류 이력; 원본 에셋 위치는 삭제 전 이력 경로"
"원소의 파편","보류(원본 삭제)","Trail 보조 입자","불 + 냉기 + 번개","ParticleSystem","TrailPack","/Game/TrailPack/Particles/Cascade/Elemental/Trail_Sparks/P_ElementalSpark","","독립 스킬이 아닌 궤적 보조 표현","2026-10-03 원본 VFX 삭제 완료; 스킬은 미생성 보류 이력; 원본 에셋 위치는 삭제 전 이력 경로"
"파동의 핵","보류(원본 삭제)","Trail 보조 입자","물리","ParticleSystem","TrailPack","/Game/TrailPack/Particles/Cascade/Wave/Sparks/P_WaveCores","","독립 스킬이 아닌 궤적 보조 표현","2026-10-03 원본 VFX 삭제 완료; 스킬은 미생성 보류 이력; 원본 에셋 위치는 삭제 전 이력 경로"
"파동의 파편","보류(원본 삭제)","Trail 보조 입자","물리","NiagaraSystem","TrailPack","/Game/TrailPack/Particles/Niagara/Wave/Spark/NS_WaveSpark","","독립 스킬이 아닌 궤적 보조 표현","2026-10-03 원본 VFX 삭제 완료; 스킬은 미생성 보류 이력; 원본 에셋 위치는 삭제 전 이력 경로"
"강격의 여운","보류(원본 삭제)","Trail 보조 입자","물리","ParticleSystem","TrailPack","/Game/TrailPack/Particles/Cascade/Strong/Trail_Sparks/P_Strong_Trailin","","독립 스킬이 아닌 궤적 보조 표현","2026-10-03 원본 VFX 삭제 완료; 스킬은 미생성 보류 이력; 원본 에셋 위치는 삭제 전 이력 경로"
"강격의 불티","보류(원본 삭제)","Trail 보조 입자","물리","NiagaraSystem","TrailPack","/Game/TrailPack/Particles/Niagara/Strong/Spark/NS_Strong_Spark","","독립 스킬이 아닌 궤적 보조 표현","2026-10-03 원본 VFX 삭제 완료; 스킬은 미생성 보류 이력; 원본 에셋 위치는 삭제 전 이력 경로"
"마력 구체 1","삭제 완료","구체","카오스","ParticleSystem","RPGEffects","/Game/RPGEffects/Particles/P_Mage_MagicSphere","/Game/User_JeHoon/Blueprint/DataAsset/Skills/BPDA_P_Mage_MagicSphere","처음 차단 충돌한 지점에서 소멸하는 단일 투사체","2026-10-03 스킬·원본 VFX 삭제 완료; 스킬 BPDA/원본 에셋 위치는 삭제 전 이력 경로; 초기값: 위력 50/AP 1. 실제 재생·작동 미확인; VFX 크기·회전·충돌 범위 조정 필요"
"마력 구체 2","삭제 완료","구체","카오스","NiagaraSystem","RPGEffects","/Game/RPGEffects/ParticlesNiagara/Mage/MagicSphere/NS_Mage_MagicSphere","/Game/User_JeHoon/Blueprint/DataAsset/Skills/BPDA_NS_Mage_MagicSphere","처음 차단 충돌한 지점에서 소멸하는 단일 투사체","2026-10-03 스킬·원본 VFX 삭제 완료; 스킬 BPDA/원본 에셋 위치는 삭제 전 이력 경로; 초기값: 위력 50/AP 1. 실제 재생·작동 미확인; VFX 크기·회전·충돌 범위 조정 필요"
"기도의 구체 1","삭제 완료","구체","번개","ParticleSystem","RPGEffects","/Game/RPGEffects/Particles/P_Priest_Sphere","/Game/User_JeHoon/Blueprint/DataAsset/Skills/BPDA_P_Priest_Sphere","처음 차단 충돌한 지점에서 소멸하는 단일 투사체","2026-10-03 스킬·원본 VFX 삭제 완료; 스킬 BPDA/원본 에셋 위치는 삭제 전 이력 경로; 초기값: 위력 50/AP 1. 실제 재생·작동 미확인; VFX 크기·회전·충돌 범위 조정 필요"
"기도의 구체 2","삭제 완료","구체","번개","NiagaraSystem","RPGEffects","/Game/RPGEffects/ParticlesNiagara/Priest/Sphere/NS_Priest_Sphere","/Game/User_JeHoon/Blueprint/DataAsset/Skills/BPDA_NS_Priest_Sphere","처음 차단 충돌한 지점에서 소멸하는 단일 투사체","2026-10-03 스킬·원본 VFX 삭제 완료; 스킬 BPDA/원본 에셋 위치는 삭제 전 이력 경로; 초기값: 위력 50/AP 1. 실제 재생·작동 미확인; VFX 크기·회전·충돌 범위 조정 필요"
"벼락 1","보류(원본 삭제)","낙뢰","번개","Blueprint","FXVarietyPack","/Game/FXVarietyPack/Blueprints/BP_ky_lightning1","","원본 Blueprint의 실행 로직·부품 관계 미확인; 직접 실행하지 않음","2026-10-03 원본 VFX 삭제 완료; 스킬은 미생성 보류 이력; 원본 에셋 위치는 삭제 전 이력 경로"
"뇌격 1","보류(원본 삭제)","낙뢰","번개","Blueprint","FXVarietyPack","/Game/FXVarietyPack/Blueprints/BP_ky_lightning2","","원본 Blueprint의 실행 로직·부품 관계 미확인; 직접 실행하지 않음","2026-10-03 원본 VFX 삭제 완료; 스킬은 미생성 보류 이력; 원본 에셋 위치는 삭제 전 이력 경로"
"낙뢰 1","보류(원본 삭제)","낙뢰","번개","Blueprint","FXVarietyPack","/Game/FXVarietyPack/Blueprints/BP_ky_lightning3","","원본 Blueprint의 실행 로직·부품 관계 미확인; 직접 실행하지 않음","2026-10-03 원본 VFX 삭제 완료; 스킬은 미생성 보류 이력; 원본 에셋 위치는 삭제 전 이력 경로"
"벼락 2","삭제 완료","낙뢰","번개","ParticleSystem","FXVarietyPack","/Game/FXVarietyPack/Particles/P_ky_lightning1","/Game/User_JeHoon/Blueprint/DataAsset/Skills/BPDA_P_ky_lightning1","선택 지점의 충돌 영역 안 적에게 각각 1회 피해","2026-10-03 스킬·원본 VFX 삭제 완료; 스킬 BPDA/원본 에셋 위치는 삭제 전 이력 경로; 초기값: 위력 50/AP 1. 실제 재생·작동 미확인; VFX 크기·회전·충돌 범위 조정 필요"
"뇌격 2","삭제 완료","낙뢰","번개","ParticleSystem","FXVarietyPack","/Game/FXVarietyPack/Particles/P_ky_lightning2","/Game/User_JeHoon/Blueprint/DataAsset/Skills/BPDA_P_ky_lightning2","선택 지점의 충돌 영역 안 적에게 각각 1회 피해","2026-10-03 스킬·원본 VFX 삭제 완료; 스킬 BPDA/원본 에셋 위치는 삭제 전 이력 경로; 초기값: 위력 50/AP 1. 실제 재생·작동 미확인; VFX 크기·회전·충돌 범위 조정 필요"
"낙뢰 2","삭제 완료","낙뢰","번개","ParticleSystem","FXVarietyPack","/Game/FXVarietyPack/Particles/P_ky_lightning3","/Game/User_JeHoon/Blueprint/DataAsset/Skills/BPDA_P_ky_lightning3","선택 지점의 충돌 영역 안 적에게 각각 1회 피해","2026-10-03 스킬·원본 VFX 삭제 완료; 스킬 BPDA/원본 에셋 위치는 삭제 전 이력 경로; 초기값: 위력 50/AP 1. 실제 재생·작동 미확인; VFX 크기·회전·충돌 범위 조정 필요"
"뇌전의 낙하","삭제 완료","낙뢰","번개","ParticleSystem","Luos8Elements","/Game/Luos8Elements/Particles/Lightning/Par_4E_LightningStrike_01","/Game/User_JeHoon/Blueprint/DataAsset/Skills/BPDA_Par_4E_LightningStrike_01","선택 지점의 충돌 영역 안 적에게 각각 1회 피해","2026-10-03 스킬·원본 VFX 삭제 완료; 스킬 BPDA/원본 에셋 위치는 삭제 전 이력 경로; 초기값: 위력 50/AP 1. 실제 재생·작동 미확인; VFX 크기·회전·충돌 범위 조정 필요"
"뇌전 강림","삭제 완료","낙뢰","번개","NiagaraSystem","Mixed_Magic_VFX_Pack","/Game/Mixed_Magic_VFX_Pack/VFX/NS_Lightning_Strike","/Game/User_JeHoon/Blueprint/DataAsset/Skills/BPDA_NS_Lightning_Strike","선택 지점의 충돌 영역 안 적에게 각각 1회 피해","2026-10-03 스킬·원본 VFX 삭제 완료; 스킬 BPDA/원본 에셋 위치는 삭제 전 이력 경로; 초기값: 위력 50/AP 1. 실제 재생·작동 미확인; VFX 크기·회전·충돌 범위 조정 필요"
"번개 일격 1","삭제 완료","낙뢰","번개","ParticleSystem","RPGEffects","/Game/RPGEffects/Particles/P_Mage_Lightning_Bolt","/Game/User_JeHoon/Blueprint/DataAsset/Skills/BPDA_P_Mage_Lightning_Bolt","선택 지점의 충돌 영역 안 적에게 각각 1회 피해","2026-10-03 스킬·원본 VFX 삭제 완료; 스킬 BPDA/원본 에셋 위치는 삭제 전 이력 경로; 초기값: 위력 50/AP 1. 실제 재생·작동 미확인; VFX 크기·회전·충돌 범위 조정 필요"
"번개 일격 2","삭제 완료","낙뢰","번개","NiagaraSystem","RPGEffects","/Game/RPGEffects/ParticlesNiagara/Mage/LightningBolt/NS_Mage_LIghtning_Bolt","/Game/User_JeHoon/Blueprint/DataAsset/Skills/BPDA_NS_Mage_LIghtning_Bolt","선택 지점의 충돌 영역 안 적에게 각각 1회 피해","2026-10-03 스킬·원본 VFX 삭제 완료; 스킬 BPDA/원본 에셋 위치는 삭제 전 이력 경로; 초기값: 위력 50/AP 1. 실제 재생·작동 미확인; VFX 크기·회전·충돌 범위 조정 필요"
"붉은 뇌전","삭제 완료","낙뢰/방전","번개","NiagaraSystem","Vefects","/Game/Vefects/Zap_VFX/VFX/Zap/Particles/NS_Zap_01_Red","/Game/User_JeHoon/Blueprint/DataAsset/Skills/BPDA_NS_Zap_01_Red","선택 지점의 충돌 영역 안 적에게 각각 1회 피해","2026-10-03 스킬·원본 VFX 삭제 완료; 스킬 BPDA/원본 에셋 위치는 삭제 전 이력 경로; 초기값: 위력 50/AP 1. 실제 재생·작동 미확인; VFX 크기·회전·충돌 범위 조정 필요"
"푸른 뇌전","삭제 완료","낙뢰/방전","번개","NiagaraSystem","Vefects","/Game/Vefects/Zap_VFX/VFX/Zap/Particles/NS_Zap_02_Blue","/Game/User_JeHoon/Blueprint/DataAsset/Skills/BPDA_NS_Zap_02_Blue","선택 지점의 충돌 영역 안 적에게 각각 1회 피해","2026-10-03 스킬·원본 VFX 삭제 완료; 스킬 BPDA/원본 에셋 위치는 삭제 전 이력 경로; 초기값: 위력 50/AP 1. 실제 재생·작동 미확인; VFX 크기·회전·충돌 범위 조정 필요"
"노란 뇌전","삭제 완료","낙뢰/방전","번개","NiagaraSystem","Vefects","/Game/Vefects/Zap_VFX/VFX/Zap/Particles/NS_Zap_03_Yellow","/Game/User_JeHoon/Blueprint/DataAsset/Skills/BPDA_NS_Zap_03_Yellow","선택 지점의 충돌 영역 안 적에게 각각 1회 피해","2026-10-03 스킬·원본 VFX 삭제 완료; 스킬 BPDA/원본 에셋 위치는 삭제 전 이력 경로; 초기값: 위력 50/AP 1. 실제 재생·작동 미확인; VFX 크기·회전·충돌 범위 조정 필요"
"초록 뇌전","삭제 완료","낙뢰/방전","번개","NiagaraSystem","Vefects","/Game/Vefects/Zap_VFX/VFX/Zap/Particles/NS_Zap_04_Green","/Game/User_JeHoon/Blueprint/DataAsset/Skills/BPDA_NS_Zap_04_Green","선택 지점의 충돌 영역 안 적에게 각각 1회 피해","2026-10-03 스킬·원본 VFX 삭제 완료; 스킬 BPDA/원본 에셋 위치는 삭제 전 이력 경로; 초기값: 위력 50/AP 1. 실제 재생·작동 미확인; VFX 크기·회전·충돌 범위 조정 필요"
"보랏빛 뇌전","삭제 완료","낙뢰/방전","번개","NiagaraSystem","Vefects","/Game/Vefects/Zap_VFX/VFX/Zap/Particles/NS_Zap_05_Purple","/Game/User_JeHoon/Blueprint/DataAsset/Skills/BPDA_NS_Zap_05_Purple","선택 지점의 충돌 영역 안 적에게 각각 1회 피해","2026-10-03 스킬·원본 VFX 삭제 완료; 스킬 BPDA/원본 에셋 위치는 삭제 전 이력 경로; 초기값: 위력 50/AP 1. 실제 재생·작동 미확인; VFX 크기·회전·충돌 범위 조정 필요"
"하얀 뇌전","삭제 완료","낙뢰/방전","번개","NiagaraSystem","Vefects","/Game/Vefects/Zap_VFX/VFX/Zap/Particles/NS_Zap_06_White","/Game/User_JeHoon/Blueprint/DataAsset/Skills/BPDA_NS_Zap_06_White","선택 지점의 충돌 영역 안 적에게 각각 1회 피해","2026-10-03 스킬·원본 VFX 삭제 완료; 스킬 BPDA/원본 에셋 위치는 삭제 전 이력 경로; 초기값: 위력 50/AP 1. 실제 재생·작동 미확인; VFX 크기·회전·충돌 범위 조정 필요"
"검은 뇌전","삭제 완료","낙뢰/방전","번개","NiagaraSystem","Vefects","/Game/Vefects/Zap_VFX/VFX/Zap/Particles/NS_Zap_07_Black","/Game/User_JeHoon/Blueprint/DataAsset/Skills/BPDA_NS_Zap_07_Black","선택 지점의 충돌 영역 안 적에게 각각 1회 피해","2026-10-03 스킬·원본 VFX 삭제 완료; 스킬 BPDA/원본 에셋 위치는 삭제 전 이력 경로; 초기값: 위력 50/AP 1. 실제 재생·작동 미확인; VFX 크기·회전·충돌 범위 조정 필요"
"뇌전의 섬광","삭제 완료","낙뢰/방전","번개","ParticleSystem","Vefects","/Game/Vefects/Zap_VFX/VFX/Zap/Particles/PS_Zap_01","/Game/User_JeHoon/Blueprint/DataAsset/Skills/BPDA_PS_Zap_01","선택 지점의 충돌 영역 안 적에게 각각 1회 피해","2026-10-03 스킬·원본 VFX 삭제 완료; 스킬 BPDA/원본 에셋 위치는 삭제 전 이력 경로; 초기값: 위력 50/AP 1. 실제 재생·작동 미확인; VFX 크기·회전·충돌 범위 조정 필요"
"뇌전의 잔광","삭제 완료","낙뢰/방전","번개","ParticleSystem","Vefects","/Game/Vefects/Zap_VFX/VFX/Zap/Particles/PS_Zap_02","/Game/User_JeHoon/Blueprint/DataAsset/Skills/BPDA_PS_Zap_02","선택 지점의 충돌 영역 안 적에게 각각 1회 피해","2026-10-03 스킬·원본 VFX 삭제 완료; 스킬 BPDA/원본 에셋 위치는 삭제 전 이력 경로; 초기값: 위력 50/AP 1. 실제 재생·작동 미확인; VFX 크기·회전·충돌 범위 조정 필요"
"비술의 일격","보류(원본 삭제)","마법 공격","카오스","NiagaraSystem","Free_Magic","/Game/Free_Magic/VFX_Niagara/NS_Free_Magic_Attack1","","공격 방향·충돌 형태 확인 필요","2026-10-03 원본 VFX 삭제 완료; 스킬은 미생성 보류 이력; 원본 에셋 위치는 삭제 전 이력 경로"
"마력의 일격","보류(원본 삭제)","마법 공격","카오스","NiagaraSystem","Free_Magic","/Game/Free_Magic/VFX_Niagara/NS_Free_Magic_Attack2","","공격 방향·충돌 형태 확인 필요","2026-10-03 원본 VFX 삭제 완료; 스킬은 미생성 보류 이력; 원본 에셋 위치는 삭제 전 이력 경로"
"어둠의 궤적","보류(원본 삭제)","마법 Trail","카오스","ParticleSystem","Luos8Elements","/Game/Luos8Elements/Particles/Dark/Par_4E_DarkRibbon_01","","독립 스킬이 아닌 궤적 보조 표현","2026-10-03 원본 VFX 삭제 완료; 스킬은 미생성 보류 이력; 원본 에셋 위치는 삭제 전 이력 경로"
"죽음의 궤적","보류(원본 삭제)","마법 Trail","카오스","NiagaraSystem","MegaMagicVFXBundle","/Game/MegaMagicVFXBundle/VFX/MagicAuraVFX/VFX/TrailsOfDeath/Systems/N_TrailsOfDeath","","독립 스킬이 아닌 궤적 보조 표현","2026-10-03 원본 VFX 삭제 완료; 스킬은 미생성 보류 이력; 원본 에셋 위치는 삭제 전 이력 경로"
"비술진","보류(원본 삭제)","마법진","카오스","NiagaraSystem","Free_Magic","/Game/Free_Magic/VFX_Niagara/NS_Free_Magic_Circle1","","공격·지원 동작과 적용 대상이 불명확","2026-10-03 원본 VFX 삭제 완료; 스킬은 미생성 보류 이력; 원본 에셋 위치는 삭제 전 이력 경로"
"마력진","보류(원본 삭제)","마법진","카오스","NiagaraSystem","Free_Magic","/Game/Free_Magic/VFX_Niagara/NS_Free_Magic_Circle2","","공격·지원 동작과 적용 대상이 불명확","2026-10-03 원본 VFX 삭제 완료; 스킬은 미생성 보류 이력; 원본 에셋 위치는 삭제 전 이력 경로"
"비전 마법진 1","보류(원본 삭제)","마법진","카오스","Blueprint","FXVarietyPack","/Game/FXVarietyPack/Blueprints/BP_ky_magicCircle1","","원본 Blueprint의 실행 로직·부품 관계 미확인; 직접 실행하지 않음","2026-10-03 원본 VFX 삭제 완료; 스킬은 미생성 보류 이력; 원본 에셋 위치는 삭제 전 이력 경로"
"비전 마법진 2","보류(원본 삭제)","마법진","카오스","ParticleSystem","FXVarietyPack","/Game/FXVarietyPack/Particles/P_ky_magicCircle1","","공격·지원 동작과 적용 대상이 불명확","2026-10-03 원본 VFX 삭제 완료; 스킬은 미생성 보류 이력; 원본 에셋 위치는 삭제 전 이력 경로"
"마력 운석우","삭제 완료","범위 낙하","물리 + 카오스","NiagaraSystem","MegaMagicVFXBundle","/Game/MegaMagicVFXBundle/VFX/MagicalExplosionsVFX/VFX/MeteorShower/Systems/N_MagicalMeteorShower","/Game/User_JeHoon/Blueprint/DataAsset/Skills/BPDA_N_MagicalMeteorShower","선택 지점의 충돌 영역 안 적에게 각각 1회 피해","2026-10-03 스킬·원본 VFX 삭제 완료; 스킬 BPDA/원본 에셋 위치는 삭제 전 이력 경로; 초기값: 위력 50/AP 1. 실제 재생·작동 미확인; VFX 크기·회전·충돌 범위 조정 필요"
"운석우","삭제 완료","범위 낙하","물리 + 불","NiagaraSystem","MegaMagicVFXBundle","/Game/MegaMagicVFXBundle/VFX/MagicalExplosionsVFX/VFX/MeteorShower/Systems/N_MeteorShower","/Game/User_JeHoon/Blueprint/DataAsset/Skills/BPDA_N_MeteorShower","선택 지점의 충돌 영역 안 적에게 각각 1회 피해","2026-10-03 스킬·원본 VFX 삭제 완료; 스킬 BPDA/원본 에셋 위치는 삭제 전 이력 경로; 초기값: 위력 50/AP 1. 실제 재생·작동 미확인; VFX 크기·회전·충돌 범위 조정 필요"
"물결 폭풍 1","보류(원본 삭제)","범위 폭풍","냉기","Blueprint","FXVarietyPack","/Game/FXVarietyPack/Blueprints/BP_ky_aquaStorm","","원본 Blueprint의 실행 로직·부품 관계 미확인; 직접 실행하지 않음","2026-10-03 원본 VFX 삭제 완료; 스킬은 미생성 보류 이력; 원본 에셋 위치는 삭제 전 이력 경로"
"물결 폭풍 2","삭제 완료","범위 폭풍","냉기","ParticleSystem","FXVarietyPack","/Game/FXVarietyPack/Particles/P_ky_aquaStorm","/Game/User_JeHoon/Blueprint/DataAsset/Skills/BPDA_P_ky_aquaStorm","선택 지점의 충돌 영역 안 적에게 각각 1회 피해","2026-10-03 스킬·원본 VFX 삭제 완료; 스킬 BPDA/원본 에셋 위치는 삭제 전 이력 경로; 초기값: 위력 50/AP 1. 실제 재생·작동 미확인; VFX 크기·회전·충돌 범위 조정 필요"
"폭풍의 소용돌이 1","보류(원본 삭제)","범위 폭풍","물리","Blueprint","FXVarietyPack","/Game/FXVarietyPack/Blueprints/BP_ky_storm","","원본 Blueprint의 실행 로직·부품 관계 미확인; 직접 실행하지 않음","2026-10-03 원본 VFX 삭제 완료; 스킬은 미생성 보류 이력; 원본 에셋 위치는 삭제 전 이력 경로"
"폭풍의 소용돌이 2","삭제 완료","범위 폭풍","물리","ParticleSystem","FXVarietyPack","/Game/FXVarietyPack/Particles/P_ky_storm","/Game/User_JeHoon/Blueprint/DataAsset/Skills/BPDA_P_ky_storm","선택 지점의 충돌 영역 안 적에게 각각 1회 피해","2026-10-03 스킬·원본 VFX 삭제 완료; 스킬 BPDA/원본 에셋 위치는 삭제 전 이력 경로; 초기값: 위력 50/AP 1. 실제 재생·작동 미확인; VFX 크기·회전·충돌 범위 조정 필요"
"뇌전 폭풍 1","보류(원본 삭제)","범위 폭풍","번개","Blueprint","FXVarietyPack","/Game/FXVarietyPack/Blueprints/BP_ky_thunderStorm","","원본 Blueprint의 실행 로직·부품 관계 미확인; 직접 실행하지 않음","2026-10-03 원본 VFX 삭제 완료; 스킬은 미생성 보류 이력; 원본 에셋 위치는 삭제 전 이력 경로"
"뇌전 폭풍 2","삭제 완료","범위 폭풍","번개","ParticleSystem","FXVarietyPack","/Game/FXVarietyPack/Particles/P_ky_thunderStorm","/Game/User_JeHoon/Blueprint/DataAsset/Skills/BPDA_P_ky_thunderStorm","선택 지점의 충돌 영역 안 적에게 각각 1회 피해","2026-10-03 스킬·원본 VFX 삭제 완료; 스킬 BPDA/원본 에셋 위치는 삭제 전 이력 경로; 초기값: 위력 50/AP 1. 실제 재생·작동 미확인; VFX 크기·회전·충돌 범위 조정 필요"
"어둠의 폭풍 1","보류(원본 삭제)","범위 폭풍","카오스","Blueprint","FXVarietyPack","/Game/FXVarietyPack/Blueprints/BP_ky_darkStorm","","원본 Blueprint의 실행 로직·부품 관계 미확인; 직접 실행하지 않음","2026-10-03 원본 VFX 삭제 완료; 스킬은 미생성 보류 이력; 원본 에셋 위치는 삭제 전 이력 경로"
"어둠의 폭풍 2","삭제 완료","범위 폭풍","카오스","ParticleSystem","FXVarietyPack","/Game/FXVarietyPack/Particles/P_ky_darkStorm","/Game/User_JeHoon/Blueprint/DataAsset/Skills/BPDA_P_ky_darkStorm","선택 지점의 충돌 영역 안 적에게 각각 1회 피해","2026-10-03 스킬·원본 VFX 삭제 완료; 스킬 BPDA/원본 에셋 위치는 삭제 전 이력 경로; 초기값: 위력 50/AP 1. 실제 재생·작동 미확인; VFX 크기·회전·충돌 범위 조정 필요"
"화염 폭풍 1","보류(원본 삭제)","범위 폭풍","불","Blueprint","FXVarietyPack","/Game/FXVarietyPack/Blueprints/BP_ky_fireStorm","","원본 Blueprint의 실행 로직·부품 관계 미확인; 직접 실행하지 않음","2026-10-03 원본 VFX 삭제 완료; 스킬은 미생성 보류 이력; 원본 에셋 위치는 삭제 전 이력 경로"
"화염 폭풍 2","삭제 완료","범위 폭풍","불","ParticleSystem","FXVarietyPack","/Game/FXVarietyPack/Particles/P_ky_fireStorm","/Game/User_JeHoon/Blueprint/DataAsset/Skills/BPDA_P_ky_fireStorm","선택 지점의 충돌 영역 안 적에게 각각 1회 피해","2026-10-03 스킬·원본 VFX 삭제 완료; 스킬 BPDA/원본 에셋 위치는 삭제 전 이력 경로; 초기값: 위력 50/AP 1. 실제 재생·작동 미확인; VFX 크기·회전·충돌 범위 조정 필요"
"대지 수호막 1","보류(원본 삭제)","보호막/장벽","물리","Blueprint","Luos8Elements","/Game/Luos8Elements/Blueprints/Earth/BP_Earth_Def_01","","원본 Blueprint의 실행 로직·부품 관계 미확인; 직접 실행하지 않음","2026-10-03 원본 VFX 삭제 완료; 스킬은 미생성 보류 이력; 원본 에셋 위치는 삭제 전 이력 경로"
"대지의 결계 1","보류(원본 삭제)","보호막/장벽","물리","Blueprint","Luos8Elements","/Game/Luos8Elements/Blueprints/Earth/BP_Earth_Def_02","","원본 Blueprint의 실행 로직·부품 관계 미확인; 직접 실행하지 않음","2026-10-03 원본 VFX 삭제 완료; 스킬은 미생성 보류 이력; 원본 에셋 위치는 삭제 전 이력 경로"
"대지 수호막 2","삭제 완료","보호막/장벽","물리","ParticleSystem","Luos8Elements","/Game/Luos8Elements/Particles/Earth/Par_LMagic_Earth_Def_01","/Game/User_JeHoon/Blueprint/DataAsset/Skills/BPDA_Par_LMagic_Earth_Def_01","아군 대상 피해 흡수 보호막; 해당 라운드 종료 시 제거","2026-10-03 스킬·원본 VFX 삭제 완료; 스킬 BPDA/원본 에셋 위치는 삭제 전 이력 경로; 초기값: 위력 50/AP 1. 실제 재생·작동 미확인; VFX 크기·회전·충돌 범위 조정 필요; 장벽 형상도 아군 피해 흡수로 적용하며 이동 차단 없음"
"대지의 결계 2","삭제 완료","보호막/장벽","물리","ParticleSystem","Luos8Elements","/Game/Luos8Elements/Particles/Earth/Par_LMagic_Earth_Def_02","/Game/User_JeHoon/Blueprint/DataAsset/Skills/BPDA_Par_LMagic_Earth_Def_02","아군 대상 피해 흡수 보호막; 해당 라운드 종료 시 제거","2026-10-03 스킬·원본 VFX 삭제 완료; 스킬 BPDA/원본 에셋 위치는 삭제 전 이력 경로; 초기값: 위력 50/AP 1. 실제 재생·작동 미확인; VFX 크기·회전·충돌 범위 조정 필요; 장벽 형상도 아군 피해 흡수로 적용하며 이동 차단 없음"
"독무 결계","삭제 완료","보호막/장벽","카오스","NiagaraSystem","MegaMagicVFXBundle","/Game/MegaMagicVFXBundle/VFX/MagicShieldsVFX/VFX/DefaultVersions/PoisonShield/Systems/N_PoisonShield","/Game/User_JeHoon/Blueprint/DataAsset/Skills/BPDA_N_PoisonShield","아군 대상 피해 흡수 보호막; 해당 라운드 종료 시 제거","2026-10-03 스킬·원본 VFX 삭제 완료; 스킬 BPDA/원본 에셋 위치는 삭제 전 이력 경로; 초기값: 위력 50/AP 1. 실제 재생·작동 미확인; VFX 크기·회전·충돌 범위 조정 필요; 장벽 형상도 아군 피해 흡수로 적용하며 이동 차단 없음"
"독무 장벽","삭제 완료","보호막/장벽","카오스","NiagaraSystem","MegaMagicVFXBundle","/Game/MegaMagicVFXBundle/VFX/MagicShieldsVFX/VFX/DefaultVersions/PoisonWall/Systems/N_PoisonWall","/Game/User_JeHoon/Blueprint/DataAsset/Skills/BPDA_N_PoisonWall","아군 대상 피해 흡수 보호막; 해당 라운드 종료 시 제거","2026-10-03 스킬·원본 VFX 삭제 완료; 스킬 BPDA/원본 에셋 위치는 삭제 전 이력 경로; 초기값: 위력 50/AP 1. 실제 재생·작동 미확인; VFX 크기·회전·충돌 범위 조정 필요; 장벽 형상도 아군 피해 흡수로 적용하며 이동 차단 없음"
"용암 결계","삭제 완료","보호막/장벽","물리 + 불","NiagaraSystem","MegaMagicVFXBundle","/Game/MegaMagicVFXBundle/VFX/MagicShieldsVFX/VFX/DefaultVersions/MagmaShield/Systems/N_MagmaShield","/Game/User_JeHoon/Blueprint/DataAsset/Skills/BPDA_N_MagmaShield","아군 대상 피해 흡수 보호막; 해당 라운드 종료 시 제거","2026-10-03 스킬·원본 VFX 삭제 완료; 스킬 BPDA/원본 에셋 위치는 삭제 전 이력 경로; 초기값: 위력 50/AP 1. 실제 재생·작동 미확인; VFX 크기·회전·충돌 범위 조정 필요; 장벽 형상도 아군 피해 흡수로 적용하며 이동 차단 없음"
"용암 장벽","삭제 완료","보호막/장벽","물리 + 불","NiagaraSystem","MegaMagicVFXBundle","/Game/MegaMagicVFXBundle/VFX/MagicShieldsVFX/VFX/DefaultVersions/MagmaWall/Systems/N_MagmaWall","/Game/User_JeHoon/Blueprint/DataAsset/Skills/BPDA_N_MagmaWall","아군 대상 피해 흡수 보호막; 해당 라운드 종료 시 제거","2026-10-03 스킬·원본 VFX 삭제 완료; 스킬 BPDA/원본 에셋 위치는 삭제 전 이력 경로; 초기값: 위력 50/AP 1. 실제 재생·작동 미확인; VFX 크기·회전·충돌 범위 조정 필요; 장벽 형상도 아군 피해 흡수로 적용하며 이동 차단 없음"
"마법 장벽","삭제 완료","보호막/장벽","카오스","NiagaraSystem","MegaMagicVFXBundle","/Game/MegaMagicVFXBundle/VFX/MagicAuraVFX/VFX/MagicalBarrier/Systems/N_MagicalBarrier","/Game/User_JeHoon/Blueprint/DataAsset/Skills/BPDA_N_MagicalBarrier","아군 대상 피해 흡수 보호막; 해당 라운드 종료 시 제거","2026-10-03 스킬·원본 VFX 삭제 완료; 스킬 BPDA/원본 에셋 위치는 삭제 전 이력 경로; 초기값: 위력 50/AP 1. 실제 재생·작동 미확인; VFX 크기·회전·충돌 범위 조정 필요; 장벽 형상도 아군 피해 흡수로 적용하며 이동 차단 없음"
"물결 수호막 1","보류(원본 삭제)","보호막/장벽","냉기","Blueprint","Luos8Elements","/Game/Luos8Elements/Blueprints/Aqua/BP_Aqua_Def_01","","원본 Blueprint의 실행 로직·부품 관계 미확인; 직접 실행하지 않음","2026-10-03 원본 VFX 삭제 완료; 스킬은 미생성 보류 이력; 원본 에셋 위치는 삭제 전 이력 경로"
"물결 수호막 2","삭제 완료","보호막/장벽","냉기","ParticleSystem","Luos8Elements","/Game/Luos8Elements/Particles/Aqua/Par_LMagic_Aqua_Def_01","/Game/User_JeHoon/Blueprint/DataAsset/Skills/BPDA_Par_LMagic_Aqua_Def_01","아군 대상 피해 흡수 보호막; 해당 라운드 종료 시 제거","2026-10-03 스킬·원본 VFX 삭제 완료; 스킬 BPDA/원본 에셋 위치는 삭제 전 이력 경로; 초기값: 위력 50/AP 1. 실제 재생·작동 미확인; VFX 크기·회전·충돌 범위 조정 필요; 장벽 형상도 아군 피해 흡수로 적용하며 이동 차단 없음"
"물결 결계","삭제 완료","보호막/장벽","냉기","NiagaraSystem","MegaMagicVFXBundle","/Game/MegaMagicVFXBundle/VFX/MagicShieldsVFX/VFX/DefaultVersions/AquaShield/Systems/N_AquaShield","/Game/User_JeHoon/Blueprint/DataAsset/Skills/BPDA_N_AquaShield","아군 대상 피해 흡수 보호막; 해당 라운드 종료 시 제거","2026-10-03 스킬·원본 VFX 삭제 완료; 스킬 BPDA/원본 에셋 위치는 삭제 전 이력 경로; 초기값: 위력 50/AP 1. 실제 재생·작동 미확인; VFX 크기·회전·충돌 범위 조정 필요; 장벽 형상도 아군 피해 흡수로 적용하며 이동 차단 없음"
"물결 장벽","삭제 완료","보호막/장벽","냉기","NiagaraSystem","MegaMagicVFXBundle","/Game/MegaMagicVFXBundle/VFX/MagicShieldsVFX/VFX/DefaultVersions/AquaWall/Systems/N_AquaWall","/Game/User_JeHoon/Blueprint/DataAsset/Skills/BPDA_N_AquaWall","아군 대상 피해 흡수 보호막; 해당 라운드 종료 시 제거","2026-10-03 스킬·원본 VFX 삭제 완료; 스킬 BPDA/원본 에셋 위치는 삭제 전 이력 경로; 초기값: 위력 50/AP 1. 실제 재생·작동 미확인; VFX 크기·회전·충돌 범위 조정 필요; 장벽 형상도 아군 피해 흡수로 적용하며 이동 차단 없음"
"회전 수호막","보류(원본 삭제)","보호막/장벽","물리","Blueprint","RPGEffects","/Game/RPGEffects/Blueprints/BP_Rotating_Shield","","원본 Blueprint의 실행 로직·부품 관계 미확인; 직접 실행하지 않음","2026-10-03 원본 VFX 삭제 완료; 스킬은 미생성 보류 이력; 원본 에셋 위치는 삭제 전 이력 경로"
"사제의 수호막 1","삭제 완료","보호막/장벽","번개","ParticleSystem","RPGEffects","/Game/RPGEffects/Particles/P_Priest_Shield","/Game/User_JeHoon/Blueprint/DataAsset/Skills/BPDA_P_Priest_Shield","아군 대상 피해 흡수 보호막; 해당 라운드 종료 시 제거","2026-10-03 스킬·원본 VFX 삭제 완료; 스킬 BPDA/원본 에셋 위치는 삭제 전 이력 경로; 초기값: 위력 50/AP 1. 실제 재생·작동 미확인; VFX 크기·회전·충돌 범위 조정 필요; 장벽 형상도 아군 피해 흡수로 적용하며 이동 차단 없음"
"사제의 수호막 2","삭제 완료","보호막/장벽","번개","NiagaraSystem","RPGEffects","/Game/RPGEffects/ParticlesNiagara/Priest/Shield/NS_Preist_Shield","/Game/User_JeHoon/Blueprint/DataAsset/Skills/BPDA_NS_Preist_Shield","아군 대상 피해 흡수 보호막; 해당 라운드 종료 시 제거","2026-10-03 스킬·원본 VFX 삭제 완료; 스킬 BPDA/원본 에셋 위치는 삭제 전 이력 경로; 초기값: 위력 50/AP 1. 실제 재생·작동 미확인; VFX 크기·회전·충돌 범위 조정 필요; 장벽 형상도 아군 피해 흡수로 적용하며 이동 차단 없음"
"바람 수호막 1","보류(원본 삭제)","보호막/장벽","물리","Blueprint","Luos8Elements","/Game/Luos8Elements/Blueprints/Wind/BP_Wind_Def_01","","원본 Blueprint의 실행 로직·부품 관계 미확인; 직접 실행하지 않음","2026-10-03 원본 VFX 삭제 완료; 스킬은 미생성 보류 이력; 원본 에셋 위치는 삭제 전 이력 경로"
"바람 수호막 2","삭제 완료","보호막/장벽","물리","ParticleSystem","Luos8Elements","/Game/Luos8Elements/Particles/Wind/Par_Lmagic_Wind_Def_01","/Game/User_JeHoon/Blueprint/DataAsset/Skills/BPDA_Par_Lmagic_Wind_Def_01","아군 대상 피해 흡수 보호막; 해당 라운드 종료 시 제거","2026-10-03 스킬·원본 VFX 삭제 완료; 스킬 BPDA/원본 에셋 위치는 삭제 전 이력 경로; 초기값: 위력 50/AP 1. 실제 재생·작동 미확인; VFX 크기·회전·충돌 범위 조정 필요; 장벽 형상도 아군 피해 흡수로 적용하며 이동 차단 없음"
"바람 수호막 3","삭제 완료","보호막/장벽","물리","ParticleSystem","Luos8Elements","/Game/Luos8Elements/Particles/Wind/Par_Lmagic_Wind_Def_01_Old","/Game/User_JeHoon/Blueprint/DataAsset/Skills/BPDA_Par_Lmagic_Wind_Def_01_Old","아군 대상 피해 흡수 보호막; 해당 라운드 종료 시 제거","2026-10-03 스킬·원본 VFX 삭제 완료; 스킬 BPDA/원본 에셋 위치는 삭제 전 이력 경로; 초기값: 위력 50/AP 1. 실제 재생·작동 미확인; VFX 크기·회전·충돌 범위 조정 필요; 장벽 형상도 아군 피해 흡수로 적용하며 이동 차단 없음"
"바람 결계 1","삭제 완료","보호막/장벽","물리","NiagaraSystem","MegaMagicVFXBundle","/Game/MegaMagicVFXBundle/VFX/MagicShieldsVFX/VFX/DefaultVersions/WindShield/Systems/N_WindShield","/Game/User_JeHoon/Blueprint/DataAsset/Skills/BPDA_N_WindShield","아군 대상 피해 흡수 보호막; 해당 라운드 종료 시 제거","2026-10-03 스킬·원본 VFX 삭제 완료; 스킬 BPDA/원본 에셋 위치는 삭제 전 이력 경로; 초기값: 위력 50/AP 1. 실제 재생·작동 미확인; VFX 크기·회전·충돌 범위 조정 필요; 장벽 형상도 아군 피해 흡수로 적용하며 이동 차단 없음"
"바람 장벽","삭제 완료","보호막/장벽","물리","NiagaraSystem","MegaMagicVFXBundle","/Game/MegaMagicVFXBundle/VFX/MagicShieldsVFX/VFX/DefaultVersions/WindWall/Systems/N_WindWall","/Game/User_JeHoon/Blueprint/DataAsset/Skills/BPDA_N_WindWall","아군 대상 피해 흡수 보호막; 해당 라운드 종료 시 제거","2026-10-03 스킬·원본 VFX 삭제 완료; 스킬 BPDA/원본 에셋 위치는 삭제 전 이력 경로; 초기값: 위력 50/AP 1. 실제 재생·작동 미확인; VFX 크기·회전·충돌 범위 조정 필요; 장벽 형상도 아군 피해 흡수로 적용하며 이동 차단 없음"
"바람 결계 2","삭제 완료","보호막/장벽","물리","NiagaraSystem","MegaMagicVFXBundle","/Game/MegaMagicVFXBundle/VFX/MagicShieldsVFX/VFX/StylizedVersions/WindShieldStylized/Systems/N_WindShieldStylized","/Game/User_JeHoon/Blueprint/DataAsset/Skills/BPDA_N_WindShieldStylized","아군 대상 피해 흡수 보호막; 해당 라운드 종료 시 제거","2026-10-03 스킬·원본 VFX 삭제 완료; 스킬 BPDA/원본 에셋 위치는 삭제 전 이력 경로; 초기값: 위력 50/AP 1. 실제 재생·작동 미확인; VFX 크기·회전·충돌 범위 조정 필요; 장벽 형상도 아군 피해 흡수로 적용하며 이동 차단 없음"
"아른거리는 결계","삭제 완료","보호막/장벽","","NiagaraSystem","MegaMagicVFXBundle","/Game/MegaMagicVFXBundle/VFX/MagicShieldsVFX/VFX/DefaultVersions/TranslucentShield/Systems/N_TranslucentShield","/Game/User_JeHoon/Blueprint/DataAsset/Skills/BPDA_N_TranslucentShield","아군 대상 피해 흡수 보호막; 해당 라운드 종료 시 제거","2026-10-03 스킬·원본 VFX 삭제 완료; 스킬 BPDA/원본 에셋 위치는 삭제 전 이력 경로; 초기값: 위력 50/AP 1. 실제 재생·작동 미확인; VFX 크기·회전·충돌 범위 조정 필요; 장벽 형상도 아군 피해 흡수로 적용하며 이동 차단 없음"
"아른거리는 장벽","삭제 완료","보호막/장벽","","NiagaraSystem","MegaMagicVFXBundle","/Game/MegaMagicVFXBundle/VFX/MagicShieldsVFX/VFX/DefaultVersions/TranslucentWall/Systems/N_TranslucentWall","/Game/User_JeHoon/Blueprint/DataAsset/Skills/BPDA_N_TranslucentWall","아군 대상 피해 흡수 보호막; 해당 라운드 종료 시 제거","2026-10-03 스킬·원본 VFX 삭제 완료; 스킬 BPDA/원본 에셋 위치는 삭제 전 이력 경로; 초기값: 위력 50/AP 1. 실제 재생·작동 미확인; VFX 크기·회전·충돌 범위 조정 필요; 장벽 형상도 아군 피해 흡수로 적용하며 이동 차단 없음"
"뇌전 수호막 1","보류(원본 삭제)","보호막/장벽","번개","Blueprint","Luos8Elements","/Game/Luos8Elements/Blueprints/Lightning/BP_4E_Lightning_Def","","원본 Blueprint의 실행 로직·부품 관계 미확인; 직접 실행하지 않음","2026-10-03 원본 VFX 삭제 완료; 스킬은 미생성 보류 이력; 원본 에셋 위치는 삭제 전 이력 경로"
"뇌전 수호막 2","삭제 완료","보호막/장벽","번개","ParticleSystem","Luos8Elements","/Game/Luos8Elements/Particles/Lightning/Par_4E_Lightning_Def_01","/Game/User_JeHoon/Blueprint/DataAsset/Skills/BPDA_Par_4E_Lightning_Def_01","아군 대상 피해 흡수 보호막; 해당 라운드 종료 시 제거","2026-10-03 스킬·원본 VFX 삭제 완료; 스킬 BPDA/원본 에셋 위치는 삭제 전 이력 경로; 초기값: 위력 50/AP 1. 실제 재생·작동 미확인; VFX 크기·회전·충돌 범위 조정 필요; 장벽 형상도 아군 피해 흡수로 적용하며 이동 차단 없음"
"뇌전 결계 1","삭제 완료","보호막/장벽","번개","NiagaraSystem","MegaMagicVFXBundle","/Game/MegaMagicVFXBundle/VFX/MagicShieldsVFX/VFX/DefaultVersions/LightningShield/Systems/N_LightningShield","/Game/User_JeHoon/Blueprint/DataAsset/Skills/BPDA_N_LightningShield","아군 대상 피해 흡수 보호막; 해당 라운드 종료 시 제거","2026-10-03 스킬·원본 VFX 삭제 완료; 스킬 BPDA/원본 에셋 위치는 삭제 전 이력 경로; 초기값: 위력 50/AP 1. 실제 재생·작동 미확인; VFX 크기·회전·충돌 범위 조정 필요; 장벽 형상도 아군 피해 흡수로 적용하며 이동 차단 없음"
"뇌전 장벽 1","삭제 완료","보호막/장벽","번개","NiagaraSystem","MegaMagicVFXBundle","/Game/MegaMagicVFXBundle/VFX/MagicShieldsVFX/VFX/DefaultVersions/LightningWall/Systems/N_LightningWall","/Game/User_JeHoon/Blueprint/DataAsset/Skills/BPDA_N_LightningWall","아군 대상 피해 흡수 보호막; 해당 라운드 종료 시 제거","2026-10-03 스킬·원본 VFX 삭제 완료; 스킬 BPDA/원본 에셋 위치는 삭제 전 이력 경로; 초기값: 위력 50/AP 1. 실제 재생·작동 미확인; VFX 크기·회전·충돌 범위 조정 필요; 장벽 형상도 아군 피해 흡수로 적용하며 이동 차단 없음"
"뇌전 결계 2","삭제 완료","보호막/장벽","번개","NiagaraSystem","MegaMagicVFXBundle","/Game/MegaMagicVFXBundle/VFX/MagicShieldsVFX/VFX/StylizedVersions/LightningShieldStylized/Systems/N_LightningShieldStylized","/Game/User_JeHoon/Blueprint/DataAsset/Skills/BPDA_N_LightningShieldStylized","아군 대상 피해 흡수 보호막; 해당 라운드 종료 시 제거","2026-10-03 스킬·원본 VFX 삭제 완료; 스킬 BPDA/원본 에셋 위치는 삭제 전 이력 경로; 초기값: 위력 50/AP 1. 실제 재생·작동 미확인; VFX 크기·회전·충돌 범위 조정 필요; 장벽 형상도 아군 피해 흡수로 적용하며 이동 차단 없음"
"뇌전 장벽 2","삭제 완료","보호막/장벽","번개","NiagaraSystem","MegaMagicVFXBundle","/Game/MegaMagicVFXBundle/VFX/MagicShieldsVFX/VFX/StylizedVersions/LightningWallStylized/Systems/N_LightningWallStylized","/Game/User_JeHoon/Blueprint/DataAsset/Skills/BPDA_N_LightningWallStylized","아군 대상 피해 흡수 보호막; 해당 라운드 종료 시 제거","2026-10-03 스킬·원본 VFX 삭제 완료; 스킬 BPDA/원본 에셋 위치는 삭제 전 이력 경로; 초기값: 위력 50/AP 1. 실제 재생·작동 미확인; VFX 크기·회전·충돌 범위 조정 필요; 장벽 형상도 아군 피해 흡수로 적용하며 이동 차단 없음"
"번개 수호막 1","삭제 완료","보호막/장벽","번개","ParticleSystem","RPGEffects","/Game/RPGEffects/Particles/P_Mage_Lightning_Shield","/Game/User_JeHoon/Blueprint/DataAsset/Skills/BPDA_P_Mage_Lightning_Shield","아군 대상 피해 흡수 보호막; 해당 라운드 종료 시 제거","2026-10-03 스킬·원본 VFX 삭제 완료; 스킬 BPDA/원본 에셋 위치는 삭제 전 이력 경로; 초기값: 위력 50/AP 1. 실제 재생·작동 미확인; VFX 크기·회전·충돌 범위 조정 필요; 장벽 형상도 아군 피해 흡수로 적용하며 이동 차단 없음"
"번개 수호막 2","삭제 완료","보호막/장벽","번개","NiagaraSystem","RPGEffects","/Game/RPGEffects/ParticlesNiagara/Mage/LightningShield/NS_Mage_LIghtningShield","/Game/User_JeHoon/Blueprint/DataAsset/Skills/BPDA_NS_Mage_LIghtningShield","아군 대상 피해 흡수 보호막; 해당 라운드 종료 시 제거","2026-10-03 스킬·원본 VFX 삭제 완료; 스킬 BPDA/원본 에셋 위치는 삭제 전 이력 경로; 초기값: 위력 50/AP 1. 실제 재생·작동 미확인; VFX 크기·회전·충돌 범위 조정 필요; 장벽 형상도 아군 피해 흡수로 적용하며 이동 차단 없음"
"비전 결계","삭제 완료","보호막/장벽","카오스","NiagaraSystem","MegaMagicVFXBundle","/Game/MegaMagicVFXBundle/VFX/MagicShieldsVFX/VFX/DefaultVersions/ArcaneShield/Systems/N_ArcaneShield","/Game/User_JeHoon/Blueprint/DataAsset/Skills/BPDA_N_ArcaneShield","아군 대상 피해 흡수 보호막; 해당 라운드 종료 시 제거","2026-10-03 스킬·원본 VFX 삭제 완료; 스킬 BPDA/원본 에셋 위치는 삭제 전 이력 경로; 초기값: 위력 50/AP 1. 실제 재생·작동 미확인; VFX 크기·회전·충돌 범위 조정 필요; 장벽 형상도 아군 피해 흡수로 적용하며 이동 차단 없음"
"비전 장벽","삭제 완료","보호막/장벽","카오스","NiagaraSystem","MegaMagicVFXBundle","/Game/MegaMagicVFXBundle/VFX/MagicShieldsVFX/VFX/DefaultVersions/ArcaneWall/Systems/N_ArcaneWall","/Game/User_JeHoon/Blueprint/DataAsset/Skills/BPDA_N_ArcaneWall","아군 대상 피해 흡수 보호막; 해당 라운드 종료 시 제거","2026-10-03 스킬·원본 VFX 삭제 완료; 스킬 BPDA/원본 에셋 위치는 삭제 전 이력 경로; 초기값: 위력 50/AP 1. 실제 재생·작동 미확인; VFX 크기·회전·충돌 범위 조정 필요; 장벽 형상도 아군 피해 흡수로 적용하며 이동 차단 없음"
"빛의 수호막 1","보류(원본 삭제)","보호막/장벽","번개","Blueprint","Luos8Elements","/Game/Luos8Elements/Blueprints/Light/BP_4E_Light_Def","","원본 Blueprint의 실행 로직·부품 관계 미확인; 직접 실행하지 않음","2026-10-03 원본 VFX 삭제 완료; 스킬은 미생성 보류 이력; 원본 에셋 위치는 삭제 전 이력 경로"
"빛의 수호막 2","삭제 완료","보호막/장벽","번개","ParticleSystem","Luos8Elements","/Game/Luos8Elements/Particles/Light/Par_4E_LightDef_01","/Game/User_JeHoon/Blueprint/DataAsset/Skills/BPDA_Par_4E_LightDef_01","아군 대상 피해 흡수 보호막; 해당 라운드 종료 시 제거","2026-10-03 스킬·원본 VFX 삭제 완료; 스킬 BPDA/원본 에셋 위치는 삭제 전 이력 경로; 초기값: 위력 50/AP 1. 실제 재생·작동 미확인; VFX 크기·회전·충돌 범위 조정 필요; 장벽 형상도 아군 피해 흡수로 적용하며 이동 차단 없음"
"어둠 수호막 1","보류(원본 삭제)","보호막/장벽","카오스","Blueprint","Luos8Elements","/Game/Luos8Elements/Blueprints/Dark/BP_4E_Dark_Def","","원본 Blueprint의 실행 로직·부품 관계 미확인; 직접 실행하지 않음","2026-10-03 원본 VFX 삭제 완료; 스킬은 미생성 보류 이력; 원본 에셋 위치는 삭제 전 이력 경로"
"어둠 수호막 2","삭제 완료","보호막/장벽","카오스","ParticleSystem","Luos8Elements","/Game/Luos8Elements/Particles/Dark/Par_4E_Dark_Def_01","/Game/User_JeHoon/Blueprint/DataAsset/Skills/BPDA_Par_4E_Dark_Def_01","아군 대상 피해 흡수 보호막; 해당 라운드 종료 시 제거","2026-10-03 스킬·원본 VFX 삭제 완료; 스킬 BPDA/원본 에셋 위치는 삭제 전 이력 경로; 초기값: 위력 50/AP 1. 실제 재생·작동 미확인; VFX 크기·회전·충돌 범위 조정 필요; 장벽 형상도 아군 피해 흡수로 적용하며 이동 차단 없음"
"서리 수호막 1","보류(원본 삭제)","보호막/장벽","냉기","Blueprint","Luos8Elements","/Game/Luos8Elements/Blueprints/Ice/BP_4E_Ice_Def","","원본 Blueprint의 실행 로직·부품 관계 미확인; 직접 실행하지 않음","2026-10-03 원본 VFX 삭제 완료; 스킬은 미생성 보류 이력; 원본 에셋 위치는 삭제 전 이력 경로"
"서리 수호막 2","삭제 완료","보호막/장벽","냉기","ParticleSystem","Luos8Elements","/Game/Luos8Elements/Particles/Ice/Par_4E_Ice_Def_01","/Game/User_JeHoon/Blueprint/DataAsset/Skills/BPDA_Par_4E_Ice_Def_01","아군 대상 피해 흡수 보호막; 해당 라운드 종료 시 제거","2026-10-03 스킬·원본 VFX 삭제 완료; 스킬 BPDA/원본 에셋 위치는 삭제 전 이력 경로; 초기값: 위력 50/AP 1. 실제 재생·작동 미확인; VFX 크기·회전·충돌 범위 조정 필요; 장벽 형상도 아군 피해 흡수로 적용하며 이동 차단 없음"
"원력 결계 1","삭제 완료","보호막/장벽","번개","NiagaraSystem","MegaMagicVFXBundle","/Game/MegaMagicVFXBundle/VFX/MagicAuraVFX/VFX/EnergyShield/Systems/N_EnergyShield","/Game/User_JeHoon/Blueprint/DataAsset/Skills/BPDA_N_EnergyShield_1","아군 대상 피해 흡수 보호막; 해당 라운드 종료 시 제거","2026-10-03 스킬·원본 VFX 삭제 완료; 스킬 BPDA/원본 에셋 위치는 삭제 전 이력 경로; 초기값: 위력 50/AP 1. 실제 재생·작동 미확인; VFX 크기·회전·충돌 범위 조정 필요; 장벽 형상도 아군 피해 흡수로 적용하며 이동 차단 없음"
"원력 결계 2","삭제 완료","보호막/장벽","번개","NiagaraSystem","MegaMagicVFXBundle","/Game/MegaMagicVFXBundle/VFX/MagicShieldsVFX/VFX/DefaultVersions/EnergyShield/Systems/N_EnergyShield","/Game/User_JeHoon/Blueprint/DataAsset/Skills/BPDA_N_EnergyShield_2","아군 대상 피해 흡수 보호막; 해당 라운드 종료 시 제거","2026-10-03 스킬·원본 VFX 삭제 완료; 스킬 BPDA/원본 에셋 위치는 삭제 전 이력 경로; 초기값: 위력 50/AP 1. 실제 재생·작동 미확인; VFX 크기·회전·충돌 범위 조정 필요; 장벽 형상도 아군 피해 흡수로 적용하며 이동 차단 없음"
"원력 장벽 1","삭제 완료","보호막/장벽","번개","NiagaraSystem","MegaMagicVFXBundle","/Game/MegaMagicVFXBundle/VFX/MagicShieldsVFX/VFX/DefaultVersions/EnergyWall/Systems/N_EnergyWall","/Game/User_JeHoon/Blueprint/DataAsset/Skills/BPDA_N_EnergyWall","아군 대상 피해 흡수 보호막; 해당 라운드 종료 시 제거","2026-10-03 스킬·원본 VFX 삭제 완료; 스킬 BPDA/원본 에셋 위치는 삭제 전 이력 경로; 초기값: 위력 50/AP 1. 실제 재생·작동 미확인; VFX 크기·회전·충돌 범위 조정 필요; 장벽 형상도 아군 피해 흡수로 적용하며 이동 차단 없음"
"원력 결계 3","삭제 완료","보호막/장벽","번개","NiagaraSystem","MegaMagicVFXBundle","/Game/MegaMagicVFXBundle/VFX/MagicShieldsVFX/VFX/StylizedVersions/EnergyShieldStylized/Systems/N_EnergyShieldStylized","/Game/User_JeHoon/Blueprint/DataAsset/Skills/BPDA_N_EnergyShieldStylized","아군 대상 피해 흡수 보호막; 해당 라운드 종료 시 제거","2026-10-03 스킬·원본 VFX 삭제 완료; 스킬 BPDA/원본 에셋 위치는 삭제 전 이력 경로; 초기값: 위력 50/AP 1. 실제 재생·작동 미확인; VFX 크기·회전·충돌 범위 조정 필요; 장벽 형상도 아군 피해 흡수로 적용하며 이동 차단 없음"
"원력 장벽 2","삭제 완료","보호막/장벽","번개","NiagaraSystem","MegaMagicVFXBundle","/Game/MegaMagicVFXBundle/VFX/MagicShieldsVFX/VFX/StylizedVersions/EnergyWallStylized/Systems/N_EnergyWallStylized","/Game/User_JeHoon/Blueprint/DataAsset/Skills/BPDA_N_EnergyWallStylized","아군 대상 피해 흡수 보호막; 해당 라운드 종료 시 제거","2026-10-03 스킬·원본 VFX 삭제 완료; 스킬 BPDA/원본 에셋 위치는 삭제 전 이력 경로; 초기값: 위력 50/AP 1. 실제 재생·작동 미확인; VFX 크기·회전·충돌 범위 조정 필요; 장벽 형상도 아군 피해 흡수로 적용하며 이동 차단 없음"
"저주의 결계 1","삭제 완료","보호막/장벽","카오스","NiagaraSystem","MegaMagicVFXBundle","/Game/MegaMagicVFXBundle/VFX/MagicShieldsVFX/VFX/DefaultVersions/CurseShield/Systems/N_CurseShield","/Game/User_JeHoon/Blueprint/DataAsset/Skills/BPDA_N_CurseShield","아군 대상 피해 흡수 보호막; 해당 라운드 종료 시 제거","2026-10-03 스킬·원본 VFX 삭제 완료; 스킬 BPDA/원본 에셋 위치는 삭제 전 이력 경로; 초기값: 위력 50/AP 1. 실제 재생·작동 미확인; VFX 크기·회전·충돌 범위 조정 필요; 장벽 형상도 아군 피해 흡수로 적용하며 이동 차단 없음"
"저주의 장벽","삭제 완료","보호막/장벽","카오스","NiagaraSystem","MegaMagicVFXBundle","/Game/MegaMagicVFXBundle/VFX/MagicShieldsVFX/VFX/DefaultVersions/CurseWall/Systems/N_CurseWall","/Game/User_JeHoon/Blueprint/DataAsset/Skills/BPDA_N_CurseWall","아군 대상 피해 흡수 보호막; 해당 라운드 종료 시 제거","2026-10-03 스킬·원본 VFX 삭제 완료; 스킬 BPDA/원본 에셋 위치는 삭제 전 이력 경로; 초기값: 위력 50/AP 1. 실제 재생·작동 미확인; VFX 크기·회전·충돌 범위 조정 필요; 장벽 형상도 아군 피해 흡수로 적용하며 이동 차단 없음"
"저주의 결계 2","삭제 완료","보호막/장벽","카오스","NiagaraSystem","MegaMagicVFXBundle","/Game/MegaMagicVFXBundle/VFX/MagicShieldsVFX/VFX/StylizedVersions/CurseShieldStylized/Systems/N_CurseShieldStylized","/Game/User_JeHoon/Blueprint/DataAsset/Skills/BPDA_N_CurseShieldStylized","아군 대상 피해 흡수 보호막; 해당 라운드 종료 시 제거","2026-10-03 스킬·원본 VFX 삭제 완료; 스킬 BPDA/원본 에셋 위치는 삭제 전 이력 경로; 초기값: 위력 50/AP 1. 실제 재생·작동 미확인; VFX 크기·회전·충돌 범위 조정 필요; 장벽 형상도 아군 피해 흡수로 적용하며 이동 차단 없음"
"화염 수호막 1","보류(원본 삭제)","보호막/장벽","불","Blueprint","Luos8Elements","/Game/Luos8Elements/Blueprints/Fire/BP_Fire_Def_01","","원본 Blueprint의 실행 로직·부품 관계 미확인; 직접 실행하지 않음","2026-10-03 원본 VFX 삭제 완료; 스킬은 미생성 보류 이력; 원본 에셋 위치는 삭제 전 이력 경로"
"화염 수호막 2","삭제 완료","보호막/장벽","불","ParticleSystem","Luos8Elements","/Game/Luos8Elements/Particles/Fire/Par_LMagic_fire_Def_01","/Game/User_JeHoon/Blueprint/DataAsset/Skills/BPDA_Par_LMagic_fire_Def_01","아군 대상 피해 흡수 보호막; 해당 라운드 종료 시 제거","2026-10-03 스킬·원본 VFX 삭제 완료; 스킬 BPDA/원본 에셋 위치는 삭제 전 이력 경로; 초기값: 위력 50/AP 1. 실제 재생·작동 미확인; VFX 크기·회전·충돌 범위 조정 필요; 장벽 형상도 아군 피해 흡수로 적용하며 이동 차단 없음"
"화염 결계","삭제 완료","보호막/장벽","불","NiagaraSystem","MegaMagicVFXBundle","/Game/MegaMagicVFXBundle/VFX/MagicShieldsVFX/VFX/DefaultVersions/FlameShield/Systems/N_FlameShield","/Game/User_JeHoon/Blueprint/DataAsset/Skills/BPDA_N_FlameShield","아군 대상 피해 흡수 보호막; 해당 라운드 종료 시 제거","2026-10-03 스킬·원본 VFX 삭제 완료; 스킬 BPDA/원본 에셋 위치는 삭제 전 이력 경로; 초기값: 위력 50/AP 1. 실제 재생·작동 미확인; VFX 크기·회전·충돌 범위 조정 필요; 장벽 형상도 아군 피해 흡수로 적용하며 이동 차단 없음"
"화염 장벽","삭제 완료","보호막/장벽","불","NiagaraSystem","MegaMagicVFXBundle","/Game/MegaMagicVFXBundle/VFX/MagicShieldsVFX/VFX/DefaultVersions/FlameWall/Systems/N_FlameWall","/Game/User_JeHoon/Blueprint/DataAsset/Skills/BPDA_N_FlameWall","아군 대상 피해 흡수 보호막; 해당 라운드 종료 시 제거","2026-10-03 스킬·원본 VFX 삭제 완료; 스킬 BPDA/원본 에셋 위치는 삭제 전 이력 경로; 초기값: 위력 50/AP 1. 실제 재생·작동 미확인; VFX 크기·회전·충돌 범위 조정 필요; 장벽 형상도 아군 피해 흡수로 적용하며 이동 차단 없음"
"불꽃 수호막 1","삭제 완료","보호막/장벽","불","ParticleSystem","RPGEffects","/Game/RPGEffects/Particles/P_Mage_Fire_Shield","/Game/User_JeHoon/Blueprint/DataAsset/Skills/BPDA_P_Mage_Fire_Shield","아군 대상 피해 흡수 보호막; 해당 라운드 종료 시 제거","2026-10-03 스킬·원본 VFX 삭제 완료; 스킬 BPDA/원본 에셋 위치는 삭제 전 이력 경로; 초기값: 위력 50/AP 1. 실제 재생·작동 미확인; VFX 크기·회전·충돌 범위 조정 필요; 장벽 형상도 아군 피해 흡수로 적용하며 이동 차단 없음"
"불꽃 수호막 2","삭제 완료","보호막/장벽","불","NiagaraSystem","RPGEffects","/Game/RPGEffects/ParticlesNiagara/Mage/Fireshield/NS_Mage_Fire_Shield","/Game/User_JeHoon/Blueprint/DataAsset/Skills/BPDA_NS_Mage_Fire_Shield","아군 대상 피해 흡수 보호막; 해당 라운드 종료 시 제거","2026-10-03 스킬·원본 VFX 삭제 완료; 스킬 BPDA/원본 에셋 위치는 삭제 전 이력 경로; 초기값: 위력 50/AP 1. 실제 재생·작동 미확인; VFX 크기·회전·충돌 범위 조정 필요; 장벽 형상도 아군 피해 흡수로 적용하며 이동 차단 없음"
"용암의 기운","보류(원본 삭제)","복합 효과","물리 + 불","NiagaraSystem","Mixed_Magic_VFX_Pack","/Game/Mixed_Magic_VFX_Pack/VFX/NS_Magma_Shot","","여러 단계·하위 효과의 실행 순서 확인 필요","2026-10-03 원본 VFX 삭제 완료; 스킬은 미생성 보류 이력; 원본 에셋 위치는 삭제 전 이력 경로"
"마력 방울","보류(원본 삭제)","복합 효과","카오스","NiagaraSystem","Mixed_Magic_VFX_Pack","/Game/Mixed_Magic_VFX_Pack/VFX/NS_Magic_Bubbles","","여러 단계·하위 효과의 실행 순서 확인 필요","2026-10-03 원본 VFX 삭제 완료; 스킬은 미생성 보류 이력; 원본 에셋 위치는 삭제 전 이력 경로"
"격정","보류(원본 삭제)","복합 효과","카오스","NiagaraSystem","Mixed_Magic_VFX_Pack","/Game/Mixed_Magic_VFX_Pack/VFX/NS_Gelmir_Fury","","여러 단계·하위 효과의 실행 순서 확인 필요","2026-10-03 원본 VFX 삭제 완료; 스킬은 미생성 보류 이력; 원본 에셋 위치는 삭제 전 이력 경로"
"수정의 물결","보류(원본 삭제)","복합 효과","물리","NiagaraSystem","Mixed_Magic_VFX_Pack","/Game/Mixed_Magic_VFX_Pack/VFX/NS_Crystal_Torrent","","여러 단계·하위 효과의 실행 순서 확인 필요","2026-10-03 원본 VFX 삭제 완료; 스킬은 미생성 보류 이력; 원본 에셋 위치는 삭제 전 이력 경로"
"수정의 파편","보류(원본 삭제)","복합 효과","물리","NiagaraSystem","Mixed_Magic_VFX_Pack","/Game/Mixed_Magic_VFX_Pack/VFX/NS_Shattering_Crystal","","여러 단계·하위 효과의 실행 순서 확인 필요","2026-10-03 원본 VFX 삭제 완료; 스킬은 미생성 보류 이력; 원본 에셋 위치는 삭제 전 이력 경로"
"어둠의 돌","보류(원본 삭제)","복합 효과","물리 + 카오스","NiagaraSystem","Mixed_Magic_VFX_Pack","/Game/Mixed_Magic_VFX_Pack/VFX/NS_Dark_Stone","","여러 단계·하위 효과의 실행 순서 확인 필요","2026-10-03 원본 VFX 삭제 완료; 스킬은 미생성 보류 이력; 원본 에셋 위치는 삭제 전 이력 경로"
"섬광 광선 1","보류(원본 삭제)","빔","번개","Blueprint","FXVarietyPack","/Game/FXVarietyPack/Blueprints/BP_ky_laser01","","원본 Blueprint의 실행 로직·부품 관계 미확인; 직접 실행하지 않음","2026-10-03 원본 VFX 삭제 완료; 스킬은 미생성 보류 이력; 원본 에셋 위치는 삭제 전 이력 경로"
"섬광 광선 2","삭제 완료","빔","번개","ParticleSystem","FXVarietyPack","/Game/FXVarietyPack/Particles/P_ky_laser01","/Game/User_JeHoon/Blueprint/DataAsset/Skills/BPDA_P_ky_laser01","전방 직선 충돌 영역 안 여러 적을 각각 1회 타격","2026-10-03 스킬·원본 VFX 삭제 완료; 스킬 BPDA/원본 에셋 위치는 삭제 전 이력 경로; 초기값: 위력 50/AP 1. 실제 재생·작동 미확인; VFX 크기·회전·충돌 범위 조정 필요; 원본 빔 길이·끝점 설정 확인"
"기도의 광선 1","삭제 완료","빔","번개","ParticleSystem","RPGEffects","/Game/RPGEffects/Particles/P_Priest_Beam","/Game/User_JeHoon/Blueprint/DataAsset/Skills/BPDA_P_Priest_Beam","전방 직선 충돌 영역 안 여러 적을 각각 1회 타격","2026-10-03 스킬·원본 VFX 삭제 완료; 스킬 BPDA/원본 에셋 위치는 삭제 전 이력 경로; 초기값: 위력 50/AP 1. 실제 재생·작동 미확인; VFX 크기·회전·충돌 범위 조정 필요; 원본 빔 길이·끝점 설정 확인"
"기도의 광선 2","삭제 완료","빔","번개","NiagaraSystem","RPGEffects","/Game/RPGEffects/ParticlesNiagara/Priest/Beam/NS_Priest_Beam","/Game/User_JeHoon/Blueprint/DataAsset/Skills/BPDA_NS_Priest_Beam","전방 직선 충돌 영역 안 여러 적을 각각 1회 타격","2026-10-03 스킬·원본 VFX 삭제 완료; 스킬 BPDA/원본 에셋 위치는 삭제 전 이력 경로; 초기값: 위력 50/AP 1. 실제 재생·작동 미확인; VFX 크기·회전·충돌 범위 조정 필요; 원본 빔 길이·끝점 설정 확인"
"마력 광선 1","삭제 완료","빔","번개","ParticleSystem","RPGEffects","/Game/RPGEffects/Particles/P_Mage_EnergyBeam","/Game/User_JeHoon/Blueprint/DataAsset/Skills/BPDA_P_Mage_EnergyBeam","전방 직선 충돌 영역 안 여러 적을 각각 1회 타격","2026-10-03 스킬·원본 VFX 삭제 완료; 스킬 BPDA/원본 에셋 위치는 삭제 전 이력 경로; 초기값: 위력 50/AP 1. 실제 재생·작동 미확인; VFX 크기·회전·충돌 범위 조정 필요; 원본 빔 길이·끝점 설정 확인"
"마력 광선 2","삭제 완료","빔","번개","NiagaraSystem","RPGEffects","/Game/RPGEffects/ParticlesNiagara/Mage/EnergyBeam/NS_Mage_EnergyBeam","/Game/User_JeHoon/Blueprint/DataAsset/Skills/BPDA_NS_Mage_EnergyBeam","전방 직선 충돌 영역 안 여러 적을 각각 1회 타격","2026-10-03 스킬·원본 VFX 삭제 완료; 스킬 BPDA/원본 에셋 위치는 삭제 전 이력 경로; 초기값: 위력 50/AP 1. 실제 재생·작동 미확인; VFX 크기·회전·충돌 범위 조정 필요; 원본 빔 길이·끝점 설정 확인"
"뻗어가는 마력","보류(원본 삭제)","선형 공격","카오스","NiagaraSystem","Free_Magic","/Game/Free_Magic/VFX_Niagara/NS_Free_Magic_Attack_Line","","User 속도 파라미터와 공격 액터 이동의 중복·연동 확인 필요","2026-10-03 원본 VFX 삭제 완료; 스킬은 미생성 보류 이력; 원본 에셋 위치는 삭제 전 이력 경로"
"거인의 망치","삭제 완료","소환 무기 공격","물리","NiagaraSystem","Mixed_Magic_VFX_Pack","/Game/Mixed_Magic_VFX_Pack/VFX/NS_Big_Hammer","/Game/User_JeHoon/Blueprint/DataAsset/Skills/BPDA_NS_Big_Hammer","VFX와 함께 생성되는 충돌 영역으로 여러 적을 각각 1회 타격","2026-10-03 스킬·원본 VFX 삭제 완료; 스킬 BPDA/원본 에셋 위치는 삭제 전 이력 경로; 초기값: 위력 50/AP 1. 실제 재생·작동 미확인; VFX 크기·회전·충돌 범위 조정 필요"
"거인의 검","삭제 완료","소환 무기 공격","물리","NiagaraSystem","Mixed_Magic_VFX_Pack","/Game/Mixed_Magic_VFX_Pack/VFX/NS_Big_Sword","/Game/User_JeHoon/Blueprint/DataAsset/Skills/BPDA_NS_Big_Sword","VFX와 함께 생성되는 충돌 영역으로 여러 적을 각각 1회 타격","2026-10-03 스킬·원본 VFX 삭제 완료; 스킬 BPDA/원본 에셋 위치는 삭제 전 이력 경로; 초기값: 위력 50/AP 1. 실제 재생·작동 미확인; VFX 크기·회전·충돌 범위 조정 필요"
"용암탄의 시전","보류(원본 삭제)","시전","물리 + 불","NiagaraSystem","Mixed_Magic_VFX_Pack","/Game/Mixed_Magic_VFX_Pack/VFX/NS_Magma_Shot_Owner_Cast_Spell","","독립 효과가 아닌 시전 연결용","2026-10-03 원본 VFX 삭제 완료; 스킬은 미생성 보류 이력; 원본 에셋 위치는 삭제 전 이력 경로"
"거대 마력 방울의 시전","보류(원본 삭제)","시전","카오스","NiagaraSystem","Mixed_Magic_VFX_Pack","/Game/Mixed_Magic_VFX_Pack/VFX/NS_Magic_Big_Bubbles_Owner_Cast","","독립 효과가 아닌 시전 연결용","2026-10-03 원본 VFX 삭제 완료; 스킬은 미생성 보류 이력; 원본 에셋 위치는 삭제 전 이력 경로"
"마력 방울의 시전","보류(원본 삭제)","시전","카오스","NiagaraSystem","Mixed_Magic_VFX_Pack","/Game/Mixed_Magic_VFX_Pack/VFX/NS_Magic_Bubbles_Owner_Cast_Spell","","독립 효과가 아닌 시전 연결용","2026-10-03 원본 VFX 삭제 완료; 스킬은 미생성 보류 이력; 원본 에셋 위치는 삭제 전 이력 경로"
"뇌전의 시전","보류(원본 삭제)","시전","번개","NiagaraSystem","Mixed_Magic_VFX_Pack","/Game/Mixed_Magic_VFX_Pack/VFX/NS_Lightning_Owner_Cast","","독립 효과가 아닌 시전 연결용","2026-10-03 원본 VFX 삭제 완료; 스킬은 미생성 보류 이력; 원본 에셋 위치는 삭제 전 이력 경로"
"수정 물결의 시전","보류(원본 삭제)","시전","물리","NiagaraSystem","Mixed_Magic_VFX_Pack","/Game/Mixed_Magic_VFX_Pack/VFX/NS_Crystal_Torrent_Owner_Cast","","독립 효과가 아닌 시전 연결용","2026-10-03 원본 VFX 삭제 완료; 스킬은 미생성 보류 이력; 원본 에셋 위치는 삭제 전 이력 경로"
"수정 파편의 시전","보류(원본 삭제)","시전","물리","NiagaraSystem","Mixed_Magic_VFX_Pack","/Game/Mixed_Magic_VFX_Pack/VFX/NS_Shattering_Crystal_Owner_Cast","","독립 효과가 아닌 시전 연결용","2026-10-03 원본 VFX 삭제 완료; 스킬은 미생성 보류 이력; 원본 에셋 위치는 삭제 전 이력 경로"
"어둠의 시전","보류(원본 삭제)","시전","카오스","NiagaraSystem","Mixed_Magic_VFX_Pack","/Game/Mixed_Magic_VFX_Pack/VFX/NS_Dark_Owner_Cast_Spell","","독립 효과가 아닌 시전 연결용","2026-10-03 원본 VFX 삭제 완료; 스킬은 미생성 보류 이력; 원본 에셋 위치는 삭제 전 이력 경로"
"어둠의 안개","보류(원본 삭제)","안개/범위","카오스","NiagaraSystem","Mixed_Magic_VFX_Pack","/Game/Mixed_Magic_VFX_Pack/VFX/NS_Dark_Mist","","피해·지속시간·상태이상 동작 미결정","2026-10-03 원본 VFX 삭제 완료; 스킬은 미생성 보류 이력; 원본 에셋 위치는 삭제 전 이력 경로"
"서리 안개","보류(원본 삭제)","안개/범위","냉기","NiagaraSystem","Mixed_Magic_VFX_Pack","/Game/Mixed_Magic_VFX_Pack/VFX/NS_Ice_Mist","","피해·지속시간·상태이상 동작 미결정","2026-10-03 원본 VFX 삭제 완료; 스킬은 미생성 보류 이력; 원본 에셋 위치는 삭제 전 이력 경로"
"비술의 영역","보류(원본 삭제)","장판","카오스","NiagaraSystem","Free_Magic","/Game/Free_Magic/VFX_Niagara/NS_Free_Magic_Area1","","지속 피해·1회 피해·지원 여부 미결정","2026-10-03 원본 VFX 삭제 완료; 스킬은 미생성 보류 이력; 원본 에셋 위치는 삭제 전 이력 경로"
"마력의 영역","보류(원본 삭제)","장판","카오스","NiagaraSystem","Free_Magic","/Game/Free_Magic/VFX_Niagara/NS_Free_Magic_Area2","","지속 피해·1회 피해·지원 여부 미결정","2026-10-03 원본 VFX 삭제 완료; 스킬은 미생성 보류 이력; 원본 에셋 위치는 삭제 전 이력 경로"
"뇌전의 영역","보류(원본 삭제)","장판","번개","NiagaraSystem","MegaMagicVFXBundle","/Game/MegaMagicVFXBundle/VFX/MagicAuraVFX/VFX/LightningField/Systems/N_LightningField","","지속 피해·1회 피해·지원 여부 미결정","2026-10-03 원본 VFX 삭제 완료; 스킬은 미생성 보류 이력; 원본 에셋 위치는 삭제 전 이력 경로"
"은하의 영역","보류(원본 삭제)","장판","카오스","NiagaraSystem","MegaMagicVFXBundle","/Game/MegaMagicVFXBundle/VFX/MagicAuraVFX/VFX/GalacticField/Systems/N_GalacticField","","지속 피해·1회 피해·지원 여부 미결정","2026-10-03 원본 VFX 삭제 완료; 스킬은 미생성 보류 이력; 원본 에셋 위치는 삭제 전 이력 경로"
"화염의 터","보류(원본 삭제)","장판","불","ParticleSystem","Luos8Elements","/Game/Luos8Elements/Particles/Fire/Par_LMagic_fire_Def_Floor_01","","지속 피해·1회 피해·지원 여부 미결정","2026-10-03 원본 VFX 삭제 완료; 스킬은 미생성 보류 이력; 원본 에셋 위치는 삭제 전 이력 경로"
"화염의 고리","보류(원본 삭제)","장판","불","NiagaraSystem","MegaMagicVFXBundle","/Game/MegaMagicVFXBundle/VFX/MagicAuraVFX/VFX/RingOfFlames/Systems/N_RingOfFlames","","지속 피해·1회 피해·지원 여부 미결정","2026-10-03 원본 VFX 삭제 완료; 스킬은 미생성 보류 이력; 원본 에셋 위치는 삭제 전 이력 경로"
"발산하는 충격파","삭제 완료","충격파","물리","ParticleSystem","FXVarietyPack","/Game/FXVarietyPack/Particles/P_ky_shotShockwave","/Game/User_JeHoon/Blueprint/DataAsset/Skills/BPDA_P_ky_shotShockwave","선택 지점의 충돌 영역 안 적에게 각각 1회 피해","2026-10-03 스킬·원본 VFX 삭제 완료; 스킬 BPDA/원본 에셋 위치는 삭제 전 이력 경로; 초기값: 위력 50/AP 1. 실제 재생·작동 미확인; VFX 크기·회전·충돌 범위 조정 필요"
"대지탄 1","보류(원본 삭제)","투사체","물리","Blueprint","Luos8Elements","/Game/Luos8Elements/Blueprints/Earth/BP_Earth_Atk_01","","원본 Blueprint의 실행 로직·부품 관계 미확인; 직접 실행하지 않음","2026-10-03 원본 VFX 삭제 완료; 스킬은 미생성 보류 이력; 원본 에셋 위치는 삭제 전 이력 경로"
"대지의 탄환 1","보류(원본 삭제)","투사체","물리","Blueprint","Luos8Elements","/Game/Luos8Elements/Blueprints/Earth/BP_Earth_Atk_02","","원본 Blueprint의 실행 로직·부품 관계 미확인; 직접 실행하지 않음","2026-10-03 원본 VFX 삭제 완료; 스킬은 미생성 보류 이력; 원본 에셋 위치는 삭제 전 이력 경로"
"대지탄 2","삭제 완료","투사체","물리","ParticleSystem","Luos8Elements","/Game/Luos8Elements/Particles/Earth/Par_LMagic_Earth_Atk_01","/Game/User_JeHoon/Blueprint/DataAsset/Skills/BPDA_Par_LMagic_Earth_Atk_01","처음 차단 충돌한 지점에서 소멸하는 단일 투사체","2026-10-03 스킬·원본 VFX 삭제 완료; 스킬 BPDA/원본 에셋 위치는 삭제 전 이력 경로; 초기값: 위력 50/AP 1. 실제 재생·작동 미확인; VFX 크기·회전·충돌 범위 조정 필요"
"대지의 탄환 2","삭제 완료","투사체","물리","ParticleSystem","Luos8Elements","/Game/Luos8Elements/Particles/Earth/Par_LMagic_Earth_Atk_02","/Game/User_JeHoon/Blueprint/DataAsset/Skills/BPDA_Par_LMagic_Earth_Atk_02","처음 차단 충돌한 지점에서 소멸하는 단일 투사체","2026-10-03 스킬·원본 VFX 삭제 완료; 스킬 BPDA/원본 에셋 위치는 삭제 전 이력 경로; 초기값: 위력 50/AP 1. 실제 재생·작동 미확인; VFX 크기·회전·충돌 범위 조정 필요"
"용암탄 1","보류(원본 삭제)","투사체","물리 + 불","Blueprint","Mixed_Magic_VFX_Pack","/Game/Mixed_Magic_VFX_Pack/Blueprint/BP_Magma_Shot_Projectile","","원본 Blueprint의 실행 로직·부품 관계 미확인; 직접 실행하지 않음","2026-10-03 원본 VFX 삭제 완료; 스킬은 미생성 보류 이력; 원본 에셋 위치는 삭제 전 이력 경로"
"용암탄 2","보류(원본 삭제)","투사체","물리 + 불","NiagaraSystem","Mixed_Magic_VFX_Pack","/Game/Mixed_Magic_VFX_Pack/VFX/Sperate_VFX/NS_Magma_Shot_Projectile","","User 속도 파라미터와 공격 액터 이동의 중복·연동 확인 필요","2026-10-03 원본 VFX 삭제 완료; 스킬은 미생성 보류 이력; 원본 에셋 위치는 삭제 전 이력 경로"
"비술탄 1","보류(원본 삭제)","투사체","카오스","NiagaraSystem","Free_Magic","/Game/Free_Magic/VFX_Niagara/NS_Free_Magic_Projectile1","","User 속도 파라미터와 공격 액터 이동의 중복·연동 확인 필요","2026-10-03 원본 VFX 삭제 완료; 스킬은 미생성 보류 이력; 원본 에셋 위치는 삭제 전 이력 경로"
"비술탄 2","보류(원본 삭제)","투사체","카오스","NiagaraSystem","Free_Magic","/Game/Free_Magic/VFX_Niagara/NS_Free_Magic_Projectile1_Base","","User 속도 파라미터와 공격 액터 이동의 중복·연동 확인 필요","2026-10-03 원본 VFX 삭제 완료; 스킬은 미생성 보류 이력; 원본 에셋 위치는 삭제 전 이력 경로"
"마력탄 1","보류(원본 삭제)","투사체","카오스","NiagaraSystem","Free_Magic","/Game/Free_Magic/VFX_Niagara/NS_Free_Magic_Projectile2","","User 속도 파라미터와 공격 액터 이동의 중복·연동 확인 필요","2026-10-03 원본 VFX 삭제 완료; 스킬은 미생성 보류 이력; 원본 에셋 위치는 삭제 전 이력 경로"
"마력탄 2","보류(원본 삭제)","투사체","카오스","NiagaraSystem","Free_Magic","/Game/Free_Magic/VFX_Niagara/NS_Free_Magic_Projectile2_Base","","User 속도 파라미터와 공격 액터 이동의 중복·연동 확인 필요","2026-10-03 원본 VFX 삭제 완료; 스킬은 미생성 보류 이력; 원본 에셋 위치는 삭제 전 이력 경로"
"마력 운석","삭제 완료","투사체","물리 + 카오스","NiagaraSystem","MegaMagicVFXBundle","/Game/MegaMagicVFXBundle/VFX/MagicAuraVFX/VFX/MagicalAsteroid/Systems/N_MagicalAsteroid","/Game/User_JeHoon/Blueprint/DataAsset/Skills/BPDA_N_MagicalAsteroid","처음 차단 충돌한 지점에서 소멸하는 단일 투사체","2026-10-03 스킬·원본 VFX 삭제 완료; 스킬 BPDA/원본 에셋 위치는 삭제 전 이력 경로; 초기값: 위력 50/AP 1. 실제 재생·작동 미확인; VFX 크기·회전·충돌 범위 조정 필요"
"마력 화살 1","삭제 완료","투사체","카오스","ParticleSystem","RPGEffects","/Game/RPGEffects/Particles/P_Mage_MagicBolt","/Game/User_JeHoon/Blueprint/DataAsset/Skills/BPDA_P_Mage_MagicBolt","처음 차단 충돌한 지점에서 소멸하는 단일 투사체","2026-10-03 스킬·원본 VFX 삭제 완료; 스킬 BPDA/원본 에셋 위치는 삭제 전 이력 경로; 초기값: 위력 50/AP 1. 실제 재생·작동 미확인; VFX 크기·회전·충돌 범위 조정 필요"
"마력탄 3","삭제 완료","투사체","카오스","ParticleSystem","RPGEffects","/Game/RPGEffects/Particles/P_Mage_MagicMissile","/Game/User_JeHoon/Blueprint/DataAsset/Skills/BPDA_P_Mage_MagicMissile","처음 차단 충돌한 지점에서 소멸하는 단일 투사체","2026-10-03 스킬·원본 VFX 삭제 완료; 스킬 BPDA/원본 에셋 위치는 삭제 전 이력 경로; 초기값: 위력 50/AP 1. 실제 재생·작동 미확인; VFX 크기·회전·충돌 범위 조정 필요"
"마력 화살 2","삭제 완료","투사체","카오스","NiagaraSystem","RPGEffects","/Game/RPGEffects/ParticlesNiagara/Mage/MagicBolt/NS_Mage_MagicBolt","/Game/User_JeHoon/Blueprint/DataAsset/Skills/BPDA_NS_Mage_MagicBolt","처음 차단 충돌한 지점에서 소멸하는 단일 투사체","2026-10-03 스킬·원본 VFX 삭제 완료; 스킬 BPDA/원본 에셋 위치는 삭제 전 이력 경로; 초기값: 위력 50/AP 1. 실제 재생·작동 미확인; VFX 크기·회전·충돌 범위 조정 필요"
"마력탄 4","삭제 완료","투사체","카오스","NiagaraSystem","RPGEffects","/Game/RPGEffects/ParticlesNiagara/Mage/MagicMissle/NS_Mage_MagicMissle","/Game/User_JeHoon/Blueprint/DataAsset/Skills/BPDA_NS_Mage_MagicMissle","처음 차단 충돌한 지점에서 소멸하는 단일 투사체","2026-10-03 스킬·원본 VFX 삭제 완료; 스킬 BPDA/원본 에셋 위치는 삭제 전 이력 경로; 초기값: 위력 50/AP 1. 실제 재생·작동 미확인; VFX 크기·회전·충돌 범위 조정 필요"
"물방울 구슬 1","보류(원본 삭제)","투사체","냉기","Blueprint","FXVarietyPack","/Game/FXVarietyPack/Blueprints/BP_ky_waterBall","","원본 Blueprint의 실행 로직·부품 관계 미확인; 직접 실행하지 않음","2026-10-03 원본 VFX 삭제 완료; 스킬은 미생성 보류 이력; 원본 에셋 위치는 삭제 전 이력 경로"
"물방울 구슬 2","삭제 완료","투사체","냉기","ParticleSystem","FXVarietyPack","/Game/FXVarietyPack/Particles/P_ky_waterBall","/Game/User_JeHoon/Blueprint/DataAsset/Skills/BPDA_P_ky_waterBall","처음 차단 충돌한 지점에서 소멸하는 단일 투사체","2026-10-03 스킬·원본 VFX 삭제 완료; 스킬 BPDA/원본 에셋 위치는 삭제 전 이력 경로; 초기값: 위력 50/AP 1. 실제 재생·작동 미확인; VFX 크기·회전·충돌 범위 조정 필요"
"물결탄 1","보류(원본 삭제)","투사체","냉기","Blueprint","Luos8Elements","/Game/Luos8Elements/Blueprints/Aqua/BP_Aqua_Atk_01","","원본 Blueprint의 실행 로직·부품 관계 미확인; 직접 실행하지 않음","2026-10-03 원본 VFX 삭제 완료; 스킬은 미생성 보류 이력; 원본 에셋 위치는 삭제 전 이력 경로"
"물결탄 2","삭제 완료","투사체","냉기","ParticleSystem","Luos8Elements","/Game/Luos8Elements/Particles/Aqua/Par_LMagic_Aqua_Atk_01","/Game/User_JeHoon/Blueprint/DataAsset/Skills/BPDA_Par_LMagic_Aqua_Atk_01","처음 차단 충돌한 지점에서 소멸하는 단일 투사체","2026-10-03 스킬·원본 VFX 삭제 완료; 스킬 BPDA/원본 에셋 위치는 삭제 전 이력 경로; 초기값: 위력 50/AP 1. 실제 재생·작동 미확인; VFX 크기·회전·충돌 범위 조정 필요"
"별똥별 1","보류(원본 삭제)","투사체","물리 + 불","Blueprint","FXVarietyPack","/Game/FXVarietyPack/Blueprints/BP_ky_shootingStar1","","원본 Blueprint의 실행 로직·부품 관계 미확인; 직접 실행하지 않음","2026-10-03 원본 VFX 삭제 완료; 스킬은 미생성 보류 이력; 원본 에셋 위치는 삭제 전 이력 경로"
"별똥별 2","삭제 완료","투사체","물리 + 불","ParticleSystem","FXVarietyPack","/Game/FXVarietyPack/Particles/P_ky_shootingStar1","/Game/User_JeHoon/Blueprint/DataAsset/Skills/BPDA_P_ky_shootingStar1","처음 차단 충돌한 지점에서 소멸하는 단일 투사체","2026-10-03 스킬·원본 VFX 삭제 완료; 스킬 BPDA/원본 에셋 위치는 삭제 전 이력 경로; 초기값: 위력 50/AP 1. 실제 재생·작동 미확인; VFX 크기·회전·충돌 범위 조정 필요"
"마력의 탄환","보류(원본 삭제)","투사체","","Blueprint","Luos8Elements","/Game/Luos8Elements/Blueprints/BP_4E_Base_Projectile","","원본 Blueprint의 실행 로직·부품 관계 미확인; 직접 실행하지 않음","2026-10-03 원본 VFX 삭제 완료; 스킬은 미생성 보류 이력; 원본 에셋 위치는 삭제 전 이력 경로"
"비술의 탄환","보류(원본 삭제)","투사체","","Blueprint","Luos8Elements","/Game/Luos8Elements/Blueprints/BP_4E_Base_ProjectileAlt","","원본 Blueprint의 실행 로직·부품 관계 미확인; 직접 실행하지 않음","2026-10-03 원본 VFX 삭제 완료; 스킬은 미생성 보류 이력; 원본 에셋 위치는 삭제 전 이력 경로"
"쫓아가는 마력탄","보류(원본 삭제)","투사체","","Blueprint","Luos8Elements","/Game/Luos8Elements/Blueprints/BP_4E_HomingProj","","원본 Blueprint의 실행 로직·부품 관계 미확인; 직접 실행하지 않음","2026-10-03 원본 VFX 삭제 완료; 스킬은 미생성 보류 이력; 원본 에셋 위치는 삭제 전 이력 경로"
"운석","삭제 완료","투사체","물리 + 불","NiagaraSystem","MegaMagicVFXBundle","/Game/MegaMagicVFXBundle/VFX/MagicAuraVFX/VFX/Meteor/Systems/N_Meteor","/Game/User_JeHoon/Blueprint/DataAsset/Skills/BPDA_N_Meteor","처음 차단 충돌한 지점에서 소멸하는 단일 투사체","2026-10-03 스킬·원본 VFX 삭제 완료; 스킬 BPDA/원본 에셋 위치는 삭제 전 이력 경로; 초기값: 위력 50/AP 1. 실제 재생·작동 미확인; VFX 크기·회전·충돌 범위 조정 필요"
"바람탄 1","보류(원본 삭제)","투사체","물리","Blueprint","Luos8Elements","/Game/Luos8Elements/Blueprints/Wind/BP_Wind_Atk_01","","원본 Blueprint의 실행 로직·부품 관계 미확인; 직접 실행하지 않음","2026-10-03 원본 VFX 삭제 완료; 스킬은 미생성 보류 이력; 원본 에셋 위치는 삭제 전 이력 경로"
"바람탄 2","삭제 완료","투사체","물리","ParticleSystem","Luos8Elements","/Game/Luos8Elements/Particles/Wind/Par_Lmagic_Wind_Atk_01","/Game/User_JeHoon/Blueprint/DataAsset/Skills/BPDA_Par_Lmagic_Wind_Atk_01","처음 차단 충돌한 지점에서 소멸하는 단일 투사체","2026-10-03 스킬·원본 VFX 삭제 완료; 스킬 BPDA/원본 에셋 위치는 삭제 전 이력 경로; 초기값: 위력 50/AP 1. 실제 재생·작동 미확인; VFX 크기·회전·충돌 범위 조정 필요"
"뇌전 구슬 1","보류(원본 삭제)","투사체","번개","Blueprint","FXVarietyPack","/Game/FXVarietyPack/Blueprints/BP_ky_thunderBall","","원본 Blueprint의 실행 로직·부품 관계 미확인; 직접 실행하지 않음","2026-10-03 원본 VFX 삭제 완료; 스킬은 미생성 보류 이력; 원본 에셋 위치는 삭제 전 이력 경로"
"뇌전 구슬 2","삭제 완료","투사체","번개","ParticleSystem","FXVarietyPack","/Game/FXVarietyPack/Particles/P_ky_thunderBall","/Game/User_JeHoon/Blueprint/DataAsset/Skills/BPDA_P_ky_thunderBall","처음 차단 충돌한 지점에서 소멸하는 단일 투사체","2026-10-03 스킬·원본 VFX 삭제 완료; 스킬 BPDA/원본 에셋 위치는 삭제 전 이력 경로; 초기값: 위력 50/AP 1. 실제 재생·작동 미확인; VFX 크기·회전·충돌 범위 조정 필요"
"뇌전탄 1","보류(원본 삭제)","투사체","번개","Blueprint","Luos8Elements","/Game/Luos8Elements/Blueprints/Lightning/BP_4E_Base_Projectile_Lightning","","원본 Blueprint의 실행 로직·부품 관계 미확인; 직접 실행하지 않음","2026-10-03 원본 VFX 삭제 완료; 스킬은 미생성 보류 이력; 원본 에셋 위치는 삭제 전 이력 경로"
"뇌전탄 2","삭제 완료","투사체","번개","ParticleSystem","Luos8Elements","/Game/Luos8Elements/Particles/Lightning/Par_4E_OrbLightning_01","/Game/User_JeHoon/Blueprint/DataAsset/Skills/BPDA_Par_4E_OrbLightning_01","처음 차단 충돌한 지점에서 소멸하는 단일 투사체","2026-10-03 스킬·원본 VFX 삭제 완료; 스킬 BPDA/원본 에셋 위치는 삭제 전 이력 경로; 초기값: 위력 50/AP 1. 실제 재생·작동 미확인; VFX 크기·회전·충돌 범위 조정 필요"
"광탄 1","보류(원본 삭제)","투사체","번개","Blueprint","Luos8Elements","/Game/Luos8Elements/Blueprints/Light/BP_4E_Light_Atk","","원본 Blueprint의 실행 로직·부품 관계 미확인; 직접 실행하지 않음","2026-10-03 원본 VFX 삭제 완료; 스킬은 미생성 보류 이력; 원본 에셋 위치는 삭제 전 이력 경로"
"광탄 2","삭제 완료","투사체","번개","ParticleSystem","Luos8Elements","/Game/Luos8Elements/Particles/Light/Par_4E_LightOrb_01","/Game/User_JeHoon/Blueprint/DataAsset/Skills/BPDA_Par_4E_LightOrb_01","처음 차단 충돌한 지점에서 소멸하는 단일 투사체","2026-10-03 스킬·원본 VFX 삭제 완료; 스킬 BPDA/원본 에셋 위치는 삭제 전 이력 경로; 초기값: 위력 50/AP 1. 실제 재생·작동 미확인; VFX 크기·회전·충돌 범위 조정 필요"
"어둠탄 1","보류(원본 삭제)","투사체","카오스","Blueprint","Luos8Elements","/Game/Luos8Elements/Blueprints/Dark/BP_4E_Base_Projectile_Dark","","원본 Blueprint의 실행 로직·부품 관계 미확인; 직접 실행하지 않음","2026-10-03 원본 VFX 삭제 완료; 스킬은 미생성 보류 이력; 원본 에셋 위치는 삭제 전 이력 경로"
"어둠탄 2","삭제 완료","투사체","카오스","ParticleSystem","Luos8Elements","/Game/Luos8Elements/Particles/Dark/Par_4E_Dark_Atk_01","/Game/User_JeHoon/Blueprint/DataAsset/Skills/BPDA_Par_4E_Dark_Atk_01","처음 차단 충돌한 지점에서 소멸하는 단일 투사체","2026-10-03 스킬·원본 VFX 삭제 완료; 스킬 BPDA/원본 에셋 위치는 삭제 전 이력 경로; 초기값: 위력 50/AP 1. 실제 재생·작동 미확인; VFX 크기·회전·충돌 범위 조정 필요"
"어둠탄 3","삭제 완료","투사체","카오스","NiagaraSystem","Mixed_Magic_VFX_Pack","/Game/Mixed_Magic_VFX_Pack/VFX/NS_Dark_Solo_Projectile","/Game/User_JeHoon/Blueprint/DataAsset/Skills/BPDA_NS_Dark_Solo_Projectile","처음 차단 충돌한 지점에서 소멸하는 단일 투사체","2026-10-03 스킬·원본 VFX 삭제 완료; 스킬 BPDA/원본 에셋 위치는 삭제 전 이력 경로; 초기값: 위력 50/AP 1. 실제 재생·작동 미확인; VFX 크기·회전·충돌 범위 조정 필요"
"서리탄 1","보류(원본 삭제)","투사체","냉기","Blueprint","Luos8Elements","/Game/Luos8Elements/Blueprints/Ice/BP_4E_Ice_Atk","","원본 Blueprint의 실행 로직·부품 관계 미확인; 직접 실행하지 않음","2026-10-03 원본 VFX 삭제 완료; 스킬은 미생성 보류 이력; 원본 에셋 위치는 삭제 전 이력 경로"
"서리탄 2","삭제 완료","투사체","냉기","ParticleSystem","Luos8Elements","/Game/Luos8Elements/Particles/Ice/Par_4E_Ice_Atk_01","/Game/User_JeHoon/Blueprint/DataAsset/Skills/BPDA_Par_4E_Ice_Atk_01","처음 차단 충돌한 지점에서 소멸하는 단일 투사체","2026-10-03 스킬·원본 VFX 삭제 완료; 스킬 BPDA/원본 에셋 위치는 삭제 전 이력 경로; 초기값: 위력 50/AP 1. 실제 재생·작동 미확인; VFX 크기·회전·충돌 범위 조정 필요"
"불꽃 구슬 1","보류(원본 삭제)","투사체","불","Blueprint","FXVarietyPack","/Game/FXVarietyPack/Blueprints/BP_ky_fireBall","","원본 Blueprint의 실행 로직·부품 관계 미확인; 직접 실행하지 않음","2026-10-03 원본 VFX 삭제 완료; 스킬은 미생성 보류 이력; 원본 에셋 위치는 삭제 전 이력 경로"
"불꽃 구슬 2","삭제 완료","투사체","불","ParticleSystem","FXVarietyPack","/Game/FXVarietyPack/Particles/P_ky_fireBall","/Game/User_JeHoon/Blueprint/DataAsset/Skills/BPDA_P_ky_fireBall","처음 차단 충돌한 지점에서 소멸하는 단일 투사체","2026-10-03 스킬·원본 VFX 삭제 완료; 스킬 BPDA/원본 에셋 위치는 삭제 전 이력 경로; 초기값: 위력 50/AP 1. 실제 재생·작동 미확인; VFX 크기·회전·충돌 범위 조정 필요"
"화염탄 1","보류(원본 삭제)","투사체","불","Blueprint","Luos8Elements","/Game/Luos8Elements/Blueprints/Fire/BP_Fire_Atk_01","","원본 Blueprint의 실행 로직·부품 관계 미확인; 직접 실행하지 않음","2026-10-03 원본 VFX 삭제 완료; 스킬은 미생성 보류 이력; 원본 에셋 위치는 삭제 전 이력 경로"
"화염탄 2","삭제 완료","투사체","불","ParticleSystem","Luos8Elements","/Game/Luos8Elements/Particles/Fire/Par_LMagic_Fire_Atk_01","/Game/User_JeHoon/Blueprint/DataAsset/Skills/BPDA_Par_LMagic_Fire_Atk_01","처음 차단 충돌한 지점에서 소멸하는 단일 투사체","2026-10-03 스킬·원본 VFX 삭제 완료; 스킬 BPDA/원본 에셋 위치는 삭제 전 이력 경로; 초기값: 위력 50/AP 1. 실제 재생·작동 미확인; VFX 크기·회전·충돌 범위 조정 필요"
"화염구 1","삭제 완료","투사체","불","ParticleSystem","RPGEffects","/Game/RPGEffects/Particles/P_Mage_Fireball","/Game/User_JeHoon/Blueprint/DataAsset/Skills/BPDA_P_Mage_Fireball","처음 차단 충돌한 지점에서 소멸하는 단일 투사체","2026-10-03 스킬·원본 VFX 삭제 완료; 스킬 BPDA/원본 에셋 위치는 삭제 전 이력 경로; 초기값: 위력 50/AP 1. 실제 재생·작동 미확인; VFX 크기·회전·충돌 범위 조정 필요"
"화염구 2","삭제 완료","투사체","불","NiagaraSystem","RPGEffects","/Game/RPGEffects/ParticlesNiagara/Mage/Fireball/NS_Mage_Fireball","/Game/User_JeHoon/Blueprint/DataAsset/Skills/BPDA_NS_Mage_Fireball","처음 차단 충돌한 지점에서 소멸하는 단일 투사체","2026-10-03 스킬·원본 VFX 삭제 완료; 스킬 BPDA/원본 에셋 위치는 삭제 전 이력 경로; 초기값: 위력 50/AP 1. 실제 재생·작동 미확인; VFX 크기·회전·충돌 범위 조정 필요"
"해일 1","삭제 완료","파동/범위","냉기","NiagaraSystem","MegaMagicVFXBundle","/Game/MegaMagicVFXBundle/VFX/MagicalExplosionsVFX/VFX/Tsunami/Systems/N_Tsunami","/Game/User_JeHoon/Blueprint/DataAsset/Skills/BPDA_N_Tsunami_1","선택 지점의 충돌 영역 안 적에게 각각 1회 피해","2026-10-03 스킬·원본 VFX 삭제 완료; 스킬 BPDA/원본 에셋 위치는 삭제 전 이력 경로; 초기값: 위력 50/AP 1. 실제 재생·작동 미확인; VFX 크기·회전·충돌 범위 조정 필요"
"응축된 해일","삭제 완료","파동/범위","냉기","NiagaraSystem","MegaMagicVFXBundle","/Game/MegaMagicVFXBundle/VFX/MagicalExplosionsVFX/VFX/Tsunami/Systems/N_TsunamiCharged","/Game/User_JeHoon/Blueprint/DataAsset/Skills/BPDA_N_TsunamiCharged","선택 지점의 충돌 영역 안 적에게 각각 1회 피해","2026-10-03 스킬·원본 VFX 삭제 완료; 스킬 BPDA/원본 에셋 위치는 삭제 전 이력 경로; 초기값: 위력 50/AP 1. 실제 재생·작동 미확인; VFX 크기·회전·충돌 범위 조정 필요"
"해일 2","삭제 완료","파동/범위","냉기","NiagaraSystem","MegaMagicVFXBundle","/Game/MegaMagicVFXBundle/VFX/MagicAuraVFX/VFX/Tsunami/Systems/N_Tsunami","/Game/User_JeHoon/Blueprint/DataAsset/Skills/BPDA_N_Tsunami_2","선택 지점의 충돌 영역 안 적에게 각각 1회 피해","2026-10-03 스킬·원본 VFX 삭제 완료; 스킬 BPDA/원본 에셋 위치는 삭제 전 이력 경로; 초기값: 위력 50/AP 1. 실제 재생·작동 미확인; VFX 크기·회전·충돌 범위 조정 필요"
"기도의 파동 1","삭제 완료","파동/범위","번개","ParticleSystem","RPGEffects","/Game/RPGEffects/Particles/P_Priest_Wave","/Game/User_JeHoon/Blueprint/DataAsset/Skills/BPDA_P_Priest_Wave","선택 지점의 충돌 영역 안 적에게 각각 1회 피해","2026-10-03 스킬·원본 VFX 삭제 완료; 스킬 BPDA/원본 에셋 위치는 삭제 전 이력 경로; 초기값: 위력 50/AP 1. 실제 재생·작동 미확인; VFX 크기·회전·충돌 범위 조정 필요"
"기도의 파동 2","삭제 완료","파동/범위","번개","NiagaraSystem","RPGEffects","/Game/RPGEffects/ParticlesNiagara/Priest/Wave/NS_Priest_Wave","/Game/User_JeHoon/Blueprint/DataAsset/Skills/BPDA_NS_Priest_Wave","선택 지점의 충돌 영역 안 적에게 각각 1회 피해","2026-10-03 스킬·원본 VFX 삭제 완료; 스킬 BPDA/원본 에셋 위치는 삭제 전 이력 경로; 초기값: 위력 50/AP 1. 실제 재생·작동 미확인; VFX 크기·회전·충돌 범위 조정 필요"
"대지 폭발","삭제 완료","폭발","물리","NiagaraSystem","MegaMagicVFXBundle","/Game/MegaMagicVFXBundle/VFX/MagicalExplosionsVFX/VFX/EarthExplosion/Systems/N_EarthExplosion","/Game/User_JeHoon/Blueprint/DataAsset/Skills/BPDA_N_EarthExplosion","선택 지점의 충돌 영역 안 적에게 각각 1회 피해","2026-10-03 스킬·원본 VFX 삭제 완료; 스킬 BPDA/원본 에셋 위치는 삭제 전 이력 경로; 초기값: 위력 50/AP 1. 실제 재생·작동 미확인; VFX 크기·회전·충돌 범위 조정 필요"
"독무 폭발","삭제 완료","폭발","카오스","NiagaraSystem","MegaMagicVFXBundle","/Game/MegaMagicVFXBundle/VFX/MagicalExplosionsVFX/VFX/PoisonExplosion/Systems/N_PoisonExplosion","/Game/User_JeHoon/Blueprint/DataAsset/Skills/BPDA_N_PoisonExplosion","선택 지점의 충돌 영역 안 적에게 각각 1회 피해","2026-10-03 스킬·원본 VFX 삭제 완료; 스킬 BPDA/원본 에셋 위치는 삭제 전 이력 경로; 초기값: 위력 50/AP 1. 실제 재생·작동 미확인; VFX 크기·회전·충돌 범위 조정 필요"
"응축된 독무 폭발","삭제 완료","폭발","카오스","NiagaraSystem","MegaMagicVFXBundle","/Game/MegaMagicVFXBundle/VFX/MagicalExplosionsVFX/VFX/PoisonExplosion/Systems/N_PoisonExplosionCharged","/Game/User_JeHoon/Blueprint/DataAsset/Skills/BPDA_N_PoisonExplosionCharged","선택 지점의 충돌 영역 안 적에게 각각 1회 피해","2026-10-03 스킬·원본 VFX 삭제 완료; 스킬 BPDA/원본 에셋 위치는 삭제 전 이력 경로; 초기값: 위력 50/AP 1. 실제 재생·작동 미확인; VFX 크기·회전·충돌 범위 조정 필요"
"용암 폭발","삭제 완료","폭발","물리 + 불","NiagaraSystem","MegaMagicVFXBundle","/Game/MegaMagicVFXBundle/VFX/MagicalExplosionsVFX/VFX/MagmaExplosion/Systems/N_MagmaExplosion","/Game/User_JeHoon/Blueprint/DataAsset/Skills/BPDA_N_MagmaExplosion","선택 지점의 충돌 영역 안 적에게 각각 1회 피해","2026-10-03 스킬·원본 VFX 삭제 완료; 스킬 BPDA/원본 에셋 위치는 삭제 전 이력 경로; 초기값: 위력 50/AP 1. 실제 재생·작동 미확인; VFX 크기·회전·충돌 범위 조정 필요"
"응축된 용암 폭발","삭제 완료","폭발","물리 + 불","NiagaraSystem","MegaMagicVFXBundle","/Game/MegaMagicVFXBundle/VFX/MagicalExplosionsVFX/VFX/MagmaExplosion/Systems/N_MagmaExplosionCharged","/Game/User_JeHoon/Blueprint/DataAsset/Skills/BPDA_N_MagmaExplosionCharged","선택 지점의 충돌 영역 안 적에게 각각 1회 피해","2026-10-03 스킬·원본 VFX 삭제 완료; 스킬 BPDA/원본 에셋 위치는 삭제 전 이력 경로; 초기값: 위력 50/AP 1. 실제 재생·작동 미확인; VFX 크기·회전·충돌 범위 조정 필요"
"마력 폭발","삭제 완료","폭발","카오스","NiagaraSystem","MegaMagicVFXBundle","/Game/MegaMagicVFXBundle/VFX/MagicalExplosionsVFX/VFX/MagicalExplosion/Systems/N_MagicalExplosion","/Game/User_JeHoon/Blueprint/DataAsset/Skills/BPDA_N_MagicalExplosion","선택 지점의 충돌 영역 안 적에게 각각 1회 피해","2026-10-03 스킬·원본 VFX 삭제 완료; 스킬 BPDA/원본 에셋 위치는 삭제 전 이력 경로; 초기값: 위력 50/AP 1. 실제 재생·작동 미확인; VFX 크기·회전·충돌 범위 조정 필요"
"응축된 마력 폭발","삭제 완료","폭발","카오스","NiagaraSystem","MegaMagicVFXBundle","/Game/MegaMagicVFXBundle/VFX/MagicalExplosionsVFX/VFX/MagicalExplosion/Systems/N_MagicalExplosionCharged","/Game/User_JeHoon/Blueprint/DataAsset/Skills/BPDA_N_MagicalExplosionCharged","선택 지점의 충돌 영역 안 적에게 각각 1회 피해","2026-10-03 스킬·원본 VFX 삭제 완료; 스킬 BPDA/원본 에셋 위치는 삭제 전 이력 경로; 초기값: 위력 50/AP 1. 실제 재생·작동 미확인; VFX 크기·회전·충돌 범위 조정 필요"
"거대 마력 방울의 폭발","삭제 완료","폭발","카오스","NiagaraSystem","Mixed_Magic_VFX_Pack","/Game/Mixed_Magic_VFX_Pack/VFX/NS_Magic_Big_Bubbles_Explosion","/Game/User_JeHoon/Blueprint/DataAsset/Skills/BPDA_NS_Magic_Big_Bubbles_Explosion","선택 지점의 충돌 영역 안 적에게 각각 1회 피해","2026-10-03 스킬·원본 VFX 삭제 완료; 스킬 BPDA/원본 에셋 위치는 삭제 전 이력 경로; 초기값: 위력 50/AP 1. 실제 재생·작동 미확인; VFX 크기·회전·충돌 범위 조정 필요"
"물결 폭발","삭제 완료","폭발","냉기","ParticleSystem","Luos8Elements","/Game/Luos8Elements/Particles/Aqua/Par_LMagic_Aqua_Explosion","/Game/User_JeHoon/Blueprint/DataAsset/Skills/BPDA_Par_LMagic_Aqua_Explosion","선택 지점의 충돌 영역 안 적에게 각각 1회 피해","2026-10-03 스킬·원본 VFX 삭제 완료; 스킬 BPDA/원본 에셋 위치는 삭제 전 이력 경로; 초기값: 위력 50/AP 1. 실제 재생·작동 미확인; VFX 크기·회전·충돌 범위 조정 필요"
"뻗어가는 물결 폭발","삭제 완료","폭발","냉기","ParticleSystem","Luos8Elements","/Game/Luos8Elements/Particles/Aqua/Par_LMagic_Aqua_Explosion_Xaxis","/Game/User_JeHoon/Blueprint/DataAsset/Skills/BPDA_Par_LMagic_Aqua_Explosion_Xaxis","선택 지점의 충돌 영역 안 적에게 각각 1회 피해","2026-10-03 스킬·원본 VFX 삭제 완료; 스킬 BPDA/원본 에셋 위치는 삭제 전 이력 경로; 초기값: 위력 50/AP 1. 실제 재생·작동 미확인; VFX 크기·회전·충돌 범위 조정 필요"
"폭발 1","보류(원본 삭제)","폭발","물리","Blueprint","FXVarietyPack","/Game/FXVarietyPack/Blueprints/BP_ky_explosion","","원본 Blueprint의 실행 로직·부품 관계 미확인; 직접 실행하지 않음","2026-10-03 원본 VFX 삭제 완료; 스킬은 미생성 보류 이력; 원본 에셋 위치는 삭제 전 이력 경로"
"폭발 2","삭제 완료","폭발","물리","ParticleSystem","FXVarietyPack","/Game/FXVarietyPack/Particles/P_ky_explosion","/Game/User_JeHoon/Blueprint/DataAsset/Skills/BPDA_P_ky_explosion","선택 지점의 충돌 영역 안 적에게 각각 1회 피해","2026-10-03 스킬·원본 VFX 삭제 완료; 스킬 BPDA/원본 에셋 위치는 삭제 전 이력 경로; 초기값: 위력 50/AP 1. 실제 재생·작동 미확인; VFX 크기·회전·충돌 범위 조정 필요"
"바람 폭발","삭제 완료","폭발","물리","ParticleSystem","Luos8Elements","/Game/Luos8Elements/Particles/Wind/Par_LMagic_Wind_Explosion","/Game/User_JeHoon/Blueprint/DataAsset/Skills/BPDA_Par_LMagic_Wind_Explosion","선택 지점의 충돌 영역 안 적에게 각각 1회 피해","2026-10-03 스킬·원본 VFX 삭제 완료; 스킬 BPDA/원본 에셋 위치는 삭제 전 이력 경로; 초기값: 위력 50/AP 1. 실제 재생·작동 미확인; VFX 크기·회전·충돌 범위 조정 필요"
"뇌전 폭발","삭제 완료","폭발","번개","NiagaraSystem","MegaMagicVFXBundle","/Game/MegaMagicVFXBundle/VFX/MagicalExplosionsVFX/VFX/LightningExplosion/Systems/N_LightningBlast","/Game/User_JeHoon/Blueprint/DataAsset/Skills/BPDA_N_LightningBlast","선택 지점의 충돌 영역 안 적에게 각각 1회 피해","2026-10-03 스킬·원본 VFX 삭제 완료; 스킬 BPDA/원본 에셋 위치는 삭제 전 이력 경로; 초기값: 위력 50/AP 1. 실제 재생·작동 미확인; VFX 크기·회전·충돌 범위 조정 필요"
"응축된 뇌전 폭발","삭제 완료","폭발","번개","NiagaraSystem","MegaMagicVFXBundle","/Game/MegaMagicVFXBundle/VFX/MagicalExplosionsVFX/VFX/LightningExplosion/Systems/N_LightningBlastCharged","/Game/User_JeHoon/Blueprint/DataAsset/Skills/BPDA_N_LightningBlastCharged","선택 지점의 충돌 영역 안 적에게 각각 1회 피해","2026-10-03 스킬·원본 VFX 삭제 완료; 스킬 BPDA/원본 에셋 위치는 삭제 전 이력 경로; 초기값: 위력 50/AP 1. 실제 재생·작동 미확인; VFX 크기·회전·충돌 범위 조정 필요"
"공허의 폭발","삭제 완료","폭발","카오스","NiagaraSystem","MegaMagicVFXBundle","/Game/MegaMagicVFXBundle/VFX/MagicalExplosionsVFX/VFX/BlackholeExplosion/Systems/N_BlackholeExplosion","/Game/User_JeHoon/Blueprint/DataAsset/Skills/BPDA_N_BlackholeExplosion","선택 지점의 충돌 영역 안 적에게 각각 1회 피해","2026-10-03 스킬·원본 VFX 삭제 완료; 스킬 BPDA/원본 에셋 위치는 삭제 전 이력 경로; 초기값: 위력 50/AP 1. 실제 재생·작동 미확인; VFX 크기·회전·충돌 범위 조정 필요"
"응축된 공허의 폭발","삭제 완료","폭발","카오스","NiagaraSystem","MegaMagicVFXBundle","/Game/MegaMagicVFXBundle/VFX/MagicalExplosionsVFX/VFX/BlackholeExplosion/Systems/N_BlackholeExplosionCharged","/Game/User_JeHoon/Blueprint/DataAsset/Skills/BPDA_N_BlackholeExplosionCharged","선택 지점의 충돌 영역 안 적에게 각각 1회 피해","2026-10-03 스킬·원본 VFX 삭제 완료; 스킬 BPDA/원본 에셋 위치는 삭제 전 이력 경로; 초기값: 위력 50/AP 1. 실제 재생·작동 미확인; VFX 크기·회전·충돌 범위 조정 필요"
"빛의 폭발 1","삭제 완료","폭발","번개","ParticleSystem","Luos8Elements","/Game/Luos8Elements/Particles/Light/Par_4E_Light_Explosion_01","/Game/User_JeHoon/Blueprint/DataAsset/Skills/BPDA_Par_4E_Light_Explosion_01","선택 지점의 충돌 영역 안 적에게 각각 1회 피해","2026-10-03 스킬·원본 VFX 삭제 완료; 스킬 BPDA/원본 에셋 위치는 삭제 전 이력 경로; 초기값: 위력 50/AP 1. 실제 재생·작동 미확인; VFX 크기·회전·충돌 범위 조정 필요"
"빛의 폭발 2","삭제 완료","폭발","번개","NiagaraSystem","MegaMagicVFXBundle","/Game/MegaMagicVFXBundle/VFX/MagicalExplosionsVFX/VFX/LightBlast/Systems/N_LightBlast","/Game/User_JeHoon/Blueprint/DataAsset/Skills/BPDA_N_LightBlast","선택 지점의 충돌 영역 안 적에게 각각 1회 피해","2026-10-03 스킬·원본 VFX 삭제 완료; 스킬 BPDA/원본 에셋 위치는 삭제 전 이력 경로; 초기값: 위력 50/AP 1. 실제 재생·작동 미확인; VFX 크기·회전·충돌 범위 조정 필요"
"응축된 빛의 폭발","삭제 완료","폭발","번개","NiagaraSystem","MegaMagicVFXBundle","/Game/MegaMagicVFXBundle/VFX/MagicalExplosionsVFX/VFX/LightBlast/Systems/N_LightBlastCharged","/Game/User_JeHoon/Blueprint/DataAsset/Skills/BPDA_N_LightBlastCharged","선택 지점의 충돌 영역 안 적에게 각각 1회 피해","2026-10-03 스킬·원본 VFX 삭제 완료; 스킬 BPDA/원본 에셋 위치는 삭제 전 이력 경로; 초기값: 위력 50/AP 1. 실제 재생·작동 미확인; VFX 크기·회전·충돌 범위 조정 필요"
"원력 폭발","삭제 완료","폭발","번개","NiagaraSystem","MegaMagicVFXBundle","/Game/MegaMagicVFXBundle/VFX/MagicalExplosionsVFX/VFX/EnergyBlast/Systems/N_EnergyBlast","/Game/User_JeHoon/Blueprint/DataAsset/Skills/BPDA_N_EnergyBlast","선택 지점의 충돌 영역 안 적에게 각각 1회 피해","2026-10-03 스킬·원본 VFX 삭제 완료; 스킬 BPDA/원본 에셋 위치는 삭제 전 이력 경로; 초기값: 위력 50/AP 1. 실제 재생·작동 미확인; VFX 크기·회전·충돌 범위 조정 필요"
"응축된 원력 폭발","삭제 완료","폭발","번개","NiagaraSystem","MegaMagicVFXBundle","/Game/MegaMagicVFXBundle/VFX/MagicalExplosionsVFX/VFX/EnergyBlast/Systems/N_EnergyBlastCharged","/Game/User_JeHoon/Blueprint/DataAsset/Skills/BPDA_N_EnergyBlastCharged","선택 지점의 충돌 영역 안 적에게 각각 1회 피해","2026-10-03 스킬·원본 VFX 삭제 완료; 스킬 BPDA/원본 에셋 위치는 삭제 전 이력 경로; 초기값: 위력 50/AP 1. 실제 재생·작동 미확인; VFX 크기·회전·충돌 범위 조정 필요"
"혈무 폭발","삭제 완료","폭발","물리 + 카오스","NiagaraSystem","MegaMagicVFXBundle","/Game/MegaMagicVFXBundle/VFX/MagicalExplosionsVFX/VFX/BloodExplosion/Systems/N_BloodExplosion","/Game/User_JeHoon/Blueprint/DataAsset/Skills/BPDA_N_BloodExplosion","선택 지점의 충돌 영역 안 적에게 각각 1회 피해","2026-10-03 스킬·원본 VFX 삭제 완료; 스킬 BPDA/원본 에셋 위치는 삭제 전 이력 경로; 초기값: 위력 50/AP 1. 실제 재생·작동 미확인; VFX 크기·회전·충돌 범위 조정 필요"
"응축된 혈무 폭발","삭제 완료","폭발","물리 + 카오스","NiagaraSystem","MegaMagicVFXBundle","/Game/MegaMagicVFXBundle/VFX/MagicalExplosionsVFX/VFX/BloodExplosion/Systems/N_BloodExplosionCharged","/Game/User_JeHoon/Blueprint/DataAsset/Skills/BPDA_N_BloodExplosionCharged","선택 지점의 충돌 영역 안 적에게 각각 1회 피해","2026-10-03 스킬·원본 VFX 삭제 완료; 스킬 BPDA/원본 에셋 위치는 삭제 전 이력 경로; 초기값: 위력 50/AP 1. 실제 재생·작동 미확인; VFX 크기·회전·충돌 범위 조정 필요"
"혼돈 폭발","삭제 완료","폭발","카오스","NiagaraSystem","MegaMagicVFXBundle","/Game/MegaMagicVFXBundle/VFX/MagicalExplosionsVFX/VFX/ChaosExplosion/Systems/N_ChaosExplosion","/Game/User_JeHoon/Blueprint/DataAsset/Skills/BPDA_N_ChaosExplosion","선택 지점의 충돌 영역 안 적에게 각각 1회 피해","2026-10-03 스킬·원본 VFX 삭제 완료; 스킬 BPDA/원본 에셋 위치는 삭제 전 이력 경로; 초기값: 위력 50/AP 1. 실제 재생·작동 미확인; VFX 크기·회전·충돌 범위 조정 필요"
"응축된 혼돈 폭발","삭제 완료","폭발","카오스","NiagaraSystem","MegaMagicVFXBundle","/Game/MegaMagicVFXBundle/VFX/MagicalExplosionsVFX/VFX/ChaosExplosion/Systems/N_ChaosExplosionCharged","/Game/User_JeHoon/Blueprint/DataAsset/Skills/BPDA_N_ChaosExplosionCharged","선택 지점의 충돌 영역 안 적에게 각각 1회 피해","2026-10-03 스킬·원본 VFX 삭제 완료; 스킬 BPDA/원본 에셋 위치는 삭제 전 이력 경로; 초기값: 위력 50/AP 1. 실제 재생·작동 미확인; VFX 크기·회전·충돌 범위 조정 필요"
"화염 폭발 1","삭제 완료","폭발","불","ParticleSystem","Luos8Elements","/Game/Luos8Elements/Particles/Fire/Par_LMagic_Fire_Explosion","/Game/User_JeHoon/Blueprint/DataAsset/Skills/BPDA_Par_LMagic_Fire_Explosion","선택 지점의 충돌 영역 안 적에게 각각 1회 피해","2026-10-03 스킬·원본 VFX 삭제 완료; 스킬 BPDA/원본 에셋 위치는 삭제 전 이력 경로; 초기값: 위력 50/AP 1. 실제 재생·작동 미확인; VFX 크기·회전·충돌 범위 조정 필요"
"뻗어가는 화염 폭발","삭제 완료","폭발","불","ParticleSystem","Luos8Elements","/Game/Luos8Elements/Particles/Fire/Par_LMagic_Fire_Explosion_Xdir","/Game/User_JeHoon/Blueprint/DataAsset/Skills/BPDA_Par_LMagic_Fire_Explosion_Xdir","선택 지점의 충돌 영역 안 적에게 각각 1회 피해","2026-10-03 스킬·원본 VFX 삭제 완료; 스킬 BPDA/원본 에셋 위치는 삭제 전 이력 경로; 초기값: 위력 50/AP 1. 실제 재생·작동 미확인; VFX 크기·회전·충돌 범위 조정 필요"
"화염 폭발 2","삭제 완료","폭발","불","NiagaraSystem","MegaMagicVFXBundle","/Game/MegaMagicVFXBundle/VFX/MagicalExplosionsVFX/VFX/FlameBlast/Systems/N_FlameBlast","/Game/User_JeHoon/Blueprint/DataAsset/Skills/BPDA_N_FlameBlast","선택 지점의 충돌 영역 안 적에게 각각 1회 피해","2026-10-03 스킬·원본 VFX 삭제 완료; 스킬 BPDA/원본 에셋 위치는 삭제 전 이력 경로; 초기값: 위력 50/AP 1. 실제 재생·작동 미확인; VFX 크기·회전·충돌 범위 조정 필요"
"응축된 화염 폭발","삭제 완료","폭발","불","NiagaraSystem","MegaMagicVFXBundle","/Game/MegaMagicVFXBundle/VFX/MagicalExplosionsVFX/VFX/FlameBlast/Systems/N_FlameBlastCharged","/Game/User_JeHoon/Blueprint/DataAsset/Skills/BPDA_N_FlameBlastCharged","선택 지점의 충돌 영역 안 적에게 각각 1회 피해","2026-10-03 스킬·원본 VFX 삭제 완료; 스킬 BPDA/원본 에셋 위치는 삭제 전 이력 경로; 초기값: 위력 50/AP 1. 실제 재생·작동 미확인; VFX 크기·회전·충돌 범위 조정 필요"
"대지탄의 격돌","보류(원본 삭제)","피격","물리","ParticleSystem","Luos8Elements","/Game/Luos8Elements/Particles/Earth/Par_LMagic_Earth_Impact_01","","공격 본체가 아닌 피격 연결용; 대응 공격 확인 필요","2026-10-03 원본 VFX 삭제 완료; 스킬은 미생성 보류 이력; 원본 에셋 위치는 삭제 전 이력 경로"
"대지 탄환의 격돌","보류(원본 삭제)","피격","물리","ParticleSystem","Luos8Elements","/Game/Luos8Elements/Particles/Earth/Par_LMagic_Earth_Impact_02","","공격 본체가 아닌 피격 연결용; 대응 공격 확인 필요","2026-10-03 원본 VFX 삭제 완료; 스킬은 미생성 보류 이력; 원본 에셋 위치는 삭제 전 이력 경로"
"용암탄의 격돌","보류(원본 삭제)","피격","물리 + 불","NiagaraSystem","Mixed_Magic_VFX_Pack","/Game/Mixed_Magic_VFX_Pack/VFX/Sperate_VFX/NS_Magma_Shot_Impact","","공격 본체가 아닌 피격 연결용; 대응 공격 확인 필요","2026-10-03 원본 VFX 삭제 완료; 스킬은 미생성 보류 이력; 원본 에셋 위치는 삭제 전 이력 경로"
"비술탄의 격돌","보류(원본 삭제)","피격","카오스","NiagaraSystem","Free_Magic","/Game/Free_Magic/VFX_Niagara/NS_Free_Magic_Hit1","","공격 본체가 아닌 피격 연결용; 대응 공격 확인 필요","2026-10-03 원본 VFX 삭제 완료; 스킬은 미생성 보류 이력; 원본 에셋 위치는 삭제 전 이력 경로"
"마력탄의 격돌","보류(원본 삭제)","피격","카오스","NiagaraSystem","Free_Magic","/Game/Free_Magic/VFX_Niagara/NS_Free_Magic_Hit2","","공격 본체가 아닌 피격 연결용; 대응 공격 확인 필요","2026-10-03 원본 VFX 삭제 완료; 스킬은 미생성 보류 이력; 원본 에셋 위치는 삭제 전 이력 경로"
"물방울 구슬의 격돌 1","보류(원본 삭제)","피격","냉기","Blueprint","FXVarietyPack","/Game/FXVarietyPack/Blueprints/BP_ky_waterBallHit","","원본 Blueprint의 실행 로직·부품 관계 미확인; 직접 실행하지 않음","2026-10-03 원본 VFX 삭제 완료; 스킬은 미생성 보류 이력; 원본 에셋 위치는 삭제 전 이력 경로"
"물방울 구슬의 격돌 2","보류(원본 삭제)","피격","냉기","ParticleSystem","FXVarietyPack","/Game/FXVarietyPack/Particles/P_ky_waterBallHit","","공격 본체가 아닌 피격 연결용; 대응 공격 확인 필요","2026-10-03 원본 VFX 삭제 완료; 스킬은 미생성 보류 이력; 원본 에셋 위치는 삭제 전 이력 경로"
"충돌의 섬광 1","보류(원본 삭제)","피격","물리","Blueprint","FXVarietyPack","/Game/FXVarietyPack/Blueprints/BP_ky_hit1","","원본 Blueprint의 실행 로직·부품 관계 미확인; 직접 실행하지 않음","2026-10-03 원본 VFX 삭제 완료; 스킬은 미생성 보류 이력; 원본 에셋 위치는 삭제 전 이력 경로"
"격돌의 잔광 1","보류(원본 삭제)","피격","물리","Blueprint","FXVarietyPack","/Game/FXVarietyPack/Blueprints/BP_ky_hit2","","원본 Blueprint의 실행 로직·부품 관계 미확인; 직접 실행하지 않음","2026-10-03 원본 VFX 삭제 완료; 스킬은 미생성 보류 이력; 원본 에셋 위치는 삭제 전 이력 경로"
"충돌의 섬광 2","보류(원본 삭제)","피격","물리","ParticleSystem","FXVarietyPack","/Game/FXVarietyPack/Particles/P_ky_hit1","","공격 본체가 아닌 피격 연결용; 대응 공격 확인 필요","2026-10-03 원본 VFX 삭제 완료; 스킬은 미생성 보류 이력; 원본 에셋 위치는 삭제 전 이력 경로"
"격돌의 잔광 2","보류(원본 삭제)","피격","물리","ParticleSystem","FXVarietyPack","/Game/FXVarietyPack/Particles/P_ky_hit2","","공격 본체가 아닌 피격 연결용; 대응 공격 확인 필요","2026-10-03 원본 VFX 삭제 완료; 스킬은 미생성 보류 이력; 원본 에셋 위치는 삭제 전 이력 경로"
"거인의 망치 격돌","보류(원본 삭제)","피격","물리","NiagaraSystem","Mixed_Magic_VFX_Pack","/Game/Mixed_Magic_VFX_Pack/VFX/NS_Big_Hammer_Impact","","공격 본체가 아닌 피격 연결용; 대응 공격 확인 필요","2026-10-03 원본 VFX 삭제 완료; 스킬은 미생성 보류 이력; 원본 에셋 위치는 삭제 전 이력 경로"
"격정의 격돌","보류(원본 삭제)","피격","카오스","NiagaraSystem","Mixed_Magic_VFX_Pack","/Game/Mixed_Magic_VFX_Pack/VFX/NS_Gelmir_Wizard_Impact","","공격 본체가 아닌 피격 연결용; 대응 공격 확인 필요","2026-10-03 원본 VFX 삭제 완료; 스킬은 미생성 보류 이력; 원본 에셋 위치는 삭제 전 이력 경로"
"뇌전 구슬의 격돌 1","보류(원본 삭제)","피격","번개","Blueprint","FXVarietyPack","/Game/FXVarietyPack/Blueprints/BP_ky_ThunderBallHit","","원본 Blueprint의 실행 로직·부품 관계 미확인; 직접 실행하지 않음","2026-10-03 원본 VFX 삭제 완료; 스킬은 미생성 보류 이력; 원본 에셋 위치는 삭제 전 이력 경로"
"뇌전 구슬의 격돌 2","보류(원본 삭제)","피격","번개","ParticleSystem","FXVarietyPack","/Game/FXVarietyPack/Particles/P_ky_ThunderBallHit","","공격 본체가 아닌 피격 연결용; 대응 공격 확인 필요","2026-10-03 원본 VFX 삭제 완료; 스킬은 미생성 보류 이력; 원본 에셋 위치는 삭제 전 이력 경로"
"어둠탄의 격돌 1","보류(원본 삭제)","피격","카오스","ParticleSystem","Luos8Elements","/Game/Luos8Elements/Particles/Dark/Par_4E_Dark_Impact_01","","공격 본체가 아닌 피격 연결용; 대응 공격 확인 필요","2026-10-03 원본 VFX 삭제 완료; 스킬은 미생성 보류 이력; 원본 에셋 위치는 삭제 전 이력 경로"
"어둠탄의 격돌 2","보류(원본 삭제)","피격","카오스","NiagaraSystem","Mixed_Magic_VFX_Pack","/Game/Mixed_Magic_VFX_Pack/VFX/NS_Dark_Solo_Impact","","공격 본체가 아닌 피격 연결용; 대응 공격 확인 필요","2026-10-03 원본 VFX 삭제 완료; 스킬은 미생성 보류 이력; 원본 에셋 위치는 삭제 전 이력 경로"
"어둠돌의 격돌","보류(원본 삭제)","피격","물리 + 카오스","NiagaraSystem","Mixed_Magic_VFX_Pack","/Game/Mixed_Magic_VFX_Pack/VFX/NS_Dark_Stone_Impact","","공격 본체가 아닌 피격 연결용; 대응 공격 확인 필요","2026-10-03 원본 VFX 삭제 완료; 스킬은 미생성 보류 이력; 원본 에셋 위치는 삭제 전 이력 경로"
"서리탄의 격돌","보류(원본 삭제)","피격","냉기","ParticleSystem","Luos8Elements","/Game/Luos8Elements/Particles/Ice/Par_4E_Ice_Impact_01","","공격 본체가 아닌 피격 연결용; 대응 공격 확인 필요","2026-10-03 원본 VFX 삭제 완료; 스킬은 미생성 보류 이력; 원본 에셋 위치는 삭제 전 이력 경로"
"회오리바람 1","삭제 완료","회오리","물리","ParticleSystem","RPGEffects","/Game/RPGEffects/Particles/P_Mage_Whirlwind","/Game/User_JeHoon/Blueprint/DataAsset/Skills/BPDA_P_Mage_Whirlwind","선택 지점의 충돌 영역 안 적에게 각각 1회 피해","2026-10-03 스킬·원본 VFX 삭제 완료; 스킬 BPDA/원본 에셋 위치는 삭제 전 이력 경로; 초기값: 위력 50/AP 1. 실제 재생·작동 미확인; VFX 크기·회전·충돌 범위 조정 필요"
"회오리바람 2","삭제 완료","회오리","물리","NiagaraSystem","RPGEffects","/Game/RPGEffects/ParticlesNiagara/Mage/Whirlwind/NS_Mage_Whirlwind","/Game/User_JeHoon/Blueprint/DataAsset/Skills/BPDA_NS_Mage_Whirlwind","선택 지점의 충돌 영역 안 적에게 각각 1회 피해","2026-10-03 스킬·원본 VFX 삭제 완료; 스킬 BPDA/원본 에셋 위치는 삭제 전 이력 경로; 초기값: 위력 50/AP 1. 실제 재생·작동 미확인; VFX 크기·회전·충돌 범위 조정 필요"
"비술 베기","삭제 완료","Slash","카오스","NiagaraSystem","Free_Magic","/Game/Free_Magic/VFX_Niagara/NS_Free_Magic_Slash","/Game/User_JeHoon/Blueprint/DataAsset/Skills/BPDA_NS_Free_Magic_Slash","VFX와 함께 생성되는 충돌 영역으로 여러 적을 각각 1회 타격","2026-10-03 스킬·원본 VFX 삭제 완료; 스킬 BPDA/원본 에셋 위치는 삭제 전 이력 경로; 초기값: 위력 50/AP 1. 실제 재생·작동 미확인; VFX 크기·회전·충돌 범위 조정 필요"
"마력 베기","삭제 완료","Slash","카오스","NiagaraSystem","Free_Magic","/Game/Free_Magic/VFX_Niagara/NS_Free_Magic_Slash2","/Game/User_JeHoon/Blueprint/DataAsset/Skills/BPDA_NS_Free_Magic_Slash2","VFX와 함께 생성되는 충돌 영역으로 여러 적을 각각 1회 타격","2026-10-03 스킬·원본 VFX 삭제 완료; 스킬 BPDA/원본 에셋 위치는 삭제 전 이력 경로; 초기값: 위력 50/AP 1. 실제 재생·작동 미확인; VFX 크기·회전·충돌 범위 조정 필요"
"거인의 검흔","보류(원본 삭제)","Slash Trail","물리","ParticleSystem","Mixed_Magic_VFX_Pack","/Game/Mixed_Magic_VFX_Pack/VFX/P_Big_Sword_Trail","","Ribbon 이동 궤적 또는 AnimTrail 애니메이션 소스 연결 필요","2026-10-03 원본 VFX 삭제 완료; 스킬은 미생성 보류 이력; 원본 에셋 위치는 삭제 전 이력 경로"
"일제 사격 1","보류(원본 삭제)","다중 발사","물리","ParticleSystem","RPGEffects","/Game/RPGEffects/Particles/P_Archer_Multishot","","발사 수·방향·시간 간격 확인 필요","2026-10-03 원본 VFX 삭제 완료; 스킬은 미생성 보류 이력; 원본 에셋 위치는 삭제 전 이력 경로"
"일제 사격의 섬광 1","보류(원본 삭제)","다중 발사","물리","ParticleSystem","RPGEffects","/Game/RPGEffects/Particles/P_Archer_Multishot_Burst","","발사 수·방향·시간 간격 확인 필요","2026-10-03 원본 VFX 삭제 완료; 스킬은 미생성 보류 이력; 원본 에셋 위치는 삭제 전 이력 경로"
"일제 사격 2","보류(원본 삭제)","다중 발사","물리","NiagaraSystem","RPGEffects","/Game/RPGEffects/ParticlesNiagara/Archer/Multishot/NS_Archer_Multishot","","발사 수·방향·시간 간격 확인 필요","2026-10-03 원본 VFX 삭제 완료; 스킬은 미생성 보류 이력; 원본 에셋 위치는 삭제 전 이력 경로"
"원형 일제 사격","보류(원본 삭제)","다중 발사","물리","NiagaraSystem","RPGEffects","/Game/RPGEffects/ParticlesNiagara/Archer/Multishot_Radial/NS_Archer_Multishot_Radial","","발사 수·방향·시간 간격 확인 필요","2026-10-03 원본 VFX 삭제 완료; 스킬은 미생성 보류 이력; 원본 에셋 위치는 삭제 전 이력 경로"
"일제 사격의 섬광 2","보류(원본 삭제)","다중 발사","물리","NiagaraSystem","RPGEffects","/Game/RPGEffects/ParticlesNiagara/Archer/MultishotBurst/NS_Archer_Multishot_Burst","","발사 수·방향·시간 간격 확인 필요","2026-10-03 원본 VFX 삭제 완료; 스킬은 미생성 보류 이력; 원본 에셋 위치는 삭제 전 이력 경로"
"화염 일제 사격 1","보류(원본 삭제)","다중 발사","불","ParticleSystem","RPGEffects","/Game/RPGEffects/Particles/P_Archer_Multishot_Fire","","발사 수·방향·시간 간격 확인 필요","2026-10-03 원본 VFX 삭제 완료; 스킬은 미생성 보류 이력; 원본 에셋 위치는 삭제 전 이력 경로"
"화염 일제 사격의 섬광 1","보류(원본 삭제)","다중 발사","불","ParticleSystem","RPGEffects","/Game/RPGEffects/Particles/P_Archer_Multishot_Fire_Burst","","발사 수·방향·시간 간격 확인 필요","2026-10-03 원본 VFX 삭제 완료; 스킬은 미생성 보류 이력; 원본 에셋 위치는 삭제 전 이력 경로"
"화염 일제 사격 2","보류(원본 삭제)","다중 발사","불","NiagaraSystem","RPGEffects","/Game/RPGEffects/ParticlesNiagara/Archer/MultiShotFire/NS_Archer_Multishot_Fire","","발사 수·방향·시간 간격 확인 필요","2026-10-03 원본 VFX 삭제 완료; 스킬은 미생성 보류 이력; 원본 에셋 위치는 삭제 전 이력 경로"
"화염 일제 사격의 섬광 2","보류(원본 삭제)","다중 발사","불","NiagaraSystem","RPGEffects","/Game/RPGEffects/ParticlesNiagara/Archer/MultiShotFireBurst/NS_Archer_Multishot_Fire_Burst","","발사 수·방향·시간 간격 확인 필요","2026-10-03 원본 VFX 삭제 완료; 스킬은 미생성 보류 이력; 원본 에셋 위치는 삭제 전 이력 경로"
"화살비 1","삭제 완료","범위 낙하","물리","ParticleSystem","RPGEffects","/Game/RPGEffects/Particles/P_Archer_Arrow_Hail","/Game/User_JeHoon/Blueprint/DataAsset/Skills/BPDA_P_Archer_Arrow_Hail","선택 지점의 충돌 영역 안 적에게 각각 1회 피해","2026-10-03 스킬·원본 VFX 삭제 완료; 스킬 BPDA/원본 에셋 위치는 삭제 전 이력 경로; 초기값: 위력 50/AP 1. 실제 재생·작동 미확인; VFX 크기·회전·충돌 범위 조정 필요"
"쏟아지는 화살비 1","삭제 완료","범위 낙하","물리","ParticleSystem","RPGEffects","/Game/RPGEffects/Particles/P_Archer_Arrow_Hail_Burst","/Game/User_JeHoon/Blueprint/DataAsset/Skills/BPDA_P_Archer_Arrow_Hail_Burst","선택 지점의 충돌 영역 안 적에게 각각 1회 피해","2026-10-03 스킬·원본 VFX 삭제 완료; 스킬 BPDA/원본 에셋 위치는 삭제 전 이력 경로; 초기값: 위력 50/AP 1. 실제 재생·작동 미확인; VFX 크기·회전·충돌 범위 조정 필요"
"화살비 2","삭제 완료","범위 낙하","물리","NiagaraSystem","RPGEffects","/Game/RPGEffects/ParticlesNiagara/Archer/ArrowHail/NS_Archer_Arrow_Hail","/Game/User_JeHoon/Blueprint/DataAsset/Skills/BPDA_NS_Archer_Arrow_Hail","선택 지점의 충돌 영역 안 적에게 각각 1회 피해","2026-10-03 스킬·원본 VFX 삭제 완료; 스킬 BPDA/원본 에셋 위치는 삭제 전 이력 경로; 초기값: 위력 50/AP 1. 실제 재생·작동 미확인; VFX 크기·회전·충돌 범위 조정 필요"
"쏟아지는 화살비 2","삭제 완료","범위 낙하","물리","NiagaraSystem","RPGEffects","/Game/RPGEffects/ParticlesNiagara/Archer/ArrowHailBurst/NS_Archer_Arrow_Hail_Burst","/Game/User_JeHoon/Blueprint/DataAsset/Skills/BPDA_NS_Archer_Arrow_Hail_Burst","선택 지점의 충돌 영역 안 적에게 각각 1회 피해","2026-10-03 스킬·원본 VFX 삭제 완료; 스킬 BPDA/원본 에셋 위치는 삭제 전 이력 경로; 초기값: 위력 50/AP 1. 실제 재생·작동 미확인; VFX 크기·회전·충돌 범위 조정 필요"
"쇠가시 지대 1","보류(원본 삭제)","장판/함정","물리","ParticleSystem","RPGEffects","/Game/RPGEffects/Particles/P_Archer_Caltrops","","발동 조건·지속시간·피해 방식 미결정","2026-10-03 원본 VFX 삭제 완료; 스킬은 미생성 보류 이력; 원본 에셋 위치는 삭제 전 이력 경로"
"쇠가시 지대 2","보류(원본 삭제)","장판/함정","물리","NiagaraSystem","RPGEffects","/Game/RPGEffects/ParticlesNiagara/Archer/Caltrops/NS_Archer_Caltrops","","발동 조건·지속시간·피해 방식 미결정","2026-10-03 원본 VFX 삭제 완료; 스킬은 미생성 보류 이력; 원본 에셋 위치는 삭제 전 이력 경로"
"날아가는 화살 1","삭제 완료","투사체","물리","ParticleSystem","RPGEffects","/Game/RPGEffects/Particles/P_Archer_Arrow","/Game/User_JeHoon/Blueprint/DataAsset/Skills/BPDA_P_Archer_Arrow","처음 차단 충돌한 지점에서 소멸하는 단일 투사체","2026-10-03 스킬·원본 VFX 삭제 완료; 스킬 BPDA/원본 에셋 위치는 삭제 전 이력 경로; 초기값: 위력 50/AP 1. 실제 재생·작동 미확인; VFX 크기·회전·충돌 범위 조정 필요"
"투척 도끼 1","삭제 완료","투사체","물리","ParticleSystem","RPGEffects","/Game/RPGEffects/Particles/P_Warrior_ThrowingAxe","/Game/User_JeHoon/Blueprint/DataAsset/Skills/BPDA_P_Warrior_ThrowingAxe","처음 차단 충돌한 지점에서 소멸하는 단일 투사체","2026-10-03 스킬·원본 VFX 삭제 완료; 스킬 BPDA/원본 에셋 위치는 삭제 전 이력 경로; 초기값: 위력 50/AP 1. 실제 재생·작동 미확인; VFX 크기·회전·충돌 범위 조정 필요"
"날아가는 화살 2","삭제 완료","투사체","물리","NiagaraSystem","RPGEffects","/Game/RPGEffects/ParticlesNiagara/Archer/Arrow/NS_Archer_Arrow","/Game/User_JeHoon/Blueprint/DataAsset/Skills/BPDA_NS_Archer_Arrow","처음 차단 충돌한 지점에서 소멸하는 단일 투사체","2026-10-03 스킬·원본 VFX 삭제 완료; 스킬 BPDA/원본 에셋 위치는 삭제 전 이력 경로; 초기값: 위력 50/AP 1. 실제 재생·작동 미확인; VFX 크기·회전·충돌 범위 조정 필요"
"투척 도끼 2","삭제 완료","투사체","물리","NiagaraSystem","RPGEffects","/Game/RPGEffects/ParticlesNiagara/Warrior/ThrowingAxe/NS_Warrior_ThrowingAxe","/Game/User_JeHoon/Blueprint/DataAsset/Skills/BPDA_NS_Warrior_ThrowingAxe","처음 차단 충돌한 지점에서 소멸하는 단일 투사체","2026-10-03 스킬·원본 VFX 삭제 완료; 스킬 BPDA/원본 에셋 위치는 삭제 전 이력 경로; 초기값: 위력 50/AP 1. 실제 재생·작동 미확인; VFX 크기·회전·충돌 범위 조정 필요"
"불꽃 화살 1","삭제 완료","투사체","불","ParticleSystem","RPGEffects","/Game/RPGEffects/Particles/P_Archer_Arrow_Fire","/Game/User_JeHoon/Blueprint/DataAsset/Skills/BPDA_P_Archer_Arrow_Fire","처음 차단 충돌한 지점에서 소멸하는 단일 투사체","2026-10-03 스킬·원본 VFX 삭제 완료; 스킬 BPDA/원본 에셋 위치는 삭제 전 이력 경로; 초기값: 위력 50/AP 1. 실제 재생·작동 미확인; VFX 크기·회전·충돌 범위 조정 필요"
"불꽃 화살 2","삭제 완료","투사체","불","NiagaraSystem","RPGEffects","/Game/RPGEffects/ParticlesNiagara/Archer/ArrowFire/NS_Archer_Arrow_Fire","/Game/User_JeHoon/Blueprint/DataAsset/Skills/BPDA_NS_Archer_Arrow_Fire","처음 차단 충돌한 지점에서 소멸하는 단일 투사체","2026-10-03 스킬·원본 VFX 삭제 완료; 스킬 BPDA/원본 에셋 위치는 삭제 전 이력 경로; 초기값: 위력 50/AP 1. 실제 재생·작동 미확인; VFX 크기·회전·충돌 범위 조정 필요"
"화살의 궤적","보류(원본 삭제)","투사체 Trail","물리","NiagaraSystem","ArrowTrail","/Game/ArrowTrail/FX/NS_ArrowTrail_Basic","","투사체 본체·진행 방향과 연결 필요","2026-10-03 원본 VFX 삭제 완료; 스킬은 미생성 보류 이력; 원본 에셋 위치는 삭제 전 이력 경로"
"화살의 잔상","보류(원본 삭제)","투사체 Trail","물리","NiagaraSystem","ArrowTrail","/Game/ArrowTrail/FX/NS_ArrowTrail_Basic_02","","투사체 본체·진행 방향과 연결 필요","2026-10-03 원본 VFX 삭제 완료; 스킬은 미생성 보류 이력; 원본 에셋 위치는 삭제 전 이력 경로"
"마력 화살의 궤적","보류(원본 삭제)","투사체 Trail","카오스","NiagaraSystem","ArrowTrail","/Game/ArrowTrail/FX/NS_ArrowTrail_Magic","","투사체 본체·진행 방향과 연결 필요","2026-10-03 원본 VFX 삭제 완료; 스킬은 미생성 보류 이력; 원본 에셋 위치는 삭제 전 이력 경로"
"마력 화살의 잔상","보류(원본 삭제)","투사체 Trail","카오스","NiagaraSystem","ArrowTrail","/Game/ArrowTrail/FX/NS_ArrowTrail_Magic_2","","투사체 본체·진행 방향과 연결 필요","2026-10-03 원본 VFX 삭제 완료; 스킬은 미생성 보류 이력; 원본 에셋 위치는 삭제 전 이력 경로"
"물결 화살의 궤적","보류(원본 삭제)","투사체 Trail","냉기","NiagaraSystem","ArrowTrail","/Game/ArrowTrail/FX/NS_ArrowTrail_Water","","투사체 본체·진행 방향과 연결 필요","2026-10-03 원본 VFX 삭제 완료; 스킬은 미생성 보류 이력; 원본 에셋 위치는 삭제 전 이력 경로"
"성광 화살의 궤적","보류(원본 삭제)","투사체 Trail","번개","NiagaraSystem","ArrowTrail","/Game/ArrowTrail/FX/NS_ArrowTrail_Holy","","투사체 본체·진행 방향과 연결 필요","2026-10-03 원본 VFX 삭제 완료; 스킬은 미생성 보류 이력; 원본 에셋 위치는 삭제 전 이력 경로"
"서리 화살의 궤적","보류(원본 삭제)","투사체 Trail","냉기","NiagaraSystem","ArrowTrail","/Game/ArrowTrail/FX/NS_ArrowTrail_Ice","","투사체 본체·진행 방향과 연결 필요","2026-10-03 원본 VFX 삭제 완료; 스킬은 미생성 보류 이력; 원본 에셋 위치는 삭제 전 이력 경로"
"숲 화살의 궤적","보류(원본 삭제)","투사체 Trail","물리","NiagaraSystem","ArrowTrail","/Game/ArrowTrail/FX/NS_ArrowTrail_Nature","","투사체 본체·진행 방향과 연결 필요","2026-10-03 원본 VFX 삭제 완료; 스킬은 미생성 보류 이력; 원본 에셋 위치는 삭제 전 이력 경로"
"불꽃 화살의 궤적","보류(원본 삭제)","투사체 Trail","불","NiagaraSystem","ArrowTrail","/Game/ArrowTrail/FX/NS_ArrowTrail_Fire","","투사체 본체·진행 방향과 연결 필요","2026-10-03 원본 VFX 삭제 완료; 스킬은 미생성 보류 이력; 원본 에셋 위치는 삭제 전 이력 경로"
"불꽃 화살의 잔상","보류(원본 삭제)","투사체 Trail","불","NiagaraSystem","ArrowTrail","/Game/ArrowTrail/FX/NS_ArrowTrail_Fire_02","","투사체 본체·진행 방향과 연결 필요","2026-10-03 원본 VFX 삭제 완료; 스킬은 미생성 보류 이력; 원본 에셋 위치는 삭제 전 이력 경로"
"성장의 빛 1","보류(원본 삭제)","레벨업 표시","","ParticleSystem","RPGEffects","/Game/RPGEffects/Particles/P_Status_LevelUp","","공용 표시용; 독립 스킬 대상 제외","2026-10-03 원본 VFX 삭제 완료; 스킬은 미생성 보류 이력; 원본 에셋 위치는 삭제 전 이력 경로"
"성장의 빛 2","보류(원본 삭제)","레벨업 표시","","NiagaraSystem","RPGEffects","/Game/RPGEffects/ParticlesNiagara/StatusEffects/LevelUp/NS_Status_LevelUp","","공용 표시용; 독립 스킬 대상 제외","2026-10-03 원본 VFX 삭제 완료; 스킬은 미생성 보류 이력; 원본 에셋 위치는 삭제 전 이력 경로"
"기절의 파동 1","보류(원본 삭제)","범위 상태이상","번개","ParticleSystem","RPGEffects","/Game/RPGEffects/Particles/P_Priest_AoE_Stun","","구체적인 상태이상·지속시간 미결정","2026-10-03 원본 VFX 삭제 완료; 스킬은 미생성 보류 이력; 원본 에셋 위치는 삭제 전 이력 경로"
"기절의 파동 2","보류(원본 삭제)","범위 상태이상","번개","NiagaraSystem","RPGEffects","/Game/RPGEffects/ParticlesNiagara/Priest/AoEStun/NS_Priest_AoE_Stun","","구체적인 상태이상·지속시간 미결정","2026-10-03 원본 VFX 삭제 완료; 스킬은 미생성 보류 이력; 원본 에셋 위치는 삭제 전 이력 경로"
"마력의 빛무리 1","보류(원본 삭제)","상태 오라","카오스","ParticleSystem","RPGEffects","/Game/RPGEffects/Particles/P_Status_Magic_Glow","","구체적인 상태이상·지속시간 미결정","2026-10-03 원본 VFX 삭제 완료; 스킬은 미생성 보류 이력; 원본 에셋 위치는 삭제 전 이력 경로"
"마력의 빛무리 2","보류(원본 삭제)","상태 오라","카오스","NiagaraSystem","RPGEffects","/Game/RPGEffects/ParticlesNiagara/StatusEffects/MagicGlow/NS_Status_Magic_Glow","","구체적인 상태이상·지속시간 미결정","2026-10-03 원본 VFX 삭제 완료; 스킬은 미생성 보류 이력; 원본 에셋 위치는 삭제 전 이력 경로"
"멈춤의 낙인 1","보류(원본 삭제)","상태이상 표시","","ParticleSystem","RPGEffects","/Game/RPGEffects/Particles/P_Priest_Stun","","상태이상 연결용 표시; 효과 자체 미정","2026-10-03 원본 VFX 삭제 완료; 스킬은 미생성 보류 이력; 원본 에셋 위치는 삭제 전 이력 경로"
"혼란의 징표 1","보류(원본 삭제)","상태이상 표시","","ParticleSystem","RPGEffects","/Game/RPGEffects/Particles/P_Status_Confusion","","상태이상 연결용 표시; 효과 자체 미정","2026-10-03 원본 VFX 삭제 완료; 스킬은 미생성 보류 이력; 원본 에셋 위치는 삭제 전 이력 경로"
"기절의 징표 1","보류(원본 삭제)","상태이상 표시","","ParticleSystem","RPGEffects","/Game/RPGEffects/Particles/P_Status_Stun","","상태이상 연결용 표시; 효과 자체 미정","2026-10-03 원본 VFX 삭제 완료; 스킬은 미생성 보류 이력; 원본 에셋 위치는 삭제 전 이력 경로"
"실명의 징표 1","보류(원본 삭제)","상태이상 표시","","ParticleSystem","RPGEffects","/Game/RPGEffects/Particles/P_Warrior_Blind","","상태이상 연결용 표시; 효과 자체 미정","2026-10-03 원본 VFX 삭제 완료; 스킬은 미생성 보류 이력; 원본 에셋 위치는 삭제 전 이력 경로"
"멈춤의 낙인 2","보류(원본 삭제)","상태이상 표시","","NiagaraSystem","RPGEffects","/Game/RPGEffects/ParticlesNiagara/Priest/Stun/NS_Priest_Stun","","상태이상 연결용 표시; 효과 자체 미정","2026-10-03 원본 VFX 삭제 완료; 스킬은 미생성 보류 이력; 원본 에셋 위치는 삭제 전 이력 경로"
"혼란의 징표 2","보류(원본 삭제)","상태이상 표시","","NiagaraSystem","RPGEffects","/Game/RPGEffects/ParticlesNiagara/StatusEffects/Confusion/NS_Status_Confusion","","상태이상 연결용 표시; 효과 자체 미정","2026-10-03 원본 VFX 삭제 완료; 스킬은 미생성 보류 이력; 원본 에셋 위치는 삭제 전 이력 경로"
"기절의 징표 2","보류(원본 삭제)","상태이상 표시","","NiagaraSystem","RPGEffects","/Game/RPGEffects/ParticlesNiagara/StatusEffects/Stun/NS_Status_Stun","","상태이상 연결용 표시; 효과 자체 미정","2026-10-03 원본 VFX 삭제 완료; 스킬은 미생성 보류 이력; 원본 에셋 위치는 삭제 전 이력 경로"
"실명의 징표 2","보류(원본 삭제)","상태이상 표시","","NiagaraSystem","RPGEffects","/Game/RPGEffects/ParticlesNiagara/Warrior/Blind/NS_Warrior_Blind","","상태이상 연결용 표시; 효과 자체 미정","2026-10-03 원본 VFX 삭제 완료; 스킬은 미생성 보류 이력; 원본 에셋 위치는 삭제 전 이력 경로"
"보물의 반짝임 1","보류(원본 삭제)","아이템 강조","","ParticleSystem","RPGEffects","/Game/RPGEffects/Particles/P_Status_ItemHighlight","","공용 표시용; 독립 스킬 대상 제외","2026-10-03 원본 VFX 삭제 완료; 스킬은 미생성 보류 이력; 원본 에셋 위치는 삭제 전 이력 경로"
"보물의 반짝임 2","보류(원본 삭제)","아이템 강조","","NiagaraSystem","RPGEffects","/Game/RPGEffects/ParticlesNiagara/StatusEffects/ItemHighlight/NS_Status_ItemHighlight","","공용 표시용; 독립 스킬 대상 제외","2026-10-03 원본 VFX 삭제 완료; 스킬은 미생성 보류 이력; 원본 에셋 위치는 삭제 전 이력 경로"
"마력의 기운","보류(원본 삭제)","오라/버프","카오스","NiagaraSystem","Free_Magic","/Game/Free_Magic/VFX_Niagara/NS_Free_Magic_Aura","","구체적인 강화 효과·지속시간 미결정","2026-10-03 원본 VFX 삭제 완료; 스킬은 미생성 보류 이력; 원본 에셋 위치는 삭제 전 이력 경로"
"마력의 축원","보류(원본 삭제)","오라/버프","카오스","NiagaraSystem","Free_Magic","/Game/Free_Magic/VFX_Niagara/NS_Free_Magic_Buff","","구체적인 강화 효과·지속시간 미결정","2026-10-03 원본 VFX 삭제 완료; 스킬은 미생성 보류 이력; 원본 에셋 위치는 삭제 전 이력 경로"
"사제의 기운 1","보류(원본 삭제)","오라/버프","","ParticleSystem","RPGEffects","/Game/RPGEffects/Particles/P_Priest_Aura","","구체적인 강화 효과·지속시간 미결정","2026-10-03 원본 VFX 삭제 완료; 스킬은 미생성 보류 이력; 원본 에셋 위치는 삭제 전 이력 경로"
"사제의 기운 2","보류(원본 삭제)","오라/버프","","NiagaraSystem","RPGEffects","/Game/RPGEffects/ParticlesNiagara/Priest/Aura/NS_Preist_Aura","","구체적인 강화 효과·지속시간 미결정","2026-10-03 원본 VFX 삭제 완료; 스킬은 미생성 보류 이력; 원본 에셋 위치는 삭제 전 이력 경로"
"숲의 숨결","보류(원본 삭제)","오라/버프","물리","NiagaraSystem","MegaMagicVFXBundle","/Game/MegaMagicVFXBundle/VFX/MagicAuraVFX/VFX/NatureAura/Systems/N_NatureAura","","구체적인 강화 효과·지속시간 미결정","2026-10-03 원본 VFX 삭제 완료; 스킬은 미생성 보류 이력; 원본 에셋 위치는 삭제 전 이력 경로"
"치유의 섬광 1","삭제 완료","치유","","ParticleSystem","RPGEffects","/Game/RPGEffects/Particles/P_Priest_Heal_Burst","/Game/User_JeHoon/Blueprint/DataAsset/Skills/BPDA_P_Priest_Heal_Burst","아군 대상 HP 즉시 회복; 지속 회복으로 해석하지 않음","2026-10-03 스킬·원본 VFX 삭제 완료; 스킬 BPDA/원본 에셋 위치는 삭제 전 이력 경로; 초기값: 위력 50/AP 1. 실제 재생·작동 미확인; VFX 크기·회전·충돌 범위 조정 필요"
"치유의 섬광 2","삭제 완료","치유","","NiagaraSystem","RPGEffects","/Game/RPGEffects/ParticlesNiagara/Priest/HealBurst/NS_Priest_Heal_Burst","/Game/User_JeHoon/Blueprint/DataAsset/Skills/BPDA_NS_Priest_Heal_Burst","아군 대상 HP 즉시 회복; 지속 회복으로 해석하지 않음","2026-10-03 스킬·원본 VFX 삭제 완료; 스킬 BPDA/원본 에셋 위치는 삭제 전 이력 경로; 초기값: 위력 50/AP 1. 실제 재생·작동 미확인; VFX 크기·회전·충돌 범위 조정 필요"
"회복의 기운 1","보류(원본 삭제)","치유 오라","","Blueprint","FXVarietyPack","/Game/FXVarietyPack/Blueprints/BP_ky_healAura","","원본 Blueprint의 실행 로직·부품 관계 미확인; 직접 실행하지 않음","2026-10-03 원본 VFX 삭제 완료; 스킬은 미생성 보류 이력; 원본 에셋 위치는 삭제 전 이력 경로"
"회복의 기운 2","삭제 완료","치유 오라","","ParticleSystem","FXVarietyPack","/Game/FXVarietyPack/Particles/P_ky_healAura","/Game/User_JeHoon/Blueprint/DataAsset/Skills/BPDA_P_ky_healAura","아군 대상 HP 즉시 회복; 지속 회복으로 해석하지 않음","2026-10-03 스킬·원본 VFX 삭제 완료; 스킬 BPDA/원본 에셋 위치는 삭제 전 이력 경로; 초기값: 위력 50/AP 1. 실제 재생·작동 미확인; VFX 크기·회전·충돌 범위 조정 필요"
"치유의 원 1","보류(원본 삭제)","치유 오라","","ParticleSystem","RPGEffects","/Game/RPGEffects/Particles/P_Priest_Heal_Over_Time_2D","","지속 치유로 명명된 원본; 회복 주기·지속시간 미결정","2026-10-03 원본 VFX 삭제 완료; 스킬은 미생성 보류 이력; 원본 에셋 위치는 삭제 전 이력 경로"
"치유의 숨결 1","보류(원본 삭제)","치유 오라","","ParticleSystem","RPGEffects","/Game/RPGEffects/Particles/P_Priest_Heal_Over_Time_3D","","지속 치유로 명명된 원본; 회복 주기·지속시간 미결정","2026-10-03 원본 VFX 삭제 완료; 스킬은 미생성 보류 이력; 원본 에셋 위치는 삭제 전 이력 경로"
"치유의 원 2","보류(원본 삭제)","치유 오라","","NiagaraSystem","RPGEffects","/Game/RPGEffects/ParticlesNiagara/Priest/HealOverTime/NS_Preist_Heal_Over_Time","","지속 치유로 명명된 원본; 회복 주기·지속시간 미결정","2026-10-03 원본 VFX 삭제 완료; 스킬은 미생성 보류 이력; 원본 에셋 위치는 삭제 전 이력 경로"
"치유의 숨결 2","보류(원본 삭제)","치유 오라","","NiagaraSystem","RPGEffects","/Game/RPGEffects/ParticlesNiagara/Priest/HealOverTime/NS_Preist_Heal_Over_Time_3D","","지속 치유로 명명된 원본; 회복 주기·지속시간 미결정","2026-10-03 원본 VFX 삭제 완료; 스킬은 미생성 보류 이력; 원본 에셋 위치는 삭제 전 이력 경로"
"여정의 표식 1","보류(원본 삭제)","퀘스트 표시","","ParticleSystem","RPGEffects","/Game/RPGEffects/Particles/P_Status_Quest","","공용 표시용; 독립 스킬 대상 제외","2026-10-03 원본 VFX 삭제 완료; 스킬은 미생성 보류 이력; 원본 에셋 위치는 삭제 전 이력 경로"
"여정의 표식 2","보류(원본 삭제)","퀘스트 표시","","NiagaraSystem","RPGEffects","/Game/RPGEffects/ParticlesNiagara/StatusEffects/Quest/NS_Status_Quest","","공용 표시용; 독립 스킬 대상 제외","2026-10-03 원본 VFX 삭제 완료; 스킬은 미생성 보류 이력; 원본 에셋 위치는 삭제 전 이력 경로"
"물약의 기운","보류(원본 삭제)","포션 효과","","NiagaraSystem","Mixed_Magic_VFX_Pack","/Game/Mixed_Magic_VFX_Pack/VFX/NS_Potion","","회복 종류·아이템 연동 미결정","2026-10-03 원본 VFX 삭제 완료; 스킬은 미생성 보류 이력; 원본 에셋 위치는 삭제 전 이력 경로"
"전사의 포효 1","보류(원본 삭제)","포효","물리","ParticleSystem","RPGEffects","/Game/RPGEffects/Particles/P_Warrior_Shout","","피해·버프·상태이상 동작 미결정","2026-10-03 원본 VFX 삭제 완료; 스킬은 미생성 보류 이력; 원본 에셋 위치는 삭제 전 이력 경로"
"전사의 포효 2","보류(원본 삭제)","포효","물리","NiagaraSystem","RPGEffects","/Game/RPGEffects/ParticlesNiagara/Warrior/Shout/NS_Warrior_Shout","","피해·버프·상태이상 동작 미결정","2026-10-03 원본 VFX 삭제 완료; 스킬은 미생성 보류 이력; 원본 에셋 위치는 삭제 전 이력 경로"
"도약의 섬광 1","보류(원본 삭제)","순간이동","카오스","ParticleSystem","RPGEffects","/Game/RPGEffects/Particles/P_Status_Teleport_Burst","","이동 위치·이동 규칙 미결정","2026-10-03 원본 VFX 삭제 완료; 스킬은 미생성 보류 이력; 원본 에셋 위치는 삭제 전 이력 경로"
"도약의 섬광 2","보류(원본 삭제)","순간이동","카오스","NiagaraSystem","RPGEffects","/Game/RPGEffects/ParticlesNiagara/StatusEffects/TeleportBurst/NS_Status_Teleport_Burst","","이동 위치·이동 규칙 미결정","2026-10-03 원본 VFX 삭제 완료; 스킬은 미생성 보류 이력; 원본 에셋 위치는 삭제 전 이력 경로"
"도약의 발판","보류","점프패드","","NiagaraSystem","LevelPrototyping","/Game/LevelPrototyping/Interactable/JumpPad/Assets/NS_JumpPad","","이동 위치·이동 규칙 미결정",""
"지정 표식","보류","커서 표시","","NiagaraSystem","Cursor","/Game/Cursor/FX_Cursor","","조준 연결용; 독립 스킬 대상 제외",""
"지정 불가 표식","보류","커서 표시","","NiagaraSystem","TopDown","/Game/TopDown/Cursor/FX_Cursor_Failure","","조준 연결용; 독립 스킬 대상 제외",""
"지정 가능 표식","보류","커서 표시","","NiagaraSystem","TopDown","/Game/TopDown/Cursor/FX_Cursor_Success","","조준 연결용; 독립 스킬 대상 제외",""
"부채꼴 조준선 1","보류(원본 삭제)","타게팅 표시","","ParticleSystem","RPGEffects","/Game/RPGEffects/Particles/P_Targeting_Arc","","조준 연결용; 독립 스킬 대상 제외","2026-10-03 원본 VFX 삭제 완료; 스킬은 미생성 보류 이력; 원본 에셋 위치는 삭제 전 이력 경로"
"공격 방향 표식 1","보류(원본 삭제)","타게팅 표시","","ParticleSystem","RPGEffects","/Game/RPGEffects/Particles/P_Targeting_Arrow","","조준 연결용; 독립 스킬 대상 제외","2026-10-03 원본 VFX 삭제 완료; 스킬은 미생성 보류 이력; 원본 에셋 위치는 삭제 전 이력 경로"
"원형 조준선 1","보류(원본 삭제)","타게팅 표시","","ParticleSystem","RPGEffects","/Game/RPGEffects/Particles/P_Targeting_Circle","","조준 연결용; 독립 스킬 대상 제외","2026-10-03 원본 VFX 삭제 완료; 스킬은 미생성 보류 이력; 원본 에셋 위치는 삭제 전 이력 경로"
"이동 표식 1","보류(원본 삭제)","타게팅 표시","","ParticleSystem","RPGEffects","/Game/RPGEffects/Particles/P_Targeting_Player_Movement","","조준 연결용; 독립 스킬 대상 제외","2026-10-03 원본 VFX 삭제 완료; 스킬은 미생성 보류 이력; 원본 에셋 위치는 삭제 전 이력 경로"
"선택 표식 1","보류(원본 삭제)","타게팅 표시","","ParticleSystem","RPGEffects","/Game/RPGEffects/Particles/P_Targeting_Player_Select","","조준 연결용; 독립 스킬 대상 제외","2026-10-03 원본 VFX 삭제 완료; 스킬은 미생성 보류 이력; 원본 에셋 위치는 삭제 전 이력 경로"
"부채꼴 조준선 2","보류(원본 삭제)","타게팅 표시","","NiagaraSystem","RPGEffects","/Game/RPGEffects/ParticlesNiagara/TargetingDecals/NS_Targeting_Arc","","조준 연결용; 독립 스킬 대상 제외","2026-10-03 원본 VFX 삭제 완료; 스킬은 미생성 보류 이력; 원본 에셋 위치는 삭제 전 이력 경로"
"공격 방향 표식 2","보류(원본 삭제)","타게팅 표시","","NiagaraSystem","RPGEffects","/Game/RPGEffects/ParticlesNiagara/TargetingDecals/NS_Targeting_Arrow","","조준 연결용; 독립 스킬 대상 제외","2026-10-03 원본 VFX 삭제 완료; 스킬은 미생성 보류 이력; 원본 에셋 위치는 삭제 전 이력 경로"
"원형 조준선 2","보류(원본 삭제)","타게팅 표시","","NiagaraSystem","RPGEffects","/Game/RPGEffects/ParticlesNiagara/TargetingDecals/NS_Targeting_Circle","","조준 연결용; 독립 스킬 대상 제외","2026-10-03 원본 VFX 삭제 완료; 스킬은 미생성 보류 이력; 원본 에셋 위치는 삭제 전 이력 경로"
"이동 표식 2","보류(원본 삭제)","타게팅 표시","","NiagaraSystem","RPGEffects","/Game/RPGEffects/ParticlesNiagara/TargetingDecals/NS_Targeting_Player_Movement","","조준 연결용; 독립 스킬 대상 제외","2026-10-03 원본 VFX 삭제 완료; 스킬은 미생성 보류 이력; 원본 에셋 위치는 삭제 전 이력 경로"
"선택 표식 2","보류(원본 삭제)","타게팅 표시","","NiagaraSystem","RPGEffects","/Game/RPGEffects/ParticlesNiagara/TargetingDecals/NS_Targeting_Player_Select","","조준 연결용; 독립 스킬 대상 제외","2026-10-03 원본 VFX 삭제 완료; 스킬은 미생성 보류 이력; 원본 에셋 위치는 삭제 전 이력 경로"
"차원의 문 1","보류(원본 삭제)","포털","카오스","ParticleSystem","RPGEffects","/Game/RPGEffects/Particles/P_Status_Teleport_Portal","","이동 위치·이동 규칙 미결정","2026-10-03 원본 VFX 삭제 완료; 스킬은 미생성 보류 이력; 원본 에셋 위치는 삭제 전 이력 경로"
"차원의 문 2","보류(원본 삭제)","포털","카오스","NiagaraSystem","RPGEffects","/Game/RPGEffects/ParticlesNiagara/StatusEffects/TeleportPortal/NS_Status_Teleport_Portal","","이동 위치·이동 규칙 미결정","2026-10-03 원본 VFX 삭제 완료; 스킬은 미생성 보류 이력; 원본 에셋 위치는 삭제 전 이력 경로"
"횃불의 불꽃","보류","불꽃","불","ParticleSystem","Weapon_Pack","/Game/Weapon_Pack/Effects/Particles/Fire/P_TorchFire","","환경 표현용; 독립 스킬 대상 제외",""
