"원본 팩","에셋 형식","위치","에셋 이름","연결 VFX 위치","연결 스킬 BPDA 위치","연결 근거","확인 사항"
"AOE and Spell Decal VFX ( with SFX )","SoundCue","/Game/__AoeVFX/_GenericSource/SFX","Sfx_Hit_Explosion_classic_s_Cue2","/Game/__AoeVFX/NS/NS_AOE_BlazeBlast.NS_AOE_BlazeBlast","/Game/User_JeHoon/Blueprint/DataAsset/Skills/DrGame/__AoeVFX/DA_DrGame_AoeVFX_AOE_BlazeBlast","AssetRegistry NS 오디오 의존; Niagara AudioPlayer SoundToPlay 바인딩 확인: /Game/__AoeVFX/NS/NS_AOE_BlazeBlast.NS_AOE_BlazeBlast; 생성 명세 단계: 화염 폭풍(주효과)","2026-10-03 로컬 설치; 원본 objectpath: /Game/__AoeVFX/_GenericSource/SFX/Sfx_Hit_Explosion_classic_s_Cue2.Sfx_Hit_Explosion_classic_s_Cue2; 팩 루트: /Game/__AoeVFX; Fab: https://www.fab.com/listings/8908c188-5b4d-4131-94dd-701c1c200c52; 원본 유지; 실제 재생·청취 사용자 확인 대기; 신규 스킬은 Niagara 내부 SFX 참조 사용; 별도 외부 sound 지정 없음"
"AOE and Spell Decal VFX ( with SFX )","SoundCue","/Game/__AoeVFX/_GenericSource/SFX","Sfx_Hit_Ground_Hammer_Cue_Rock","/Game/__AoeVFX/NS/NS_AOE_LavaLotus.NS_AOE_LavaLotus | /Game/__AoeVFX/NS/NS_AOE_Meteoroid_Fluid.NS_AOE_Meteoroid_Fluid | /Game/__AoeVFX/NS/NS_AOE_Meteoroid_lite.NS_AOE_Meteoroid_lite","/Game/User_JeHoon/Blueprint/DataAsset/Skills/DrGame/__AoeVFX/DA_DrGame_AoeVFX_AOE_LavaLotus | /Game/User_JeHoon/Blueprint/DataAsset/Skills/DrGame/__AoeVFX/DA_DrGame_AoeVFX_AOE_Meteoroid_lite","AssetRegistry NS 오디오 의존; Niagara AudioPlayer SoundToPlay 바인딩 확인: /Game/__AoeVFX/NS/NS_AOE_LavaLotus.NS_AOE_LavaLotus | /Game/__AoeVFX/NS/NS_AOE_Meteoroid_Fluid.NS_AOE_Meteoroid_Fluid | /Game/__AoeVFX/NS/NS_AOE_Meteoroid_lite.NS_AOE_Meteoroid_lite; 생성 명세 단계: 낙하 운석(주효과) | 용암 연꽃(주효과)","2026-10-03 로컬 설치; 원본 objectpath: /Game/__AoeVFX/_GenericSource/SFX/Sfx_Hit_Ground_Hammer_Cue_Rock.Sfx_Hit_Ground_Hammer_Cue_Rock; 팩 루트: /Game/__AoeVFX; Fab: https://www.fab.com/listings/8908c188-5b4d-4131-94dd-701c1c200c52; 원본 유지; 실제 재생·청취 사용자 확인 대기; 신규 스킬은 Niagara 내부 SFX 참조 사용; 별도 외부 sound 지정 없음"
"AOE and Spell Decal VFX ( with SFX )","SoundCue","/Game/__AoeVFX/_GenericSource/SFX","Sfx_Hit_Poison_Cue","/Game/__AoeVFX/NS/NS_AOE_PoisonCarousel.NS_AOE_PoisonCarousel","/Game/User_JeHoon/Blueprint/DataAsset/Skills/DrGame/__AoeVFX/DA_DrGame_AoeVFX_AOE_PoisonCarousel","AssetRegistry NS 오디오 의존; Niagara AudioPlayer SoundToPlay 바인딩 확인: /Game/__AoeVFX/NS/NS_AOE_PoisonCarousel.NS_AOE_PoisonCarousel; 생성 명세 단계: 독의 회전목마(주효과)","2026-10-03 로컬 설치; 원본 objectpath: /Game/__AoeVFX/_GenericSource/SFX/Sfx_Hit_Poison_Cue.Sfx_Hit_Poison_Cue; 팩 루트: /Game/__AoeVFX; Fab: https://www.fab.com/listings/8908c188-5b4d-4131-94dd-701c1c200c52; 원본 유지; 실제 재생·청취 사용자 확인 대기; 프로젝트 Niagara 내부 User.AudioOn=False; 외부 Sound: 동일한 원본 /Game/__AoeVFX/_GenericSource/SFX/Sfx_Hit_Poison_Cue 직접 참조; Volume1/Pitch1/시작0초/상한5초; 원본 큐 볼륨0.75·Wave 길이2.1430838108062744초·반복없음 유지; 2026-10-04 실제 4조건 단일 재생·자연 종료·PCM 비무음 및 클리핑 0 확인; 개별 청감 확인 대기"
"AOE and Spell Decal VFX ( with SFX )","SoundCue","/Game/__AoeVFX/_GenericSource/SFX","Sfx_Ice_ball_Cue2","/Game/__AoeVFX/NS/NS_AOE_CrystalFlower.NS_AOE_CrystalFlower | /Game/__AoeVFX/NS/NS_AOE_IceSpiral.NS_AOE_IceSpiral","/Game/User_JeHoon/Blueprint/DataAsset/Skills/DrGame/__AoeVFX/DA_DrGame_AoeVFX_AOE_CrystalFlower | /Game/User_JeHoon/Blueprint/DataAsset/Skills/DrGame/__AoeVFX/DA_DrGame_AoeVFX_AOE_IceSpiral","AssetRegistry NS 오디오 의존; Niagara AudioPlayer SoundToPlay 바인딩 확인: /Game/__AoeVFX/NS/NS_AOE_CrystalFlower.NS_AOE_CrystalFlower | /Game/__AoeVFX/NS/NS_AOE_IceSpiral.NS_AOE_IceSpiral; 생성 명세 단계: 수정 꽃(주효과) | 얼음 나선(주효과)","2026-10-03 로컬 설치; 원본 objectpath: /Game/__AoeVFX/_GenericSource/SFX/Sfx_Ice_ball_Cue2.Sfx_Ice_ball_Cue2; 팩 루트: /Game/__AoeVFX; Fab: https://www.fab.com/listings/8908c188-5b4d-4131-94dd-701c1c200c52; 원본 유지; 실제 재생·청취 사용자 확인 대기; 신규 스킬은 Niagara 내부 SFX 참조 사용; 별도 외부 sound 지정 없음"
"AOE and Spell Decal VFX ( with SFX )","SoundCue","/Game/__AoeVFX/_GenericSource/SFX","Sfx_Ice_ball_Cue3","/Game/__AoeVFX/NS/NS_AOE_Hail.NS_AOE_Hail","/Game/User_JeHoon/Blueprint/DataAsset/Skills/DrGame/__AoeVFX/DA_DrGame_AoeVFX_AOE_Hail","AssetRegistry NS 오디오 의존; Niagara AudioPlayer SoundToPlay 바인딩 확인: /Game/__AoeVFX/NS/NS_AOE_Hail.NS_AOE_Hail; 생성 명세 단계: 우박 폭격(주효과)","2026-10-03 로컬 설치; 원본 objectpath: /Game/__AoeVFX/_GenericSource/SFX/Sfx_Ice_ball_Cue3.Sfx_Ice_ball_Cue3; 팩 루트: /Game/__AoeVFX; Fab: https://www.fab.com/listings/8908c188-5b4d-4131-94dd-701c1c200c52; 원본 유지; 실제 재생·청취 사용자 확인 대기; 신규 스킬은 Niagara 내부 SFX 참조 사용; 별도 외부 sound 지정 없음"
"AOE and Spell Decal VFX ( with SFX )","SoundCue","/Game/__AoeVFX/_GenericSource/SFX","Sfx_Ice_born_Cue","/Game/__AoeVFX/NS/NS_AOE_CrystalFlower.NS_AOE_CrystalFlower | /Game/__AoeVFX/NS/NS_AOE_IceSpiral.NS_AOE_IceSpiral","/Game/User_JeHoon/Blueprint/DataAsset/Skills/DrGame/__AoeVFX/DA_DrGame_AoeVFX_AOE_CrystalFlower | /Game/User_JeHoon/Blueprint/DataAsset/Skills/DrGame/__AoeVFX/DA_DrGame_AoeVFX_AOE_IceSpiral","AssetRegistry NS 오디오 의존; Niagara AudioPlayer SoundToPlay 바인딩 확인: /Game/__AoeVFX/NS/NS_AOE_CrystalFlower.NS_AOE_CrystalFlower | /Game/__AoeVFX/NS/NS_AOE_IceSpiral.NS_AOE_IceSpiral; 생성 명세 단계: 수정 꽃(주효과) | 얼음 나선(주효과)","2026-10-03 로컬 설치; 원본 objectpath: /Game/__AoeVFX/_GenericSource/SFX/Sfx_Ice_born_Cue.Sfx_Ice_born_Cue; 팩 루트: /Game/__AoeVFX; Fab: https://www.fab.com/listings/8908c188-5b4d-4131-94dd-701c1c200c52; 원본 유지; 실제 재생·청취 사용자 확인 대기; 신규 스킬은 Niagara 내부 SFX 참조 사용; 별도 외부 sound 지정 없음"
"AOE and Spell Decal VFX ( with SFX )","SoundCue","/Game/__AoeVFX/_GenericSource/SFX","Sfx_Loop_AirFire_Cue","/Game/__AoeVFX/NS/NS_AOE_BlazeBlast.NS_AOE_BlazeBlast | /Game/__AoeVFX/NS/NS_AOE_Meteoroid_Fluid.NS_AOE_Meteoroid_Fluid | /Game/__AoeVFX/NS/NS_AOE_Meteoroid_lite.NS_AOE_Meteoroid_lite","/Game/User_JeHoon/Blueprint/DataAsset/Skills/DrGame/__AoeVFX/DA_DrGame_AoeVFX_AOE_BlazeBlast | /Game/User_JeHoon/Blueprint/DataAsset/Skills/DrGame/__AoeVFX/DA_DrGame_AoeVFX_AOE_Meteoroid_lite","AssetRegistry NS 오디오 의존; Niagara AudioPlayer SoundToPlay 바인딩 확인: /Game/__AoeVFX/NS/NS_AOE_BlazeBlast.NS_AOE_BlazeBlast | /Game/__AoeVFX/NS/NS_AOE_Meteoroid_Fluid.NS_AOE_Meteoroid_Fluid | /Game/__AoeVFX/NS/NS_AOE_Meteoroid_lite.NS_AOE_Meteoroid_lite; 생성 명세 단계: 낙하 운석(주효과) | 화염 폭풍(주효과)","2026-10-03 로컬 설치; 원본 objectpath: /Game/__AoeVFX/_GenericSource/SFX/Sfx_Loop_AirFire_Cue.Sfx_Loop_AirFire_Cue; 팩 루트: /Game/__AoeVFX; Fab: https://www.fab.com/listings/8908c188-5b4d-4131-94dd-701c1c200c52; 원본 유지; 실제 재생·청취 사용자 확인 대기; 신규 스킬은 Niagara 내부 SFX 참조 사용; 별도 외부 sound 지정 없음"
"AOE and Spell Decal VFX ( with SFX )","SoundCue","/Game/__AoeVFX/_GenericSource/SFX","Sfx_Loop_Eletric_Cue","/Game/__AoeVFX/NS/NS_AOE_LightningHoop.NS_AOE_LightningHoop","/Game/User_JeHoon/Blueprint/DataAsset/Skills/DrGame/__AoeVFX/DA_DrGame_AoeVFX_AOE_LightningHoop","AssetRegistry NS 오디오 의존; Niagara AudioPlayer SoundToPlay 바인딩 확인: /Game/__AoeVFX/NS/NS_AOE_LightningHoop.NS_AOE_LightningHoop; 생성 명세 단계: 번개 고리(주효과)","2026-10-03 로컬 설치; 원본 objectpath: /Game/__AoeVFX/_GenericSource/SFX/Sfx_Loop_Eletric_Cue.Sfx_Loop_Eletric_Cue; 팩 루트: /Game/__AoeVFX; Fab: https://www.fab.com/listings/8908c188-5b4d-4131-94dd-701c1c200c52; 원본 유지; 실제 재생·청취 사용자 확인 대기; 신규 스킬은 Niagara 내부 SFX 참조 사용; 별도 외부 sound 지정 없음"
"AOE and Spell Decal VFX ( with SFX )","SoundCue","/Game/__AoeVFX/_GenericSource/SFX","Sfx_Loop_waterWind_Cue2","/Game/__AoeVFX/NS/NS_AOE_Blizzard.NS_AOE_Blizzard | /Game/__AoeVFX/NS/NS_AOE_FireArrow.NS_AOE_FireArrow | /Game/__AoeVFX/NS/NS_AOE_Hail.NS_AOE_Hail","/Game/User_JeHoon/Blueprint/DataAsset/Skills/DrGame/__AoeVFX/DA_DrGame_AoeVFX_AOE_Blizzard | /Game/User_JeHoon/Blueprint/DataAsset/Skills/DrGame/__AoeVFX/DA_DrGame_AoeVFX_AOE_FireArrow | /Game/User_JeHoon/Blueprint/DataAsset/Skills/DrGame/__AoeVFX/DA_DrGame_AoeVFX_AOE_Hail","AssetRegistry NS 오디오 의존; Niagara AudioPlayer SoundToPlay 바인딩 확인: /Game/__AoeVFX/NS/NS_AOE_Blizzard.NS_AOE_Blizzard | /Game/__AoeVFX/NS/NS_AOE_FireArrow.NS_AOE_FireArrow | /Game/__AoeVFX/NS/NS_AOE_Hail.NS_AOE_Hail; 생성 명세 단계: 눈보라 영역(주효과) | 우박 폭격(주효과) | 화염 화살비(주효과)","2026-10-03 로컬 설치; 원본 objectpath: /Game/__AoeVFX/_GenericSource/SFX/Sfx_Loop_waterWind_Cue2.Sfx_Loop_waterWind_Cue2; 팩 루트: /Game/__AoeVFX; Fab: https://www.fab.com/listings/8908c188-5b4d-4131-94dd-701c1c200c52; 원본 유지; 실제 재생·청취 사용자 확인 대기; 신규 스킬은 Niagara 내부 SFX 참조 사용; 별도 외부 sound 지정 없음"
"AOE and Spell Decal VFX ( with SFX )","SoundCue","/Game/__AoeVFX/_GenericSource/SFX","Sfx_shoot_arrow_01_Cue","/Game/__AoeVFX/NS/NS_AOE_FireArrow.NS_AOE_FireArrow","/Game/User_JeHoon/Blueprint/DataAsset/Skills/DrGame/__AoeVFX/DA_DrGame_AoeVFX_AOE_FireArrow","AssetRegistry NS 오디오 의존; Niagara AudioPlayer SoundToPlay 바인딩 확인: /Game/__AoeVFX/NS/NS_AOE_FireArrow.NS_AOE_FireArrow; 생성 명세 단계: 화염 화살비(주효과)","2026-10-03 로컬 설치; 원본 objectpath: /Game/__AoeVFX/_GenericSource/SFX/Sfx_shoot_arrow_01_Cue.Sfx_shoot_arrow_01_Cue; 팩 루트: /Game/__AoeVFX; Fab: https://www.fab.com/listings/8908c188-5b4d-4131-94dd-701c1c200c52; 원본 유지; 실제 재생·청취 사용자 확인 대기; 신규 스킬은 Niagara 내부 SFX 참조 사용; 별도 외부 sound 지정 없음"
"AOE and Spell Decal VFX ( with SFX )","SoundCue","/Game/__AoeVFX/_GenericSource/SFX","Sfx_water_essencel_Cue","/Game/__AoeVFX/NS/NS_AOE_Guardian.NS_AOE_Guardian","/Game/User_JeHoon/Blueprint/DataAsset/Skills/DrGame/__AoeVFX/DA_DrGame_AoeVFX_AOE_Guardian","AssetRegistry NS 오디오 의존; Niagara AudioPlayer SoundToPlay 바인딩 확인: /Game/__AoeVFX/NS/NS_AOE_Guardian.NS_AOE_Guardian; 생성 명세 단계: 수호자의 결계(주효과)","2026-10-03 로컬 설치; 원본 objectpath: /Game/__AoeVFX/_GenericSource/SFX/Sfx_water_essencel_Cue.Sfx_water_essencel_Cue; 팩 루트: /Game/__AoeVFX; Fab: https://www.fab.com/listings/8908c188-5b4d-4131-94dd-701c1c200c52; 원본 유지; 실제 재생·청취 사용자 확인 대기; 신규 스킬은 Niagara 내부 SFX 참조 사용; 별도 외부 sound 지정 없음"
"AOE and Spell Decal VFX ( with SFX )","SoundCue","/Game/__AoeVFX/_GenericSource/SFX","sfx_AttackUp_Cue1","/Game/__AoeVFX/NS/NS_AOE_LightningHoop.NS_AOE_LightningHoop","/Game/User_JeHoon/Blueprint/DataAsset/Skills/DrGame/__AoeVFX/DA_DrGame_AoeVFX_AOE_LightningHoop","AssetRegistry NS 오디오 의존; Niagara AudioPlayer SoundToPlay 바인딩 확인: /Game/__AoeVFX/NS/NS_AOE_LightningHoop.NS_AOE_LightningHoop; 생성 명세 단계: 번개 고리(주효과)","2026-10-03 로컬 설치; 원본 objectpath: /Game/__AoeVFX/_GenericSource/SFX/sfx_AttackUp_Cue1.sfx_AttackUp_Cue1; 팩 루트: /Game/__AoeVFX; Fab: https://www.fab.com/listings/8908c188-5b4d-4131-94dd-701c1c200c52; 원본 유지; 실제 재생·청취 사용자 확인 대기; 신규 스킬은 Niagara 내부 SFX 참조 사용; 별도 외부 sound 지정 없음"
"AOE and Spell Decal VFX ( with SFX )","SoundCue","/Game/__AoeVFX/_GenericSource/SFX","sfx_Hit_hammer_Cue_LavaRock","/Game/__AoeVFX/NS/NS_AOE_CrystalFlower.NS_AOE_CrystalFlower | /Game/__AoeVFX/NS/NS_AOE_FireArrow.NS_AOE_FireArrow | /Game/__AoeVFX/NS/NS_AOE_Hail.NS_AOE_Hail | /Game/__AoeVFX/NS/NS_AOE_IceSpiral.NS_AOE_IceSpiral | /Game/__AoeVFX/NS/NS_AOE_LavaLotus.NS_AOE_LavaLotus","/Game/User_JeHoon/Blueprint/DataAsset/Skills/DrGame/__AoeVFX/DA_DrGame_AoeVFX_AOE_CrystalFlower | /Game/User_JeHoon/Blueprint/DataAsset/Skills/DrGame/__AoeVFX/DA_DrGame_AoeVFX_AOE_FireArrow | /Game/User_JeHoon/Blueprint/DataAsset/Skills/DrGame/__AoeVFX/DA_DrGame_AoeVFX_AOE_Hail | /Game/User_JeHoon/Blueprint/DataAsset/Skills/DrGame/__AoeVFX/DA_DrGame_AoeVFX_AOE_IceSpiral | /Game/User_JeHoon/Blueprint/DataAsset/Skills/DrGame/__AoeVFX/DA_DrGame_AoeVFX_AOE_LavaLotus","AssetRegistry NS 오디오 의존; Niagara AudioPlayer SoundToPlay 바인딩 확인: /Game/__AoeVFX/NS/NS_AOE_CrystalFlower.NS_AOE_CrystalFlower | /Game/__AoeVFX/NS/NS_AOE_FireArrow.NS_AOE_FireArrow | /Game/__AoeVFX/NS/NS_AOE_Hail.NS_AOE_Hail | /Game/__AoeVFX/NS/NS_AOE_IceSpiral.NS_AOE_IceSpiral | /Game/__AoeVFX/NS/NS_AOE_LavaLotus.NS_AOE_LavaLotus; 생성 명세 단계: 수정 꽃(주효과) | 얼음 나선(주효과) | 용암 연꽃(주효과) | 우박 폭격(주효과) | 화염 화살비(주효과)","2026-10-03 로컬 설치; 원본 objectpath: /Game/__AoeVFX/_GenericSource/SFX/sfx_Hit_hammer_Cue_LavaRock.sfx_Hit_hammer_Cue_LavaRock; 팩 루트: /Game/__AoeVFX; Fab: https://www.fab.com/listings/8908c188-5b4d-4131-94dd-701c1c200c52; 원본 유지; 실제 재생·청취 사용자 확인 대기; 신규 스킬은 Niagara 내부 SFX 참조 사용; 별도 외부 sound 지정 없음"
"AOE and Spell Decal VFX ( with SFX )","SoundCue","/Game/__AoeVFX/_GenericSource/SFX","sfx_JetPack_Cue1","/Game/__AoeVFX/NS/NS_AOE_BlazeBlast.NS_AOE_BlazeBlast | /Game/__AoeVFX/NS/NS_AOE_Meteoroid_Fluid.NS_AOE_Meteoroid_Fluid | /Game/__AoeVFX/NS/NS_AOE_Meteoroid_lite.NS_AOE_Meteoroid_lite","/Game/User_JeHoon/Blueprint/DataAsset/Skills/DrGame/__AoeVFX/DA_DrGame_AoeVFX_AOE_BlazeBlast | /Game/User_JeHoon/Blueprint/DataAsset/Skills/DrGame/__AoeVFX/DA_DrGame_AoeVFX_AOE_Meteoroid_lite","AssetRegistry NS 오디오 의존; Niagara AudioPlayer SoundToPlay 바인딩 확인: /Game/__AoeVFX/NS/NS_AOE_BlazeBlast.NS_AOE_BlazeBlast | /Game/__AoeVFX/NS/NS_AOE_Meteoroid_Fluid.NS_AOE_Meteoroid_Fluid | /Game/__AoeVFX/NS/NS_AOE_Meteoroid_lite.NS_AOE_Meteoroid_lite; 생성 명세 단계: 낙하 운석(주효과) | 화염 폭풍(주효과)","2026-10-03 로컬 설치; 원본 objectpath: /Game/__AoeVFX/_GenericSource/SFX/sfx_JetPack_Cue1.sfx_JetPack_Cue1; 팩 루트: /Game/__AoeVFX; Fab: https://www.fab.com/listings/8908c188-5b4d-4131-94dd-701c1c200c52; 원본 유지; 실제 재생·청취 사용자 확인 대기; 신규 스킬은 Niagara 내부 SFX 참조 사용; 별도 외부 sound 지정 없음"
"AOE and Spell Decal VFX ( with SFX )","SoundCue","/Game/__AoeVFX/_GenericSource/SFX","sfx_MpUp_Cue1","/Game/__AoeVFX/NS/NS_AOE_Guardian.NS_AOE_Guardian","/Game/User_JeHoon/Blueprint/DataAsset/Skills/DrGame/__AoeVFX/DA_DrGame_AoeVFX_AOE_Guardian","AssetRegistry NS 오디오 의존; Niagara AudioPlayer SoundToPlay 바인딩 확인: /Game/__AoeVFX/NS/NS_AOE_Guardian.NS_AOE_Guardian; 생성 명세 단계: 수호자의 결계(주효과)","2026-10-03 로컬 설치; 원본 objectpath: /Game/__AoeVFX/_GenericSource/SFX/sfx_MpUp_Cue1.sfx_MpUp_Cue1; 팩 루트: /Game/__AoeVFX; Fab: https://www.fab.com/listings/8908c188-5b4d-4131-94dd-701c1c200c52; 원본 유지; 실제 재생·청취 사용자 확인 대기; 신규 스킬은 Niagara 내부 SFX 참조 사용; 별도 외부 sound 지정 없음"
"AOE and Spell Decal VFX ( with SFX )","SoundCue","/Game/__AoeVFX/_GenericSource/SFX","sfx_SpiritUp_Cue","/Game/__AoeVFX/NS/NS_AOE_TimeSpell.NS_AOE_TimeSpell","/Game/User_JeHoon/Blueprint/DataAsset/Skills/DrGame/__AoeVFX/DA_DrGame_AoeVFX_AOE_TimeSpell","AssetRegistry NS 오디오 의존; Niagara AudioPlayer SoundToPlay 바인딩 확인: /Game/__AoeVFX/NS/NS_AOE_TimeSpell.NS_AOE_TimeSpell; 생성 명세 단계: 시간의 회복진(주효과)","2026-10-03 로컬 설치; 원본 objectpath: /Game/__AoeVFX/_GenericSource/SFX/sfx_SpiritUp_Cue.sfx_SpiritUp_Cue; 팩 루트: /Game/__AoeVFX; Fab: https://www.fab.com/listings/8908c188-5b4d-4131-94dd-701c1c200c52; 원본 유지; 실제 재생·청취 사용자 확인 대기; 신규 스킬은 Niagara 내부 SFX 참조 사용; 별도 외부 sound 지정 없음"
"AOE and Spell Decal VFX ( with SFX )","SoundWave","/Game/__AoeVFX/_GenericSource/SFX","Sfx_Hit_Explosion_classic_s","/Game/__AoeVFX/NS/NS_AOE_BlazeBlast.NS_AOE_BlazeBlast","/Game/User_JeHoon/Blueprint/DataAsset/Skills/DrGame/__AoeVFX/DA_DrGame_AoeVFX_AOE_BlazeBlast","AssetRegistry NS 오디오 의존; Niagara AudioPlayer SoundToPlay 바인딩 확인: /Game/__AoeVFX/NS/NS_AOE_BlazeBlast.NS_AOE_BlazeBlast; SoundCue→SoundWave 전이 참조: /Game/__AoeVFX/_GenericSource/SFX/Sfx_Hit_Explosion_classic_s_Cue2.Sfx_Hit_Explosion_classic_s_Cue2; 생성 명세 단계: 화염 폭풍(주효과)","2026-10-03 로컬 설치; 원본 objectpath: /Game/__AoeVFX/_GenericSource/SFX/Sfx_Hit_Explosion_classic_s.Sfx_Hit_Explosion_classic_s; 팩 루트: /Game/__AoeVFX; Fab: https://www.fab.com/listings/8908c188-5b4d-4131-94dd-701c1c200c52; 원본 유지; 실제 재생·청취 사용자 확인 대기; 원본 길이: 2.031583309173584초; 원본 looping: False; 신규 스킬은 Niagara 내부 SFX 참조 사용; 별도 외부 sound 지정 없음"
"AOE and Spell Decal VFX ( with SFX )","SoundWave","/Game/__AoeVFX/_GenericSource/SFX","Sfx_Hit_Ground_Hammer","/Game/__AoeVFX/NS/NS_AOE_LavaLotus.NS_AOE_LavaLotus | /Game/__AoeVFX/NS/NS_AOE_Meteoroid_Fluid.NS_AOE_Meteoroid_Fluid | /Game/__AoeVFX/NS/NS_AOE_Meteoroid_lite.NS_AOE_Meteoroid_lite","/Game/User_JeHoon/Blueprint/DataAsset/Skills/DrGame/__AoeVFX/DA_DrGame_AoeVFX_AOE_LavaLotus | /Game/User_JeHoon/Blueprint/DataAsset/Skills/DrGame/__AoeVFX/DA_DrGame_AoeVFX_AOE_Meteoroid_lite","AssetRegistry NS 오디오 의존; Niagara AudioPlayer SoundToPlay 바인딩 확인: /Game/__AoeVFX/NS/NS_AOE_LavaLotus.NS_AOE_LavaLotus | /Game/__AoeVFX/NS/NS_AOE_Meteoroid_Fluid.NS_AOE_Meteoroid_Fluid | /Game/__AoeVFX/NS/NS_AOE_Meteoroid_lite.NS_AOE_Meteoroid_lite; SoundCue→SoundWave 전이 참조: /Game/__AoeVFX/_GenericSource/SFX/Sfx_Hit_Ground_Hammer_Cue_Rock.Sfx_Hit_Ground_Hammer_Cue_Rock; 생성 명세 단계: 낙하 운석(주효과) | 용암 연꽃(주효과)","2026-10-03 로컬 설치; 원본 objectpath: /Game/__AoeVFX/_GenericSource/SFX/Sfx_Hit_Ground_Hammer.Sfx_Hit_Ground_Hammer; 팩 루트: /Game/__AoeVFX; Fab: https://www.fab.com/listings/8908c188-5b4d-4131-94dd-701c1c200c52; 원본 유지; 실제 재생·청취 사용자 확인 대기; 원본 길이: 1.841972827911377초; 원본 looping: False; 신규 스킬은 Niagara 내부 SFX 참조 사용; 별도 외부 sound 지정 없음"
"AOE and Spell Decal VFX ( with SFX )","SoundWave","/Game/__AoeVFX/_GenericSource/SFX","Sfx_Hit_Poison","/Game/__AoeVFX/NS/NS_AOE_PoisonCarousel.NS_AOE_PoisonCarousel","/Game/User_JeHoon/Blueprint/DataAsset/Skills/DrGame/__AoeVFX/DA_DrGame_AoeVFX_AOE_PoisonCarousel","AssetRegistry NS 오디오 의존; Niagara AudioPlayer SoundToPlay 바인딩 확인: /Game/__AoeVFX/NS/NS_AOE_PoisonCarousel.NS_AOE_PoisonCarousel; SoundCue→SoundWave 전이 참조: /Game/__AoeVFX/_GenericSource/SFX/Sfx_Hit_Poison_Cue.Sfx_Hit_Poison_Cue; 생성 명세 단계: 독의 회전목마(주효과)","2026-10-03 로컬 설치; 원본 objectpath: /Game/__AoeVFX/_GenericSource/SFX/Sfx_Hit_Poison.Sfx_Hit_Poison; 팩 루트: /Game/__AoeVFX; Fab: https://www.fab.com/listings/8908c188-5b4d-4131-94dd-701c1c200c52; 원본 유지; 실제 재생·청취 사용자 확인 대기; 원본 길이: 2.1430838108062744초; 원본 looping: False; 프로젝트 Niagara 내부 User.AudioOn=False; 외부 Sound: 동일한 원본 /Game/__AoeVFX/_GenericSource/SFX/Sfx_Hit_Poison_Cue 직접 참조; Volume1/Pitch1/시작0초/상한5초; 원본 큐 볼륨0.75·Wave 길이2.1430838108062744초·반복없음 유지; 2026-10-04 실제 4조건 단일 재생·자연 종료·PCM 비무음 및 클리핑 0 확인; 개별 청감 확인 대기"
"AOE and Spell Decal VFX ( with SFX )","SoundWave","/Game/__AoeVFX/_GenericSource/SFX","Sfx_Ice_ball","/Game/__AoeVFX/NS/NS_AOE_CrystalFlower.NS_AOE_CrystalFlower | /Game/__AoeVFX/NS/NS_AOE_Hail.NS_AOE_Hail | /Game/__AoeVFX/NS/NS_AOE_IceSpiral.NS_AOE_IceSpiral","/Game/User_JeHoon/Blueprint/DataAsset/Skills/DrGame/__AoeVFX/DA_DrGame_AoeVFX_AOE_CrystalFlower | /Game/User_JeHoon/Blueprint/DataAsset/Skills/DrGame/__AoeVFX/DA_DrGame_AoeVFX_AOE_Hail | /Game/User_JeHoon/Blueprint/DataAsset/Skills/DrGame/__AoeVFX/DA_DrGame_AoeVFX_AOE_IceSpiral","AssetRegistry NS 오디오 의존; Niagara AudioPlayer SoundToPlay 바인딩 확인: /Game/__AoeVFX/NS/NS_AOE_CrystalFlower.NS_AOE_CrystalFlower | /Game/__AoeVFX/NS/NS_AOE_Hail.NS_AOE_Hail | /Game/__AoeVFX/NS/NS_AOE_IceSpiral.NS_AOE_IceSpiral; SoundCue→SoundWave 전이 참조: /Game/__AoeVFX/_GenericSource/SFX/Sfx_Ice_ball_Cue2.Sfx_Ice_ball_Cue2 | /Game/__AoeVFX/_GenericSource/SFX/Sfx_Ice_ball_Cue3.Sfx_Ice_ball_Cue3; 생성 명세 단계: 수정 꽃(주효과) | 얼음 나선(주효과) | 우박 폭격(주효과)","2026-10-03 로컬 설치; 원본 objectpath: /Game/__AoeVFX/_GenericSource/SFX/Sfx_Ice_ball.Sfx_Ice_ball; 팩 루트: /Game/__AoeVFX; Fab: https://www.fab.com/listings/8908c188-5b4d-4131-94dd-701c1c200c52; 원본 유지; 실제 재생·청취 사용자 확인 대기; 원본 길이: 1.2137868404388428초; 원본 looping: False; 신규 스킬은 Niagara 내부 SFX 참조 사용; 별도 외부 sound 지정 없음"
"AOE and Spell Decal VFX ( with SFX )","SoundWave","/Game/__AoeVFX/_GenericSource/SFX","Sfx_Ice_born","/Game/__AoeVFX/NS/NS_AOE_CrystalFlower.NS_AOE_CrystalFlower | /Game/__AoeVFX/NS/NS_AOE_IceSpiral.NS_AOE_IceSpiral","/Game/User_JeHoon/Blueprint/DataAsset/Skills/DrGame/__AoeVFX/DA_DrGame_AoeVFX_AOE_CrystalFlower | /Game/User_JeHoon/Blueprint/DataAsset/Skills/DrGame/__AoeVFX/DA_DrGame_AoeVFX_AOE_IceSpiral","AssetRegistry NS 오디오 의존; Niagara AudioPlayer SoundToPlay 바인딩 확인: /Game/__AoeVFX/NS/NS_AOE_CrystalFlower.NS_AOE_CrystalFlower | /Game/__AoeVFX/NS/NS_AOE_IceSpiral.NS_AOE_IceSpiral; SoundCue→SoundWave 전이 참조: /Game/__AoeVFX/_GenericSource/SFX/Sfx_Ice_born_Cue.Sfx_Ice_born_Cue; 생성 명세 단계: 수정 꽃(주효과) | 얼음 나선(주효과)","2026-10-03 로컬 설치; 원본 objectpath: /Game/__AoeVFX/_GenericSource/SFX/Sfx_Ice_born.Sfx_Ice_born; 팩 루트: /Game/__AoeVFX; Fab: https://www.fab.com/listings/8908c188-5b4d-4131-94dd-701c1c200c52; 원본 유지; 실제 재생·청취 사용자 확인 대기; 원본 길이: 1.2327210903167725초; 원본 looping: False; 신규 스킬은 Niagara 내부 SFX 참조 사용; 별도 외부 sound 지정 없음"
"AOE and Spell Decal VFX ( with SFX )","SoundWave","/Game/__AoeVFX/_GenericSource/SFX","Sfx_Loop_AirFire","/Game/__AoeVFX/NS/NS_AOE_BlazeBlast.NS_AOE_BlazeBlast | /Game/__AoeVFX/NS/NS_AOE_Meteoroid_Fluid.NS_AOE_Meteoroid_Fluid | /Game/__AoeVFX/NS/NS_AOE_Meteoroid_lite.NS_AOE_Meteoroid_lite","/Game/User_JeHoon/Blueprint/DataAsset/Skills/DrGame/__AoeVFX/DA_DrGame_AoeVFX_AOE_BlazeBlast | /Game/User_JeHoon/Blueprint/DataAsset/Skills/DrGame/__AoeVFX/DA_DrGame_AoeVFX_AOE_Meteoroid_lite","AssetRegistry NS 오디오 의존; Niagara AudioPlayer SoundToPlay 바인딩 확인: /Game/__AoeVFX/NS/NS_AOE_BlazeBlast.NS_AOE_BlazeBlast | /Game/__AoeVFX/NS/NS_AOE_Meteoroid_Fluid.NS_AOE_Meteoroid_Fluid | /Game/__AoeVFX/NS/NS_AOE_Meteoroid_lite.NS_AOE_Meteoroid_lite; SoundCue→SoundWave 전이 참조: /Game/__AoeVFX/_GenericSource/SFX/Sfx_Loop_AirFire_Cue.Sfx_Loop_AirFire_Cue; 생성 명세 단계: 낙하 운석(주효과) | 화염 폭풍(주효과)","2026-10-03 로컬 설치; 원본 objectpath: /Game/__AoeVFX/_GenericSource/SFX/Sfx_Loop_AirFire.Sfx_Loop_AirFire; 팩 루트: /Game/__AoeVFX; Fab: https://www.fab.com/listings/8908c188-5b4d-4131-94dd-701c1c200c52; 원본 유지; 실제 재생·청취 사용자 확인 대기; 원본 길이: 5.10881233215332초; 원본 looping: True; 신규 스킬은 Niagara 내부 SFX 참조 사용; 별도 외부 sound 지정 없음"
"AOE and Spell Decal VFX ( with SFX )","SoundWave","/Game/__AoeVFX/_GenericSource/SFX","Sfx_Loop_Eletric","/Game/__AoeVFX/NS/NS_AOE_LightningHoop.NS_AOE_LightningHoop","/Game/User_JeHoon/Blueprint/DataAsset/Skills/DrGame/__AoeVFX/DA_DrGame_AoeVFX_AOE_LightningHoop","AssetRegistry NS 오디오 의존; Niagara AudioPlayer SoundToPlay 바인딩 확인: /Game/__AoeVFX/NS/NS_AOE_LightningHoop.NS_AOE_LightningHoop; SoundCue→SoundWave 전이 참조: /Game/__AoeVFX/_GenericSource/SFX/Sfx_Loop_Eletric_Cue.Sfx_Loop_Eletric_Cue; 생성 명세 단계: 번개 고리(주효과)","2026-10-03 로컬 설치; 원본 objectpath: /Game/__AoeVFX/_GenericSource/SFX/Sfx_Loop_Eletric.Sfx_Loop_Eletric; 팩 루트: /Game/__AoeVFX; Fab: https://www.fab.com/listings/8908c188-5b4d-4131-94dd-701c1c200c52; 원본 유지; 실제 재생·청취 사용자 확인 대기; 원본 길이: 2.6631667613983154초; 원본 looping: True; 신규 스킬은 Niagara 내부 SFX 참조 사용; 별도 외부 sound 지정 없음"
"AOE and Spell Decal VFX ( with SFX )","SoundWave","/Game/__AoeVFX/_GenericSource/SFX","Sfx_Loop_waterWind","/Game/__AoeVFX/NS/NS_AOE_Blizzard.NS_AOE_Blizzard | /Game/__AoeVFX/NS/NS_AOE_FireArrow.NS_AOE_FireArrow | /Game/__AoeVFX/NS/NS_AOE_Hail.NS_AOE_Hail","/Game/User_JeHoon/Blueprint/DataAsset/Skills/DrGame/__AoeVFX/DA_DrGame_AoeVFX_AOE_Blizzard | /Game/User_JeHoon/Blueprint/DataAsset/Skills/DrGame/__AoeVFX/DA_DrGame_AoeVFX_AOE_FireArrow | /Game/User_JeHoon/Blueprint/DataAsset/Skills/DrGame/__AoeVFX/DA_DrGame_AoeVFX_AOE_Hail","AssetRegistry NS 오디오 의존; Niagara AudioPlayer SoundToPlay 바인딩 확인: /Game/__AoeVFX/NS/NS_AOE_Blizzard.NS_AOE_Blizzard | /Game/__AoeVFX/NS/NS_AOE_FireArrow.NS_AOE_FireArrow | /Game/__AoeVFX/NS/NS_AOE_Hail.NS_AOE_Hail; SoundCue→SoundWave 전이 참조: /Game/__AoeVFX/_GenericSource/SFX/Sfx_Loop_waterWind_Cue2.Sfx_Loop_waterWind_Cue2; 생성 명세 단계: 눈보라 영역(주효과) | 우박 폭격(주효과) | 화염 화살비(주효과)","2026-10-03 로컬 설치; 원본 objectpath: /Game/__AoeVFX/_GenericSource/SFX/Sfx_Loop_waterWind.Sfx_Loop_waterWind; 팩 루트: /Game/__AoeVFX; Fab: https://www.fab.com/listings/8908c188-5b4d-4131-94dd-701c1c200c52; 원본 유지; 실제 재생·청취 사용자 확인 대기; 원본 길이: 22.631145477294922초; 원본 looping: True; 신규 스킬은 Niagara 내부 SFX 참조 사용; 별도 외부 sound 지정 없음"
"AOE and Spell Decal VFX ( with SFX )","SoundWave","/Game/__AoeVFX/_GenericSource/SFX","Sfx_shoot_arrow_01","/Game/__AoeVFX/NS/NS_AOE_FireArrow.NS_AOE_FireArrow","/Game/User_JeHoon/Blueprint/DataAsset/Skills/DrGame/__AoeVFX/DA_DrGame_AoeVFX_AOE_FireArrow","AssetRegistry NS 오디오 의존; Niagara AudioPlayer SoundToPlay 바인딩 확인: /Game/__AoeVFX/NS/NS_AOE_FireArrow.NS_AOE_FireArrow; SoundCue→SoundWave 전이 참조: /Game/__AoeVFX/_GenericSource/SFX/Sfx_shoot_arrow_01_Cue.Sfx_shoot_arrow_01_Cue; 생성 명세 단계: 화염 화살비(주효과)","2026-10-03 로컬 설치; 원본 objectpath: /Game/__AoeVFX/_GenericSource/SFX/Sfx_shoot_arrow_01.Sfx_shoot_arrow_01; 팩 루트: /Game/__AoeVFX; Fab: https://www.fab.com/listings/8908c188-5b4d-4131-94dd-701c1c200c52; 원본 유지; 실제 재생·청취 사용자 확인 대기; 원본 길이: 0.75초; 원본 looping: False; 신규 스킬은 Niagara 내부 SFX 참조 사용; 별도 외부 sound 지정 없음"
"AOE and Spell Decal VFX ( with SFX )","SoundWave","/Game/__AoeVFX/_GenericSource/SFX","Sfx_water_essencel","/Game/__AoeVFX/NS/NS_AOE_Guardian.NS_AOE_Guardian","/Game/User_JeHoon/Blueprint/DataAsset/Skills/DrGame/__AoeVFX/DA_DrGame_AoeVFX_AOE_Guardian","AssetRegistry NS 오디오 의존; Niagara AudioPlayer SoundToPlay 바인딩 확인: /Game/__AoeVFX/NS/NS_AOE_Guardian.NS_AOE_Guardian; SoundCue→SoundWave 전이 참조: /Game/__AoeVFX/_GenericSource/SFX/Sfx_water_essencel_Cue.Sfx_water_essencel_Cue; 생성 명세 단계: 수호자의 결계(주효과)","2026-10-03 로컬 설치; 원본 objectpath: /Game/__AoeVFX/_GenericSource/SFX/Sfx_water_essencel.Sfx_water_essencel; 팩 루트: /Game/__AoeVFX; Fab: https://www.fab.com/listings/8908c188-5b4d-4131-94dd-701c1c200c52; 원본 유지; 실제 재생·청취 사용자 확인 대기; 원본 길이: 2.416249990463257초; 원본 looping: True; 신규 스킬은 Niagara 내부 SFX 참조 사용; 별도 외부 sound 지정 없음"
"AOE and Spell Decal VFX ( with SFX )","SoundWave","/Game/__AoeVFX/_GenericSource/SFX","sfx_AttackUp","/Game/__AoeVFX/NS/NS_AOE_LightningHoop.NS_AOE_LightningHoop","/Game/User_JeHoon/Blueprint/DataAsset/Skills/DrGame/__AoeVFX/DA_DrGame_AoeVFX_AOE_LightningHoop","AssetRegistry NS 오디오 의존; Niagara AudioPlayer SoundToPlay 바인딩 확인: /Game/__AoeVFX/NS/NS_AOE_LightningHoop.NS_AOE_LightningHoop; SoundCue→SoundWave 전이 참조: /Game/__AoeVFX/_GenericSource/SFX/sfx_AttackUp_Cue1.sfx_AttackUp_Cue1; 생성 명세 단계: 번개 고리(주효과)","2026-10-03 로컬 설치; 원본 objectpath: /Game/__AoeVFX/_GenericSource/SFX/sfx_AttackUp.sfx_AttackUp; 팩 루트: /Game/__AoeVFX; Fab: https://www.fab.com/listings/8908c188-5b4d-4131-94dd-701c1c200c52; 원본 유지; 실제 재생·청취 사용자 확인 대기; 원본 길이: 2.238874912261963초; 원본 looping: False; 신규 스킬은 Niagara 내부 SFX 참조 사용; 별도 외부 sound 지정 없음"
"AOE and Spell Decal VFX ( with SFX )","SoundWave","/Game/__AoeVFX/_GenericSource/SFX","sfx_Hit_hammer","/Game/__AoeVFX/NS/NS_AOE_CrystalFlower.NS_AOE_CrystalFlower | /Game/__AoeVFX/NS/NS_AOE_FireArrow.NS_AOE_FireArrow | /Game/__AoeVFX/NS/NS_AOE_Hail.NS_AOE_Hail | /Game/__AoeVFX/NS/NS_AOE_IceSpiral.NS_AOE_IceSpiral | /Game/__AoeVFX/NS/NS_AOE_LavaLotus.NS_AOE_LavaLotus","/Game/User_JeHoon/Blueprint/DataAsset/Skills/DrGame/__AoeVFX/DA_DrGame_AoeVFX_AOE_CrystalFlower | /Game/User_JeHoon/Blueprint/DataAsset/Skills/DrGame/__AoeVFX/DA_DrGame_AoeVFX_AOE_FireArrow | /Game/User_JeHoon/Blueprint/DataAsset/Skills/DrGame/__AoeVFX/DA_DrGame_AoeVFX_AOE_Hail | /Game/User_JeHoon/Blueprint/DataAsset/Skills/DrGame/__AoeVFX/DA_DrGame_AoeVFX_AOE_IceSpiral | /Game/User_JeHoon/Blueprint/DataAsset/Skills/DrGame/__AoeVFX/DA_DrGame_AoeVFX_AOE_LavaLotus","AssetRegistry NS 오디오 의존; Niagara AudioPlayer SoundToPlay 바인딩 확인: /Game/__AoeVFX/NS/NS_AOE_CrystalFlower.NS_AOE_CrystalFlower | /Game/__AoeVFX/NS/NS_AOE_FireArrow.NS_AOE_FireArrow | /Game/__AoeVFX/NS/NS_AOE_Hail.NS_AOE_Hail | /Game/__AoeVFX/NS/NS_AOE_IceSpiral.NS_AOE_IceSpiral | /Game/__AoeVFX/NS/NS_AOE_LavaLotus.NS_AOE_LavaLotus; SoundCue→SoundWave 전이 참조: /Game/__AoeVFX/_GenericSource/SFX/sfx_Hit_hammer_Cue_LavaRock.sfx_Hit_hammer_Cue_LavaRock; 생성 명세 단계: 수정 꽃(주효과) | 얼음 나선(주효과) | 용암 연꽃(주효과) | 우박 폭격(주효과) | 화염 화살비(주효과)","2026-10-03 로컬 설치; 원본 objectpath: /Game/__AoeVFX/_GenericSource/SFX/sfx_Hit_hammer.sfx_Hit_hammer; 팩 루트: /Game/__AoeVFX; Fab: https://www.fab.com/listings/8908c188-5b4d-4131-94dd-701c1c200c52; 원본 유지; 실제 재생·청취 사용자 확인 대기; 원본 길이: 1.7462584972381592초; 원본 looping: False; 신규 스킬은 Niagara 내부 SFX 참조 사용; 별도 외부 sound 지정 없음"
"AOE and Spell Decal VFX ( with SFX )","SoundWave","/Game/__AoeVFX/_GenericSource/SFX","sfx_JetPack","/Game/__AoeVFX/NS/NS_AOE_BlazeBlast.NS_AOE_BlazeBlast | /Game/__AoeVFX/NS/NS_AOE_Meteoroid_Fluid.NS_AOE_Meteoroid_Fluid | /Game/__AoeVFX/NS/NS_AOE_Meteoroid_lite.NS_AOE_Meteoroid_lite","/Game/User_JeHoon/Blueprint/DataAsset/Skills/DrGame/__AoeVFX/DA_DrGame_AoeVFX_AOE_BlazeBlast | /Game/User_JeHoon/Blueprint/DataAsset/Skills/DrGame/__AoeVFX/DA_DrGame_AoeVFX_AOE_Meteoroid_lite","AssetRegistry NS 오디오 의존; Niagara AudioPlayer SoundToPlay 바인딩 확인: /Game/__AoeVFX/NS/NS_AOE_BlazeBlast.NS_AOE_BlazeBlast | /Game/__AoeVFX/NS/NS_AOE_Meteoroid_Fluid.NS_AOE_Meteoroid_Fluid | /Game/__AoeVFX/NS/NS_AOE_Meteoroid_lite.NS_AOE_Meteoroid_lite; SoundCue→SoundWave 전이 참조: /Game/__AoeVFX/_GenericSource/SFX/sfx_JetPack_Cue1.sfx_JetPack_Cue1; 생성 명세 단계: 낙하 운석(주효과) | 화염 폭풍(주효과)","2026-10-03 로컬 설치; 원본 objectpath: /Game/__AoeVFX/_GenericSource/SFX/sfx_JetPack.sfx_JetPack; 팩 루트: /Game/__AoeVFX; Fab: https://www.fab.com/listings/8908c188-5b4d-4131-94dd-701c1c200c52; 원본 유지; 실제 재생·청취 사용자 확인 대기; 원본 길이: 1.018571376800537초; 원본 looping: False; 신규 스킬은 Niagara 내부 SFX 참조 사용; 별도 외부 sound 지정 없음"
"AOE and Spell Decal VFX ( with SFX )","SoundWave","/Game/__AoeVFX/_GenericSource/SFX","sfx_MpUp","/Game/__AoeVFX/NS/NS_AOE_Guardian.NS_AOE_Guardian","/Game/User_JeHoon/Blueprint/DataAsset/Skills/DrGame/__AoeVFX/DA_DrGame_AoeVFX_AOE_Guardian","AssetRegistry NS 오디오 의존; Niagara AudioPlayer SoundToPlay 바인딩 확인: /Game/__AoeVFX/NS/NS_AOE_Guardian.NS_AOE_Guardian; SoundCue→SoundWave 전이 참조: /Game/__AoeVFX/_GenericSource/SFX/sfx_MpUp_Cue1.sfx_MpUp_Cue1; 생성 명세 단계: 수호자의 결계(주효과)","2026-10-03 로컬 설치; 원본 objectpath: /Game/__AoeVFX/_GenericSource/SFX/sfx_MpUp.sfx_MpUp; 팩 루트: /Game/__AoeVFX; Fab: https://www.fab.com/listings/8908c188-5b4d-4131-94dd-701c1c200c52; 원본 유지; 실제 재생·청취 사용자 확인 대기; 원본 길이: 2.2395238876342773초; 원본 looping: False; 신규 스킬은 Niagara 내부 SFX 참조 사용; 별도 외부 sound 지정 없음"
"AOE and Spell Decal VFX ( with SFX )","SoundWave","/Game/__AoeVFX/_GenericSource/SFX","sfx_SpiritUp","/Game/__AoeVFX/NS/NS_AOE_TimeSpell.NS_AOE_TimeSpell","/Game/User_JeHoon/Blueprint/DataAsset/Skills/DrGame/__AoeVFX/DA_DrGame_AoeVFX_AOE_TimeSpell","AssetRegistry NS 오디오 의존; Niagara AudioPlayer SoundToPlay 바인딩 확인: /Game/__AoeVFX/NS/NS_AOE_TimeSpell.NS_AOE_TimeSpell; SoundCue→SoundWave 전이 참조: /Game/__AoeVFX/_GenericSource/SFX/sfx_SpiritUp_Cue.sfx_SpiritUp_Cue; 생성 명세 단계: 시간의 회복진(주효과)","2026-10-03 로컬 설치; 원본 objectpath: /Game/__AoeVFX/_GenericSource/SFX/sfx_SpiritUp.sfx_SpiritUp; 팩 루트: /Game/__AoeVFX; Fab: https://www.fab.com/listings/8908c188-5b4d-4131-94dd-701c1c200c52; 원본 유지; 실제 재생·청취 사용자 확인 대기; 원본 길이: 2.1538541316986084초; 원본 looping: False; 신규 스킬은 Niagara 내부 SFX 참조 사용; 별도 외부 sound 지정 없음"
"Ground Attack VFX ( with SFX )","SoundCue","/Game/__GroundAttackVFX/_GenericSource/SFX","Sfx_Flame_splash_high_Cue","/Game/__GroundAttackVFX/NS/NS_LavaBurst.NS_LavaBurst | /Game/__GroundAttackVFX/NS/NS_Line_Lava.NS_Line_Lava","/Game/User_JeHoon/Blueprint/DataAsset/Skills/DrGame/__GroundAttackVFX/DA_DrGame_GroundAttackVFX_LavaBurst | /Game/User_JeHoon/Blueprint/DataAsset/Skills/DrGame/__GroundAttackVFX/DA_DrGame_GroundAttackVFX_Line_Lava","AssetRegistry NS 오디오 의존; Niagara AudioPlayer SoundToPlay 바인딩 확인: /Game/__GroundAttackVFX/NS/NS_LavaBurst.NS_LavaBurst | /Game/__GroundAttackVFX/NS/NS_Line_Lava.NS_Line_Lava; 생성 명세 단계: 용암 분출(주효과) | 용암 파도(주효과)","2026-10-03 로컬 설치; 원본 objectpath: /Game/__GroundAttackVFX/_GenericSource/SFX/Sfx_Flame_splash_high_Cue.Sfx_Flame_splash_high_Cue; 팩 루트: /Game/__GroundAttackVFX; Fab: https://www.fab.com/listings/c6b26012-37e3-4807-b55d-b410c99c808d; 원본 유지; 실제 재생·청취 사용자 확인 대기; 신규 스킬은 Niagara 내부 SFX 참조 사용; 별도 외부 sound 지정 없음"
"Ground Attack VFX ( with SFX )","SoundCue","/Game/__GroundAttackVFX/_GenericSource/SFX","Sfx_Hit_Ground_Hammer_Cue_Rock","/Game/__GroundAttackVFX/NS/NS_StoneRush.NS_StoneRush","/Game/User_JeHoon/Blueprint/DataAsset/Skills/DrGame/__GroundAttackVFX/DA_DrGame_GroundAttackVFX_StoneRush","AssetRegistry NS 오디오 의존; Niagara AudioPlayer SoundToPlay 바인딩 확인: /Game/__GroundAttackVFX/NS/NS_StoneRush.NS_StoneRush; 생성 명세 단계: 바위 쇄도(주효과)","2026-10-03 로컬 설치; 원본 objectpath: /Game/__GroundAttackVFX/_GenericSource/SFX/Sfx_Hit_Ground_Hammer_Cue_Rock.Sfx_Hit_Ground_Hammer_Cue_Rock; 팩 루트: /Game/__GroundAttackVFX; Fab: https://www.fab.com/listings/c6b26012-37e3-4807-b55d-b410c99c808d; 원본 유지; 실제 재생·청취 사용자 확인 대기; 신규 스킬은 Niagara 내부 SFX 참조 사용; 별도 외부 sound 지정 없음"
"Ground Attack VFX ( with SFX )","SoundCue","/Game/__GroundAttackVFX/_GenericSource/SFX","Sfx_Ice_ball_Cue","/Game/__GroundAttackVFX/NS/NS_AberrateObelisk.NS_AberrateObelisk | /Game/__GroundAttackVFX/NS/NS_IceSpike.NS_IceSpike | /Game/__GroundAttackVFX/NS/NS_Lazurite.NS_Lazurite","/Game/User_JeHoon/Blueprint/DataAsset/Skills/DrGame/__GroundAttackVFX/DA_DrGame_GroundAttackVFX_AberrateObelisk | /Game/User_JeHoon/Blueprint/DataAsset/Skills/DrGame/__GroundAttackVFX/DA_DrGame_GroundAttackVFX_IceSpike | /Game/User_JeHoon/Blueprint/DataAsset/Skills/DrGame/__GroundAttackVFX/DA_DrGame_GroundAttackVFX_Lazurite","AssetRegistry NS 오디오 의존; Niagara AudioPlayer SoundToPlay 바인딩 확인: /Game/__GroundAttackVFX/NS/NS_AberrateObelisk.NS_AberrateObelisk | /Game/__GroundAttackVFX/NS/NS_IceSpike.NS_IceSpike | /Game/__GroundAttackVFX/NS/NS_Lazurite.NS_Lazurite; 생성 명세 단계: 수정 첨탑(주효과) | 얼음 가시(주효과) | 청금석 쇄도(주효과)","2026-10-03 로컬 설치; 원본 objectpath: /Game/__GroundAttackVFX/_GenericSource/SFX/Sfx_Ice_ball_Cue.Sfx_Ice_ball_Cue; 팩 루트: /Game/__GroundAttackVFX; Fab: https://www.fab.com/listings/c6b26012-37e3-4807-b55d-b410c99c808d; 원본 유지; 실제 재생·청취 사용자 확인 대기; 신규 스킬은 Niagara 내부 SFX 참조 사용; 별도 외부 sound 지정 없음"
"Ground Attack VFX ( with SFX )","SoundCue","/Game/__GroundAttackVFX/_GenericSource/SFX","Sfx_Ice_ball_Cue1","/Game/__GroundAttackVFX/NS/NS_IceSpike.NS_IceSpike","/Game/User_JeHoon/Blueprint/DataAsset/Skills/DrGame/__GroundAttackVFX/DA_DrGame_GroundAttackVFX_IceSpike","AssetRegistry NS 오디오 의존; Niagara AudioPlayer SoundToPlay 바인딩 확인: /Game/__GroundAttackVFX/NS/NS_IceSpike.NS_IceSpike; 생성 명세 단계: 얼음 가시(주효과)","2026-10-03 로컬 설치; 원본 objectpath: /Game/__GroundAttackVFX/_GenericSource/SFX/Sfx_Ice_ball_Cue1.Sfx_Ice_ball_Cue1; 팩 루트: /Game/__GroundAttackVFX; Fab: https://www.fab.com/listings/c6b26012-37e3-4807-b55d-b410c99c808d; 원본 유지; 실제 재생·청취 사용자 확인 대기; 신규 스킬은 Niagara 내부 SFX 참조 사용; 별도 외부 sound 지정 없음"
"Ground Attack VFX ( with SFX )","SoundCue","/Game/__GroundAttackVFX/_GenericSource/SFX","Sfx_Ice_ball_Cue2","/Game/__GroundAttackVFX/NS/NS_IceSpell.NS_IceSpell","/Game/User_JeHoon/Blueprint/DataAsset/Skills/DrGame/__GroundAttackVFX/DA_DrGame_GroundAttackVFX_IceSpell","AssetRegistry NS 오디오 의존; Niagara AudioPlayer SoundToPlay 바인딩 확인: /Game/__GroundAttackVFX/NS/NS_IceSpell.NS_IceSpell; 생성 명세 단계: 얼음 문양(주효과)","2026-10-03 로컬 설치; 원본 objectpath: /Game/__GroundAttackVFX/_GenericSource/SFX/Sfx_Ice_ball_Cue2.Sfx_Ice_ball_Cue2; 팩 루트: /Game/__GroundAttackVFX; Fab: https://www.fab.com/listings/c6b26012-37e3-4807-b55d-b410c99c808d; 원본 유지; 실제 재생·청취 사용자 확인 대기; 신규 스킬은 Niagara 내부 SFX 참조 사용; 별도 외부 sound 지정 없음"
"Ground Attack VFX ( with SFX )","SoundCue","/Game/__GroundAttackVFX/_GenericSource/SFX","Sfx_Ice_born_Cue","/Game/__GroundAttackVFX/NS/NS_FreezeCrystal_Ice.NS_FreezeCrystal_Ice | /Game/__GroundAttackVFX/NS/NS_IceSpell.NS_IceSpell | /Game/__GroundAttackVFX/NS/NS_IceSprout.NS_IceSprout | /Game/__GroundAttackVFX/NS/NS_LavaBurst.NS_LavaBurst | /Game/__GroundAttackVFX/NS/NS_Line_Lava.NS_Line_Lava","/Game/User_JeHoon/Blueprint/DataAsset/Skills/DrGame/__GroundAttackVFX/DA_DrGame_GroundAttackVFX_FreezeCrystal_Ice | /Game/User_JeHoon/Blueprint/DataAsset/Skills/DrGame/__GroundAttackVFX/DA_DrGame_GroundAttackVFX_IceSpell | /Game/User_JeHoon/Blueprint/DataAsset/Skills/DrGame/__GroundAttackVFX/DA_DrGame_GroundAttackVFX_IceSprout | /Game/User_JeHoon/Blueprint/DataAsset/Skills/DrGame/__GroundAttackVFX/DA_DrGame_GroundAttackVFX_LavaBurst | /Game/User_JeHoon/Blueprint/DataAsset/Skills/DrGame/__GroundAttackVFX/DA_DrGame_GroundAttackVFX_Line_Lava","AssetRegistry NS 오디오 의존; Niagara AudioPlayer SoundToPlay 바인딩 확인: /Game/__GroundAttackVFX/NS/NS_FreezeCrystal_Ice.NS_FreezeCrystal_Ice | /Game/__GroundAttackVFX/NS/NS_IceSpell.NS_IceSpell | /Game/__GroundAttackVFX/NS/NS_IceSprout.NS_IceSprout | /Game/__GroundAttackVFX/NS/NS_LavaBurst.NS_LavaBurst | /Game/__GroundAttackVFX/NS/NS_Line_Lava.NS_Line_Lava; 생성 명세 단계: 서리 결정(주효과) | 얼음 문양(주효과) | 얼음 싹(주효과) | 용암 분출(주효과) | 용암 파도(주효과)","2026-10-03 로컬 설치; 원본 objectpath: /Game/__GroundAttackVFX/_GenericSource/SFX/Sfx_Ice_born_Cue.Sfx_Ice_born_Cue; 팩 루트: /Game/__GroundAttackVFX; Fab: https://www.fab.com/listings/c6b26012-37e3-4807-b55d-b410c99c808d; 원본 유지; 실제 재생·청취 사용자 확인 대기; 신규 스킬은 Niagara 내부 SFX 참조 사용; 별도 외부 sound 지정 없음"
"Ground Attack VFX ( with SFX )","SoundCue","/Game/__GroundAttackVFX/_GenericSource/SFX","Sfx_devilwake_1_Cue","/Game/__GroundAttackVFX/NS/NS_PoisonCannibalPlant.NS_PoisonCannibalPlant","/Game/User_JeHoon/Blueprint/DataAsset/Skills/DrGame/__GroundAttackVFX/DA_DrGame_GroundAttackVFX_PoisonCannibalPlant","AssetRegistry NS 오디오 의존; Niagara AudioPlayer SoundToPlay 바인딩 확인: /Game/__GroundAttackVFX/NS/NS_PoisonCannibalPlant.NS_PoisonCannibalPlant; 생성 명세 단계: 식인 독초(주효과)","2026-10-03 로컬 설치; 원본 objectpath: /Game/__GroundAttackVFX/_GenericSource/SFX/Sfx_devilwake_1_Cue.Sfx_devilwake_1_Cue; 팩 루트: /Game/__GroundAttackVFX; Fab: https://www.fab.com/listings/c6b26012-37e3-4807-b55d-b410c99c808d; 원본 유지; 실제 재생·청취 사용자 확인 대기; 신규 스킬은 Niagara 내부 SFX 참조 사용; 별도 외부 sound 지정 없음"
"Ground Attack VFX ( with SFX )","SoundCue","/Game/__GroundAttackVFX/_GenericSource/SFX","sfx_Hit_hammer_Cue_LavaRock","/Game/__GroundAttackVFX/NS/NS_AberrateObelisk.NS_AberrateObelisk | /Game/__GroundAttackVFX/NS/NS_BrambleTusk.NS_BrambleTusk | /Game/__GroundAttackVFX/NS/NS_BrambleTusk_5_4.NS_BrambleTusk_5_4 | /Game/__GroundAttackVFX/NS/NS_DashMagma.NS_DashMagma | /Game/__GroundAttackVFX/NS/NS_FreezeCrystal_Ice.NS_FreezeCrystal_Ice | /Game/__GroundAttackVFX/NS/NS_IceSpell.NS_IceSpell | /Game/__GroundAttackVFX/NS/NS_IceSpike.NS_IceSpike | /Game/__GroundAttackVFX/NS/NS_IceSprout.NS_IceSprout | /Game/__GroundAttackVFX/NS/NS_LavaBurst.NS_LavaBurst | /Game/__GroundAttackVFX/NS/NS_Lazurite.NS_Lazurite | /Game/__GroundAttackVFX/NS/NS_Line_Lava.NS_Line_Lava | /Game/__GroundAttackVFX/NS/NS_StoneRush.NS_StoneRush","/Game/User_JeHoon/Blueprint/DataAsset/Skills/DrGame/__GroundAttackVFX/DA_DrGame_GroundAttackVFX_AberrateObelisk | /Game/User_JeHoon/Blueprint/DataAsset/Skills/DrGame/__GroundAttackVFX/DA_DrGame_GroundAttackVFX_BrambleTusk | /Game/User_JeHoon/Blueprint/DataAsset/Skills/DrGame/__GroundAttackVFX/DA_DrGame_GroundAttackVFX_DashMagma | /Game/User_JeHoon/Blueprint/DataAsset/Skills/DrGame/__GroundAttackVFX/DA_DrGame_GroundAttackVFX_FreezeCrystal_Ice | /Game/User_JeHoon/Blueprint/DataAsset/Skills/DrGame/__GroundAttackVFX/DA_DrGame_GroundAttackVFX_IceSpell | /Game/User_JeHoon/Blueprint/DataAsset/Skills/DrGame/__GroundAttackVFX/DA_DrGame_GroundAttackVFX_IceSpike | /Game/User_JeHoon/Blueprint/DataAsset/Skills/DrGame/__GroundAttackVFX/DA_DrGame_GroundAttackVFX_IceSprout | /Game/User_JeHoon/Blueprint/DataAsset/Skills/DrGame/__GroundAttackVFX/DA_DrGame_GroundAttackVFX_LavaBurst | /Game/User_JeHoon/Blueprint/DataAsset/Skills/DrGame/__GroundAttackVFX/DA_DrGame_GroundAttackVFX_Lazurite | /Game/User_JeHoon/Blueprint/DataAsset/Skills/DrGame/__GroundAttackVFX/DA_DrGame_GroundAttackVFX_Line_Lava | /Game/User_JeHoon/Blueprint/DataAsset/Skills/DrGame/__GroundAttackVFX/DA_DrGame_GroundAttackVFX_StoneRush","AssetRegistry NS 오디오 의존; Niagara AudioPlayer SoundToPlay 바인딩 확인: /Game/__GroundAttackVFX/NS/NS_AberrateObelisk.NS_AberrateObelisk | /Game/__GroundAttackVFX/NS/NS_BrambleTusk.NS_BrambleTusk | /Game/__GroundAttackVFX/NS/NS_BrambleTusk_5_4.NS_BrambleTusk_5_4 | /Game/__GroundAttackVFX/NS/NS_DashMagma.NS_DashMagma | /Game/__GroundAttackVFX/NS/NS_FreezeCrystal_Ice.NS_FreezeCrystal_Ice | /Game/__GroundAttackVFX/NS/NS_IceSpell.NS_IceSpell | /Game/__GroundAttackVFX/NS/NS_IceSpike.NS_IceSpike | /Game/__GroundAttackVFX/NS/NS_IceSprout.NS_IceSprout | /Game/__GroundAttackVFX/NS/NS_LavaBurst.NS_LavaBurst | /Game/__GroundAttackVFX/NS/NS_Lazurite.NS_Lazurite | /Game/__GroundAttackVFX/NS/NS_Line_Lava.NS_Line_Lava | /Game/__GroundAttackVFX/NS/NS_StoneRush.NS_StoneRush; 생성 명세 단계: 가시 엄니(주효과) | 바위 쇄도(주효과) | 서리 결정(주효과) | 수정 첨탑(주효과) | 얼음 가시(주효과) | 얼음 문양(주효과) | 얼음 싹(주효과) | 용암 분출(주효과) | 용암 쇄도(주효과) | 용암 파도(주효과) | 청금석 쇄도(주효과)","2026-10-03 로컬 설치; 원본 objectpath: /Game/__GroundAttackVFX/_GenericSource/SFX/sfx_Hit_hammer_Cue_LavaRock.sfx_Hit_hammer_Cue_LavaRock; 팩 루트: /Game/__GroundAttackVFX; Fab: https://www.fab.com/listings/c6b26012-37e3-4807-b55d-b410c99c808d; 원본 유지; 실제 재생·청취 사용자 확인 대기; 신규 스킬은 Niagara 내부 SFX 참조 사용; 별도 외부 sound 지정 없음"
"Ground Attack VFX ( with SFX )","SoundWave","/Game/__GroundAttackVFX/_GenericSource/SFX","Sfx_Flame_splash_high","/Game/__GroundAttackVFX/NS/NS_LavaBurst.NS_LavaBurst | /Game/__GroundAttackVFX/NS/NS_Line_Lava.NS_Line_Lava","/Game/User_JeHoon/Blueprint/DataAsset/Skills/DrGame/__GroundAttackVFX/DA_DrGame_GroundAttackVFX_LavaBurst | /Game/User_JeHoon/Blueprint/DataAsset/Skills/DrGame/__GroundAttackVFX/DA_DrGame_GroundAttackVFX_Line_Lava","AssetRegistry NS 오디오 의존; Niagara AudioPlayer SoundToPlay 바인딩 확인: /Game/__GroundAttackVFX/NS/NS_LavaBurst.NS_LavaBurst | /Game/__GroundAttackVFX/NS/NS_Line_Lava.NS_Line_Lava; SoundCue→SoundWave 전이 참조: /Game/__GroundAttackVFX/_GenericSource/SFX/Sfx_Flame_splash_high_Cue.Sfx_Flame_splash_high_Cue; 생성 명세 단계: 용암 분출(주효과) | 용암 파도(주효과)","2026-10-03 로컬 설치; 원본 objectpath: /Game/__GroundAttackVFX/_GenericSource/SFX/Sfx_Flame_splash_high.Sfx_Flame_splash_high; 팩 루트: /Game/__GroundAttackVFX; Fab: https://www.fab.com/listings/c6b26012-37e3-4807-b55d-b410c99c808d; 원본 유지; 실제 재생·청취 사용자 확인 대기; 원본 길이: 2.399083375930786초; 원본 looping: False; 신규 스킬은 Niagara 내부 SFX 참조 사용; 별도 외부 sound 지정 없음"
"Ground Attack VFX ( with SFX )","SoundWave","/Game/__GroundAttackVFX/_GenericSource/SFX","Sfx_Hit_Ground_Hammer","/Game/__GroundAttackVFX/NS/NS_StoneRush.NS_StoneRush","/Game/User_JeHoon/Blueprint/DataAsset/Skills/DrGame/__GroundAttackVFX/DA_DrGame_GroundAttackVFX_StoneRush","AssetRegistry NS 오디오 의존; Niagara AudioPlayer SoundToPlay 바인딩 확인: /Game/__GroundAttackVFX/NS/NS_StoneRush.NS_StoneRush; SoundCue→SoundWave 전이 참조: /Game/__GroundAttackVFX/_GenericSource/SFX/Sfx_Hit_Ground_Hammer_Cue_Rock.Sfx_Hit_Ground_Hammer_Cue_Rock; 생성 명세 단계: 바위 쇄도(주효과)","2026-10-03 로컬 설치; 원본 objectpath: /Game/__GroundAttackVFX/_GenericSource/SFX/Sfx_Hit_Ground_Hammer.Sfx_Hit_Ground_Hammer; 팩 루트: /Game/__GroundAttackVFX; Fab: https://www.fab.com/listings/c6b26012-37e3-4807-b55d-b410c99c808d; 원본 유지; 실제 재생·청취 사용자 확인 대기; 원본 길이: 1.841972827911377초; 원본 looping: False; 신규 스킬은 Niagara 내부 SFX 참조 사용; 별도 외부 sound 지정 없음"
"Ground Attack VFX ( with SFX )","SoundWave","/Game/__GroundAttackVFX/_GenericSource/SFX","Sfx_Ice_ball","/Game/__GroundAttackVFX/NS/NS_AberrateObelisk.NS_AberrateObelisk | /Game/__GroundAttackVFX/NS/NS_IceSpell.NS_IceSpell | /Game/__GroundAttackVFX/NS/NS_IceSpike.NS_IceSpike | /Game/__GroundAttackVFX/NS/NS_Lazurite.NS_Lazurite","/Game/User_JeHoon/Blueprint/DataAsset/Skills/DrGame/__GroundAttackVFX/DA_DrGame_GroundAttackVFX_AberrateObelisk | /Game/User_JeHoon/Blueprint/DataAsset/Skills/DrGame/__GroundAttackVFX/DA_DrGame_GroundAttackVFX_IceSpell | /Game/User_JeHoon/Blueprint/DataAsset/Skills/DrGame/__GroundAttackVFX/DA_DrGame_GroundAttackVFX_IceSpike | /Game/User_JeHoon/Blueprint/DataAsset/Skills/DrGame/__GroundAttackVFX/DA_DrGame_GroundAttackVFX_Lazurite","AssetRegistry NS 오디오 의존; Niagara AudioPlayer SoundToPlay 바인딩 확인: /Game/__GroundAttackVFX/NS/NS_AberrateObelisk.NS_AberrateObelisk | /Game/__GroundAttackVFX/NS/NS_IceSpell.NS_IceSpell | /Game/__GroundAttackVFX/NS/NS_IceSpike.NS_IceSpike | /Game/__GroundAttackVFX/NS/NS_Lazurite.NS_Lazurite; SoundCue→SoundWave 전이 참조: /Game/__GroundAttackVFX/_GenericSource/SFX/Sfx_Ice_ball_Cue.Sfx_Ice_ball_Cue | /Game/__GroundAttackVFX/_GenericSource/SFX/Sfx_Ice_ball_Cue1.Sfx_Ice_ball_Cue1 | /Game/__GroundAttackVFX/_GenericSource/SFX/Sfx_Ice_ball_Cue2.Sfx_Ice_ball_Cue2; 생성 명세 단계: 수정 첨탑(주효과) | 얼음 가시(주효과) | 얼음 문양(주효과) | 청금석 쇄도(주효과)","2026-10-03 로컬 설치; 원본 objectpath: /Game/__GroundAttackVFX/_GenericSource/SFX/Sfx_Ice_ball.Sfx_Ice_ball; 팩 루트: /Game/__GroundAttackVFX; Fab: https://www.fab.com/listings/c6b26012-37e3-4807-b55d-b410c99c808d; 원본 유지; 실제 재생·청취 사용자 확인 대기; 원본 길이: 1.2137868404388428초; 원본 looping: False; 신규 스킬은 Niagara 내부 SFX 참조 사용; 별도 외부 sound 지정 없음"
"Ground Attack VFX ( with SFX )","SoundWave","/Game/__GroundAttackVFX/_GenericSource/SFX","Sfx_Ice_born","/Game/__GroundAttackVFX/NS/NS_FreezeCrystal_Ice.NS_FreezeCrystal_Ice | /Game/__GroundAttackVFX/NS/NS_IceSpell.NS_IceSpell | /Game/__GroundAttackVFX/NS/NS_IceSprout.NS_IceSprout | /Game/__GroundAttackVFX/NS/NS_LavaBurst.NS_LavaBurst | /Game/__GroundAttackVFX/NS/NS_Line_Lava.NS_Line_Lava","/Game/User_JeHoon/Blueprint/DataAsset/Skills/DrGame/__GroundAttackVFX/DA_DrGame_GroundAttackVFX_FreezeCrystal_Ice | /Game/User_JeHoon/Blueprint/DataAsset/Skills/DrGame/__GroundAttackVFX/DA_DrGame_GroundAttackVFX_IceSpell | /Game/User_JeHoon/Blueprint/DataAsset/Skills/DrGame/__GroundAttackVFX/DA_DrGame_GroundAttackVFX_IceSprout | /Game/User_JeHoon/Blueprint/DataAsset/Skills/DrGame/__GroundAttackVFX/DA_DrGame_GroundAttackVFX_LavaBurst | /Game/User_JeHoon/Blueprint/DataAsset/Skills/DrGame/__GroundAttackVFX/DA_DrGame_GroundAttackVFX_Line_Lava","AssetRegistry NS 오디오 의존; Niagara AudioPlayer SoundToPlay 바인딩 확인: /Game/__GroundAttackVFX/NS/NS_FreezeCrystal_Ice.NS_FreezeCrystal_Ice | /Game/__GroundAttackVFX/NS/NS_IceSpell.NS_IceSpell | /Game/__GroundAttackVFX/NS/NS_IceSprout.NS_IceSprout | /Game/__GroundAttackVFX/NS/NS_LavaBurst.NS_LavaBurst | /Game/__GroundAttackVFX/NS/NS_Line_Lava.NS_Line_Lava; SoundCue→SoundWave 전이 참조: /Game/__GroundAttackVFX/_GenericSource/SFX/Sfx_Ice_born_Cue.Sfx_Ice_born_Cue; 생성 명세 단계: 서리 결정(주효과) | 얼음 문양(주효과) | 얼음 싹(주효과) | 용암 분출(주효과) | 용암 파도(주효과)","2026-10-03 로컬 설치; 원본 objectpath: /Game/__GroundAttackVFX/_GenericSource/SFX/Sfx_Ice_born.Sfx_Ice_born; 팩 루트: /Game/__GroundAttackVFX; Fab: https://www.fab.com/listings/c6b26012-37e3-4807-b55d-b410c99c808d; 원본 유지; 실제 재생·청취 사용자 확인 대기; 원본 길이: 1.2327210903167725초; 원본 looping: False; 신규 스킬은 Niagara 내부 SFX 참조 사용; 별도 외부 sound 지정 없음"
"Ground Attack VFX ( with SFX )","SoundWave","/Game/__GroundAttackVFX/_GenericSource/SFX","Sfx_devilwake_1","/Game/__GroundAttackVFX/NS/NS_BrambleTusk.NS_BrambleTusk | /Game/__GroundAttackVFX/NS/NS_BrambleTusk_5_4.NS_BrambleTusk_5_4 | /Game/__GroundAttackVFX/NS/NS_HuntingSharkFin.NS_HuntingSharkFin | /Game/__GroundAttackVFX/NS/NS_PoisonCannibalPlant.NS_PoisonCannibalPlant","/Game/User_JeHoon/Blueprint/DataAsset/Skills/DrGame/__GroundAttackVFX/DA_DrGame_GroundAttackVFX_BrambleTusk | /Game/User_JeHoon/Blueprint/DataAsset/Skills/DrGame/__GroundAttackVFX/DA_DrGame_GroundAttackVFX_HuntingSharkFin | /Game/User_JeHoon/Blueprint/DataAsset/Skills/DrGame/__GroundAttackVFX/DA_DrGame_GroundAttackVFX_PoisonCannibalPlant","AssetRegistry NS 오디오 의존; Niagara AudioPlayer SoundToPlay 바인딩 확인: /Game/__GroundAttackVFX/NS/NS_BrambleTusk.NS_BrambleTusk | /Game/__GroundAttackVFX/NS/NS_BrambleTusk_5_4.NS_BrambleTusk_5_4 | /Game/__GroundAttackVFX/NS/NS_HuntingSharkFin.NS_HuntingSharkFin | /Game/__GroundAttackVFX/NS/NS_PoisonCannibalPlant.NS_PoisonCannibalPlant; SoundCue→SoundWave 전이 참조: /Game/__GroundAttackVFX/_GenericSource/SFX/Sfx_devilwake_1_Cue.Sfx_devilwake_1_Cue; 생성 명세 단계: 가시 엄니(주효과) | 식인 독초(주효과) | 심해 지느러미(주효과)","2026-10-03 로컬 설치; 원본 objectpath: /Game/__GroundAttackVFX/_GenericSource/SFX/Sfx_devilwake_1.Sfx_devilwake_1; 팩 루트: /Game/__GroundAttackVFX; Fab: https://www.fab.com/listings/c6b26012-37e3-4807-b55d-b410c99c808d; 원본 유지; 실제 재생·청취 사용자 확인 대기; 원본 길이: 2.5초; 원본 looping: False; 신규 스킬은 Niagara 내부 SFX 참조 사용; 별도 외부 sound 지정 없음"
"Ground Attack VFX ( with SFX )","SoundWave","/Game/__GroundAttackVFX/_GenericSource/SFX","sfx_Hit_hammer","/Game/__GroundAttackVFX/NS/NS_AberrateObelisk.NS_AberrateObelisk | /Game/__GroundAttackVFX/NS/NS_BrambleTusk.NS_BrambleTusk | /Game/__GroundAttackVFX/NS/NS_BrambleTusk_5_4.NS_BrambleTusk_5_4 | /Game/__GroundAttackVFX/NS/NS_DashMagma.NS_DashMagma | /Game/__GroundAttackVFX/NS/NS_FeudFang.NS_FeudFang | /Game/__GroundAttackVFX/NS/NS_FreezeCrystal_Ice.NS_FreezeCrystal_Ice | /Game/__GroundAttackVFX/NS/NS_IceSpell.NS_IceSpell | /Game/__GroundAttackVFX/NS/NS_IceSpike.NS_IceSpike | /Game/__GroundAttackVFX/NS/NS_IceSprout.NS_IceSprout | /Game/__GroundAttackVFX/NS/NS_LavaBurst.NS_LavaBurst | /Game/__GroundAttackVFX/NS/NS_Lazurite.NS_Lazurite | /Game/__GroundAttackVFX/NS/NS_Line_Lava.NS_Line_Lava | /Game/__GroundAttackVFX/NS/NS_StoneRush.NS_StoneRush","/Game/User_JeHoon/Blueprint/DataAsset/Skills/DrGame/__GroundAttackVFX/DA_DrGame_GroundAttackVFX_AberrateObelisk | /Game/User_JeHoon/Blueprint/DataAsset/Skills/DrGame/__GroundAttackVFX/DA_DrGame_GroundAttackVFX_BrambleTusk | /Game/User_JeHoon/Blueprint/DataAsset/Skills/DrGame/__GroundAttackVFX/DA_DrGame_GroundAttackVFX_DashMagma | /Game/User_JeHoon/Blueprint/DataAsset/Skills/DrGame/__GroundAttackVFX/DA_DrGame_GroundAttackVFX_FeudFang | /Game/User_JeHoon/Blueprint/DataAsset/Skills/DrGame/__GroundAttackVFX/DA_DrGame_GroundAttackVFX_FreezeCrystal_Ice | /Game/User_JeHoon/Blueprint/DataAsset/Skills/DrGame/__GroundAttackVFX/DA_DrGame_GroundAttackVFX_IceSpell | /Game/User_JeHoon/Blueprint/DataAsset/Skills/DrGame/__GroundAttackVFX/DA_DrGame_GroundAttackVFX_IceSpike | /Game/User_JeHoon/Blueprint/DataAsset/Skills/DrGame/__GroundAttackVFX/DA_DrGame_GroundAttackVFX_IceSprout | /Game/User_JeHoon/Blueprint/DataAsset/Skills/DrGame/__GroundAttackVFX/DA_DrGame_GroundAttackVFX_LavaBurst | /Game/User_JeHoon/Blueprint/DataAsset/Skills/DrGame/__GroundAttackVFX/DA_DrGame_GroundAttackVFX_Lazurite | /Game/User_JeHoon/Blueprint/DataAsset/Skills/DrGame/__GroundAttackVFX/DA_DrGame_GroundAttackVFX_Line_Lava | /Game/User_JeHoon/Blueprint/DataAsset/Skills/DrGame/__GroundAttackVFX/DA_DrGame_GroundAttackVFX_StoneRush","AssetRegistry NS 오디오 의존; Niagara AudioPlayer SoundToPlay 바인딩 확인: /Game/__GroundAttackVFX/NS/NS_AberrateObelisk.NS_AberrateObelisk | /Game/__GroundAttackVFX/NS/NS_BrambleTusk.NS_BrambleTusk | /Game/__GroundAttackVFX/NS/NS_BrambleTusk_5_4.NS_BrambleTusk_5_4 | /Game/__GroundAttackVFX/NS/NS_DashMagma.NS_DashMagma | /Game/__GroundAttackVFX/NS/NS_FeudFang.NS_FeudFang | /Game/__GroundAttackVFX/NS/NS_FreezeCrystal_Ice.NS_FreezeCrystal_Ice | /Game/__GroundAttackVFX/NS/NS_IceSpell.NS_IceSpell | /Game/__GroundAttackVFX/NS/NS_IceSpike.NS_IceSpike | /Game/__GroundAttackVFX/NS/NS_IceSprout.NS_IceSprout | /Game/__GroundAttackVFX/NS/NS_LavaBurst.NS_LavaBurst | /Game/__GroundAttackVFX/NS/NS_Lazurite.NS_Lazurite | /Game/__GroundAttackVFX/NS/NS_Line_Lava.NS_Line_Lava | /Game/__GroundAttackVFX/NS/NS_StoneRush.NS_StoneRush; SoundCue→SoundWave 전이 참조: /Game/__GroundAttackVFX/_GenericSource/SFX/sfx_Hit_hammer_Cue_LavaRock.sfx_Hit_hammer_Cue_LavaRock; 생성 명세 단계: 가시 엄니(주효과) | 바위 쇄도(주효과) | 서리 결정(주효과) | 수정 첨탑(주효과) | 얼음 가시(주효과) | 얼음 문양(주효과) | 얼음 싹(주효과) | 용암 분출(주효과) | 용암 쇄도(주효과) | 용암 파도(주효과) | 청금석 쇄도(주효과) | 핏빛 엄니(주효과)","2026-10-03 로컬 설치; 원본 objectpath: /Game/__GroundAttackVFX/_GenericSource/SFX/sfx_Hit_hammer.sfx_Hit_hammer; 팩 루트: /Game/__GroundAttackVFX; Fab: https://www.fab.com/listings/c6b26012-37e3-4807-b55d-b410c99c808d; 원본 유지; 실제 재생·청취 사용자 확인 대기; 원본 길이: 1.7462584972381592초; 원본 looping: False; 신규 스킬은 Niagara 내부 SFX 참조 사용; 별도 외부 sound 지정 없음"
"Interactive LinkChain VFX ( with SFX )","SoundCue","/Game/___LinkChainVFX/_GenericSource/SFX","Sfx_Hit_MagicFire_Cue","/Game/___LinkChainVFX/NS/NS_Hit_Fire_Simple.NS_Hit_Fire_Simple | /Game/___LinkChainVFX/NS/NS_Hit_Magic_Simple.NS_Hit_Magic_Simple","/Game/User_JeHoon/Blueprint/DataAsset/Skills/DrGame/___LinkChainVFX/DA_DrGame_LinkChainVFX_Link_Fire | /Game/User_JeHoon/Blueprint/DataAsset/Skills/DrGame/___LinkChainVFX/DA_DrGame_LinkChainVFX_Link_Magic","AssetRegistry NS 오디오 의존; Niagara AudioPlayer SoundToPlay 바인딩 확인: /Game/___LinkChainVFX/NS/NS_Hit_Fire_Simple.NS_Hit_Fire_Simple | /Game/___LinkChainVFX/NS/NS_Hit_Magic_Simple.NS_Hit_Magic_Simple; 생성 명세 단계: 마력 연결(피격) | 화염 연결(피격)","2026-10-03 로컬 설치; 원본 objectpath: /Game/___LinkChainVFX/_GenericSource/SFX/Sfx_Hit_MagicFire_Cue.Sfx_Hit_MagicFire_Cue; 팩 루트: /Game/___LinkChainVFX; Fab: https://www.fab.com/listings/5e6daae7-7e14-467c-aa27-e9698b116b05; 원본 유지; 실제 재생·청취 사용자 확인 대기; 신규 스킬은 Niagara 내부 SFX 참조 사용; 별도 외부 sound 지정 없음"
"Interactive LinkChain VFX ( with SFX )","SoundCue","/Game/___LinkChainVFX/_GenericSource/SFX","Sfx_Hit_Poison_Cue","/Game/___LinkChainVFX/NS/NS_Hit_Bramble_Simple.NS_Hit_Bramble_Simple","/Game/User_JeHoon/Blueprint/DataAsset/Skills/DrGame/___LinkChainVFX/DA_DrGame_LinkChainVFX_Link_Bramble","AssetRegistry NS 오디오 의존; Niagara AudioPlayer SoundToPlay 바인딩 확인: /Game/___LinkChainVFX/NS/NS_Hit_Bramble_Simple.NS_Hit_Bramble_Simple; 생성 명세 단계: 가시 연결(피격)","2026-10-03 로컬 설치; 원본 objectpath: /Game/___LinkChainVFX/_GenericSource/SFX/Sfx_Hit_Poison_Cue.Sfx_Hit_Poison_Cue; 팩 루트: /Game/___LinkChainVFX; Fab: https://www.fab.com/listings/5e6daae7-7e14-467c-aa27-e9698b116b05; 원본 유지; 실제 재생·청취 사용자 확인 대기; 신규 스킬은 Niagara 내부 SFX 참조 사용; 별도 외부 sound 지정 없음"
"Interactive LinkChain VFX ( with SFX )","SoundCue","/Game/___LinkChainVFX/_GenericSource/SFX","Sfx_Hit_eletric_short_Cue","/Game/___LinkChainVFX/NS/NS_Hit_Electric_Simple.NS_Hit_Electric_Simple","/Game/User_JeHoon/Blueprint/DataAsset/Skills/DrGame/___LinkChainVFX/DA_DrGame_LinkChainVFX_Link_Electric","AssetRegistry NS 오디오 의존; Niagara AudioPlayer SoundToPlay 바인딩 확인: /Game/___LinkChainVFX/NS/NS_Hit_Electric_Simple.NS_Hit_Electric_Simple; 생성 명세 단계: 번개 연결(피격)","2026-10-03 로컬 설치; 원본 objectpath: /Game/___LinkChainVFX/_GenericSource/SFX/Sfx_Hit_eletric_short_Cue.Sfx_Hit_eletric_short_Cue; 팩 루트: /Game/___LinkChainVFX; Fab: https://www.fab.com/listings/5e6daae7-7e14-467c-aa27-e9698b116b05; 원본 유지; 실제 재생·청취 사용자 확인 대기; 신규 스킬은 Niagara 내부 SFX 참조 사용; 별도 외부 sound 지정 없음"
"Interactive LinkChain VFX ( with SFX )","SoundCue","/Game/___LinkChainVFX/_GenericSource/SFX","Sfx_Loop_AirFire_Cue","/Game/___LinkChainVFX/NS/NS_Hit_Constant_Magic_Simple.NS_Hit_Constant_Magic_Simple | /Game/___LinkChainVFX/NS/NS_Link_Fire.NS_Link_Fire","/Game/User_JeHoon/Blueprint/DataAsset/Skills/DrGame/___LinkChainVFX/DA_DrGame_LinkChainVFX_Link_Fire","AssetRegistry NS 오디오 의존; Niagara AudioPlayer SoundToPlay 바인딩 확인: /Game/___LinkChainVFX/NS/NS_Hit_Constant_Magic_Simple.NS_Hit_Constant_Magic_Simple | /Game/___LinkChainVFX/NS/NS_Link_Fire.NS_Link_Fire; 생성 명세 단계: 화염 연결(주효과)","2026-10-03 로컬 설치; 원본 objectpath: /Game/___LinkChainVFX/_GenericSource/SFX/Sfx_Loop_AirFire_Cue.Sfx_Loop_AirFire_Cue; 팩 루트: /Game/___LinkChainVFX; Fab: https://www.fab.com/listings/5e6daae7-7e14-467c-aa27-e9698b116b05; 원본 유지; 실제 재생·청취 사용자 확인 대기; 신규 스킬은 Niagara 내부 SFX 참조 사용; 별도 외부 sound 지정 없음"
"Interactive LinkChain VFX ( with SFX )","SoundCue","/Game/___LinkChainVFX/_GenericSource/SFX","Sfx_Loop_AirFire_Cue1","/Game/___LinkChainVFX/NS/NS_Link_Magic.NS_Link_Magic","/Game/User_JeHoon/Blueprint/DataAsset/Skills/DrGame/___LinkChainVFX/DA_DrGame_LinkChainVFX_Link_Magic","AssetRegistry NS 오디오 의존; Niagara AudioPlayer SoundToPlay 바인딩 확인: /Game/___LinkChainVFX/NS/NS_Link_Magic.NS_Link_Magic; 생성 명세 단계: 마력 연결(주효과)","2026-10-03 로컬 설치; 원본 objectpath: /Game/___LinkChainVFX/_GenericSource/SFX/Sfx_Loop_AirFire_Cue1.Sfx_Loop_AirFire_Cue1; 팩 루트: /Game/___LinkChainVFX; Fab: https://www.fab.com/listings/5e6daae7-7e14-467c-aa27-e9698b116b05; 원본 유지; 실제 재생·청취 사용자 확인 대기; 신규 스킬은 Niagara 내부 SFX 참조 사용; 별도 외부 sound 지정 없음"
"Interactive LinkChain VFX ( with SFX )","SoundCue","/Game/___LinkChainVFX/_GenericSource/SFX","Sfx_Loop_CampFire_Cue","/Game/___LinkChainVFX/NS/NS_Hit_Constant_Fire_Simple.NS_Hit_Constant_Fire_Simple","","AssetRegistry NS 오디오 의존; Niagara AudioPlayer SoundToPlay 바인딩 확인: /Game/___LinkChainVFX/NS/NS_Hit_Constant_Fire_Simple.NS_Hit_Constant_Fire_Simple","2026-10-03 로컬 설치; 원본 objectpath: /Game/___LinkChainVFX/_GenericSource/SFX/Sfx_Loop_CampFire_Cue.Sfx_Loop_CampFire_Cue; 팩 루트: /Game/___LinkChainVFX; Fab: https://www.fab.com/listings/5e6daae7-7e14-467c-aa27-e9698b116b05; 원본 유지; 실제 재생·청취 사용자 확인 대기"
"Interactive LinkChain VFX ( with SFX )","SoundCue","/Game/___LinkChainVFX/_GenericSource/SFX","Sfx_Loop_Eletric_Cue","/Game/___LinkChainVFX/NS/NS_Hit_Constant_Electric_Simple.NS_Hit_Constant_Electric_Simple | /Game/___LinkChainVFX/NS/NS_Link_Electric.NS_Link_Electric","/Game/User_JeHoon/Blueprint/DataAsset/Skills/DrGame/___LinkChainVFX/DA_DrGame_LinkChainVFX_Link_Electric","AssetRegistry NS 오디오 의존; Niagara AudioPlayer SoundToPlay 바인딩 확인: /Game/___LinkChainVFX/NS/NS_Hit_Constant_Electric_Simple.NS_Hit_Constant_Electric_Simple | /Game/___LinkChainVFX/NS/NS_Link_Electric.NS_Link_Electric; 생성 명세 단계: 번개 연결(주효과)","2026-10-03 로컬 설치; 원본 objectpath: /Game/___LinkChainVFX/_GenericSource/SFX/Sfx_Loop_Eletric_Cue.Sfx_Loop_Eletric_Cue; 팩 루트: /Game/___LinkChainVFX; Fab: https://www.fab.com/listings/5e6daae7-7e14-467c-aa27-e9698b116b05; 원본 유지; 실제 재생·청취 사용자 확인 대기; 신규 스킬은 Niagara 내부 SFX 참조 사용; 별도 외부 sound 지정 없음"
"Interactive LinkChain VFX ( with SFX )","SoundCue","/Game/___LinkChainVFX/_GenericSource/SFX","Sfx_Loop_Holy_Cue1","/Game/___LinkChainVFX/NS/NS_Link_Energy.NS_Link_Energy","/Game/User_JeHoon/Blueprint/DataAsset/Skills/DrGame/___LinkChainVFX/DA_DrGame_LinkChainVFX_Link_Energy","AssetRegistry NS 오디오 의존; Niagara AudioPlayer SoundToPlay 바인딩 확인: /Game/___LinkChainVFX/NS/NS_Link_Energy.NS_Link_Energy; 생성 명세 단계: 에너지 연결(주효과)","2026-10-03 로컬 설치; 원본 objectpath: /Game/___LinkChainVFX/_GenericSource/SFX/Sfx_Loop_Holy_Cue1.Sfx_Loop_Holy_Cue1; 팩 루트: /Game/___LinkChainVFX; Fab: https://www.fab.com/listings/5e6daae7-7e14-467c-aa27-e9698b116b05; 원본 유지; 실제 재생·청취 사용자 확인 대기; 신규 스킬은 Niagara 내부 SFX 참조 사용; 별도 외부 sound 지정 없음"
"Interactive LinkChain VFX ( with SFX )","SoundCue","/Game/___LinkChainVFX/_GenericSource/SFX","Sfx_Loop_Laser_Cue2","/Game/___LinkChainVFX/NS/NS_Hit_Constant_Energy_Simple.NS_Hit_Constant_Energy_Simple | /Game/___LinkChainVFX/NS/NS_Link_Energy.NS_Link_Energy","/Game/User_JeHoon/Blueprint/DataAsset/Skills/DrGame/___LinkChainVFX/DA_DrGame_LinkChainVFX_Link_Energy","AssetRegistry NS 오디오 의존; Niagara AudioPlayer SoundToPlay 바인딩 확인: /Game/___LinkChainVFX/NS/NS_Hit_Constant_Energy_Simple.NS_Hit_Constant_Energy_Simple | /Game/___LinkChainVFX/NS/NS_Link_Energy.NS_Link_Energy; 생성 명세 단계: 에너지 연결(주효과)","2026-10-03 로컬 설치; 원본 objectpath: /Game/___LinkChainVFX/_GenericSource/SFX/Sfx_Loop_Laser_Cue2.Sfx_Loop_Laser_Cue2; 팩 루트: /Game/___LinkChainVFX; Fab: https://www.fab.com/listings/5e6daae7-7e14-467c-aa27-e9698b116b05; 원본 유지; 실제 재생·청취 사용자 확인 대기; 신규 스킬은 Niagara 내부 SFX 참조 사용; 별도 외부 sound 지정 없음"
"Interactive LinkChain VFX ( with SFX )","SoundCue","/Game/___LinkChainVFX/_GenericSource/SFX","Sfx_Loop_WolfSquall_Cue","/Game/___LinkChainVFX/NS/NS_Link_Energy.NS_Link_Energy","/Game/User_JeHoon/Blueprint/DataAsset/Skills/DrGame/___LinkChainVFX/DA_DrGame_LinkChainVFX_Link_Energy","AssetRegistry NS 오디오 의존; Niagara AudioPlayer SoundToPlay 바인딩 확인: /Game/___LinkChainVFX/NS/NS_Link_Energy.NS_Link_Energy; 생성 명세 단계: 에너지 연결(주효과)","2026-10-03 로컬 설치; 원본 objectpath: /Game/___LinkChainVFX/_GenericSource/SFX/Sfx_Loop_WolfSquall_Cue.Sfx_Loop_WolfSquall_Cue; 팩 루트: /Game/___LinkChainVFX; Fab: https://www.fab.com/listings/5e6daae7-7e14-467c-aa27-e9698b116b05; 원본 유지; 실제 재생·청취 사용자 확인 대기; 신규 스킬은 Niagara 내부 SFX 참조 사용; 별도 외부 sound 지정 없음"
"Interactive LinkChain VFX ( with SFX )","SoundCue","/Game/___LinkChainVFX/_GenericSource/SFX","Sfx_Shoot_BigFire_Cue1","/Game/___LinkChainVFX/NS/NS_Link_Magic.NS_Link_Magic","/Game/User_JeHoon/Blueprint/DataAsset/Skills/DrGame/___LinkChainVFX/DA_DrGame_LinkChainVFX_Link_Magic","AssetRegistry NS 오디오 의존; Niagara AudioPlayer SoundToPlay 바인딩 확인: /Game/___LinkChainVFX/NS/NS_Link_Magic.NS_Link_Magic; 생성 명세 단계: 마력 연결(주효과)","2026-10-03 로컬 설치; 원본 objectpath: /Game/___LinkChainVFX/_GenericSource/SFX/Sfx_Shoot_BigFire_Cue1.Sfx_Shoot_BigFire_Cue1; 팩 루트: /Game/___LinkChainVFX; Fab: https://www.fab.com/listings/5e6daae7-7e14-467c-aa27-e9698b116b05; 원본 유지; 실제 재생·청취 사용자 확인 대기; 신규 스킬은 Niagara 내부 SFX 참조 사용; 별도 외부 sound 지정 없음"
"Interactive LinkChain VFX ( with SFX )","SoundCue","/Game/___LinkChainVFX/_GenericSource/SFX","Sfx_Shoot_SonicArrow_Cue","/Game/___LinkChainVFX/NS/NS_Link_Electric.NS_Link_Electric | /Game/___LinkChainVFX/NS/NS_Link_Energy.NS_Link_Energy","/Game/User_JeHoon/Blueprint/DataAsset/Skills/DrGame/___LinkChainVFX/DA_DrGame_LinkChainVFX_Link_Electric | /Game/User_JeHoon/Blueprint/DataAsset/Skills/DrGame/___LinkChainVFX/DA_DrGame_LinkChainVFX_Link_Energy","AssetRegistry NS 오디오 의존; Niagara AudioPlayer SoundToPlay 바인딩 확인: /Game/___LinkChainVFX/NS/NS_Link_Electric.NS_Link_Electric | /Game/___LinkChainVFX/NS/NS_Link_Energy.NS_Link_Energy; 생성 명세 단계: 번개 연결(주효과) | 에너지 연결(주효과)","2026-10-03 로컬 설치; 원본 objectpath: /Game/___LinkChainVFX/_GenericSource/SFX/Sfx_Shoot_SonicArrow_Cue.Sfx_Shoot_SonicArrow_Cue; 팩 루트: /Game/___LinkChainVFX; Fab: https://www.fab.com/listings/5e6daae7-7e14-467c-aa27-e9698b116b05; 원본 유지; 실제 재생·청취 사용자 확인 대기; 신규 스킬은 Niagara 내부 SFX 참조 사용; 별도 외부 sound 지정 없음"
"Interactive LinkChain VFX ( with SFX )","SoundCue","/Game/___LinkChainVFX/_GenericSource/SFX","Sfx_devilwake_1_Cue","/Game/___LinkChainVFX/NS/NS_Hit_Constant_Bramble_Simple.NS_Hit_Constant_Bramble_Simple | /Game/___LinkChainVFX/NS/NS_Link_Bramble.NS_Link_Bramble","/Game/User_JeHoon/Blueprint/DataAsset/Skills/DrGame/___LinkChainVFX/DA_DrGame_LinkChainVFX_Link_Bramble","AssetRegistry NS 오디오 의존; Niagara AudioPlayer SoundToPlay 바인딩 확인: /Game/___LinkChainVFX/NS/NS_Hit_Constant_Bramble_Simple.NS_Hit_Constant_Bramble_Simple | /Game/___LinkChainVFX/NS/NS_Link_Bramble.NS_Link_Bramble; 생성 명세 단계: 가시 연결(주효과)","2026-10-03 로컬 설치; 원본 objectpath: /Game/___LinkChainVFX/_GenericSource/SFX/Sfx_devilwake_1_Cue.Sfx_devilwake_1_Cue; 팩 루트: /Game/___LinkChainVFX; Fab: https://www.fab.com/listings/5e6daae7-7e14-467c-aa27-e9698b116b05; 원본 유지; 실제 재생·청취 사용자 확인 대기; 신규 스킬은 Niagara 내부 SFX 참조 사용; 별도 외부 sound 지정 없음"
"Interactive LinkChain VFX ( with SFX )","SoundCue","/Game/___LinkChainVFX/_GenericSource/SFX","sfx_Ball_thunder_s_Cue1","/Game/___LinkChainVFX/NS/NS_Hit_Energy_Simple.NS_Hit_Energy_Simple","/Game/User_JeHoon/Blueprint/DataAsset/Skills/DrGame/___LinkChainVFX/DA_DrGame_LinkChainVFX_Link_Energy","AssetRegistry NS 오디오 의존; Niagara AudioPlayer SoundToPlay 바인딩 확인: /Game/___LinkChainVFX/NS/NS_Hit_Energy_Simple.NS_Hit_Energy_Simple; 생성 명세 단계: 에너지 연결(피격)","2026-10-03 로컬 설치; 원본 objectpath: /Game/___LinkChainVFX/_GenericSource/SFX/sfx_Ball_thunder_s_Cue1.sfx_Ball_thunder_s_Cue1; 팩 루트: /Game/___LinkChainVFX; Fab: https://www.fab.com/listings/5e6daae7-7e14-467c-aa27-e9698b116b05; 원본 유지; 실제 재생·청취 사용자 확인 대기; 신규 스킬은 Niagara 내부 SFX 참조 사용; 별도 외부 sound 지정 없음"
"Interactive LinkChain VFX ( with SFX )","SoundCue","/Game/___LinkChainVFX/_GenericSource/SFX","sfx_drone__moving_Cue","/Game/___LinkChainVFX/NS/NS_Link_Magic.NS_Link_Magic","/Game/User_JeHoon/Blueprint/DataAsset/Skills/DrGame/___LinkChainVFX/DA_DrGame_LinkChainVFX_Link_Magic","AssetRegistry NS 오디오 의존; Niagara AudioPlayer SoundToPlay 바인딩 확인: /Game/___LinkChainVFX/NS/NS_Link_Magic.NS_Link_Magic; 생성 명세 단계: 마력 연결(주효과)","2026-10-03 로컬 설치; 원본 objectpath: /Game/___LinkChainVFX/_GenericSource/SFX/sfx_drone__moving_Cue.sfx_drone__moving_Cue; 팩 루트: /Game/___LinkChainVFX; Fab: https://www.fab.com/listings/5e6daae7-7e14-467c-aa27-e9698b116b05; 원본 유지; 실제 재생·청취 사용자 확인 대기; 신규 스킬은 Niagara 내부 SFX 참조 사용; 별도 외부 sound 지정 없음"
"Interactive LinkChain VFX ( with SFX )","SoundCue","/Game/___LinkChainVFX/_GenericSource/SFX","sfx_fire_sun_Cue","/Game/___LinkChainVFX/NS/NS_Hit_Constant_Electric_Simple.NS_Hit_Constant_Electric_Simple | /Game/___LinkChainVFX/NS/NS_Hit_Constant_Energy_Simple.NS_Hit_Constant_Energy_Simple | /Game/___LinkChainVFX/NS/NS_Hit_Constant_Fire_Simple.NS_Hit_Constant_Fire_Simple | /Game/___LinkChainVFX/NS/NS_Hit_Constant_Magic_Simple.NS_Hit_Constant_Magic_Simple | /Game/___LinkChainVFX/NS/NS_Link_Electric.NS_Link_Electric | /Game/___LinkChainVFX/NS/NS_Link_Fire.NS_Link_Fire | /Game/___LinkChainVFX/NS/NS_Link_Magic.NS_Link_Magic","/Game/User_JeHoon/Blueprint/DataAsset/Skills/DrGame/___LinkChainVFX/DA_DrGame_LinkChainVFX_Link_Electric | /Game/User_JeHoon/Blueprint/DataAsset/Skills/DrGame/___LinkChainVFX/DA_DrGame_LinkChainVFX_Link_Fire | /Game/User_JeHoon/Blueprint/DataAsset/Skills/DrGame/___LinkChainVFX/DA_DrGame_LinkChainVFX_Link_Magic","AssetRegistry NS 오디오 의존; Niagara AudioPlayer SoundToPlay 바인딩 확인: /Game/___LinkChainVFX/NS/NS_Hit_Constant_Electric_Simple.NS_Hit_Constant_Electric_Simple | /Game/___LinkChainVFX/NS/NS_Hit_Constant_Energy_Simple.NS_Hit_Constant_Energy_Simple | /Game/___LinkChainVFX/NS/NS_Hit_Constant_Fire_Simple.NS_Hit_Constant_Fire_Simple | /Game/___LinkChainVFX/NS/NS_Hit_Constant_Magic_Simple.NS_Hit_Constant_Magic_Simple | /Game/___LinkChainVFX/NS/NS_Link_Electric.NS_Link_Electric | /Game/___LinkChainVFX/NS/NS_Link_Fire.NS_Link_Fire | /Game/___LinkChainVFX/NS/NS_Link_Magic.NS_Link_Magic; 생성 명세 단계: 마력 연결(주효과) | 번개 연결(주효과) | 화염 연결(주효과)","2026-10-03 로컬 설치; 원본 objectpath: /Game/___LinkChainVFX/_GenericSource/SFX/sfx_fire_sun_Cue.sfx_fire_sun_Cue; 팩 루트: /Game/___LinkChainVFX; Fab: https://www.fab.com/listings/5e6daae7-7e14-467c-aa27-e9698b116b05; 원본 유지; 실제 재생·청취 사용자 확인 대기; 신규 스킬은 Niagara 내부 SFX 참조 사용; 별도 외부 sound 지정 없음"
"Interactive LinkChain VFX ( with SFX )","SoundWave","/Game/___LinkChainVFX/_GenericSource/SFX","Sfx_Hit_MagicStaff","/Game/___LinkChainVFX/NS/NS_Hit_Fire_Simple.NS_Hit_Fire_Simple | /Game/___LinkChainVFX/NS/NS_Hit_Magic_Simple.NS_Hit_Magic_Simple","/Game/User_JeHoon/Blueprint/DataAsset/Skills/DrGame/___LinkChainVFX/DA_DrGame_LinkChainVFX_Link_Fire | /Game/User_JeHoon/Blueprint/DataAsset/Skills/DrGame/___LinkChainVFX/DA_DrGame_LinkChainVFX_Link_Magic","AssetRegistry NS 오디오 의존; Niagara AudioPlayer SoundToPlay 바인딩 확인: /Game/___LinkChainVFX/NS/NS_Hit_Fire_Simple.NS_Hit_Fire_Simple | /Game/___LinkChainVFX/NS/NS_Hit_Magic_Simple.NS_Hit_Magic_Simple; SoundCue→SoundWave 전이 참조: /Game/___LinkChainVFX/_GenericSource/SFX/Sfx_Hit_MagicFire_Cue.Sfx_Hit_MagicFire_Cue; 생성 명세 단계: 마력 연결(피격) | 화염 연결(피격)","2026-10-03 로컬 설치; 원본 objectpath: /Game/___LinkChainVFX/_GenericSource/SFX/Sfx_Hit_MagicStaff.Sfx_Hit_MagicStaff; 팩 루트: /Game/___LinkChainVFX; Fab: https://www.fab.com/listings/5e6daae7-7e14-467c-aa27-e9698b116b05; 원본 유지; 실제 재생·청취 사용자 확인 대기; 원본 길이: 1.0022292137145996초; 원본 looping: False; 신규 스킬은 Niagara 내부 SFX 참조 사용; 별도 외부 sound 지정 없음"
"Interactive LinkChain VFX ( with SFX )","SoundWave","/Game/___LinkChainVFX/_GenericSource/SFX","Sfx_Hit_Poison","/Game/___LinkChainVFX/NS/NS_Hit_Bramble_Simple.NS_Hit_Bramble_Simple","/Game/User_JeHoon/Blueprint/DataAsset/Skills/DrGame/___LinkChainVFX/DA_DrGame_LinkChainVFX_Link_Bramble","AssetRegistry NS 오디오 의존; Niagara AudioPlayer SoundToPlay 바인딩 확인: /Game/___LinkChainVFX/NS/NS_Hit_Bramble_Simple.NS_Hit_Bramble_Simple; SoundCue→SoundWave 전이 참조: /Game/___LinkChainVFX/_GenericSource/SFX/Sfx_Hit_Poison_Cue.Sfx_Hit_Poison_Cue; 생성 명세 단계: 가시 연결(피격)","2026-10-03 로컬 설치; 원본 objectpath: /Game/___LinkChainVFX/_GenericSource/SFX/Sfx_Hit_Poison.Sfx_Hit_Poison; 팩 루트: /Game/___LinkChainVFX; Fab: https://www.fab.com/listings/5e6daae7-7e14-467c-aa27-e9698b116b05; 원본 유지; 실제 재생·청취 사용자 확인 대기; 원본 길이: 2.1430838108062744초; 원본 looping: False; 신규 스킬은 Niagara 내부 SFX 참조 사용; 별도 외부 sound 지정 없음"
"Interactive LinkChain VFX ( with SFX )","SoundWave","/Game/___LinkChainVFX/_GenericSource/SFX","Sfx_Hit_eletric_short","/Game/___LinkChainVFX/NS/NS_Hit_Electric_Simple.NS_Hit_Electric_Simple","/Game/User_JeHoon/Blueprint/DataAsset/Skills/DrGame/___LinkChainVFX/DA_DrGame_LinkChainVFX_Link_Electric","AssetRegistry NS 오디오 의존; Niagara AudioPlayer SoundToPlay 바인딩 확인: /Game/___LinkChainVFX/NS/NS_Hit_Electric_Simple.NS_Hit_Electric_Simple; SoundCue→SoundWave 전이 참조: /Game/___LinkChainVFX/_GenericSource/SFX/Sfx_Hit_eletric_short_Cue.Sfx_Hit_eletric_short_Cue; 생성 명세 단계: 번개 연결(피격)","2026-10-03 로컬 설치; 원본 objectpath: /Game/___LinkChainVFX/_GenericSource/SFX/Sfx_Hit_eletric_short.Sfx_Hit_eletric_short; 팩 루트: /Game/___LinkChainVFX; Fab: https://www.fab.com/listings/5e6daae7-7e14-467c-aa27-e9698b116b05; 원본 유지; 실제 재생·청취 사용자 확인 대기; 원본 길이: 0.8598333597183228초; 원본 looping: False; 신규 스킬은 Niagara 내부 SFX 참조 사용; 별도 외부 sound 지정 없음"
"Interactive LinkChain VFX ( with SFX )","SoundWave","/Game/___LinkChainVFX/_GenericSource/SFX","Sfx_Loop_AirFire","/Game/___LinkChainVFX/NS/NS_Hit_Constant_Magic_Simple.NS_Hit_Constant_Magic_Simple | /Game/___LinkChainVFX/NS/NS_Link_Fire.NS_Link_Fire | /Game/___LinkChainVFX/NS/NS_Link_Magic.NS_Link_Magic","/Game/User_JeHoon/Blueprint/DataAsset/Skills/DrGame/___LinkChainVFX/DA_DrGame_LinkChainVFX_Link_Fire | /Game/User_JeHoon/Blueprint/DataAsset/Skills/DrGame/___LinkChainVFX/DA_DrGame_LinkChainVFX_Link_Magic","AssetRegistry NS 오디오 의존; Niagara AudioPlayer SoundToPlay 바인딩 확인: /Game/___LinkChainVFX/NS/NS_Hit_Constant_Magic_Simple.NS_Hit_Constant_Magic_Simple | /Game/___LinkChainVFX/NS/NS_Link_Fire.NS_Link_Fire | /Game/___LinkChainVFX/NS/NS_Link_Magic.NS_Link_Magic; SoundCue→SoundWave 전이 참조: /Game/___LinkChainVFX/_GenericSource/SFX/Sfx_Loop_AirFire_Cue.Sfx_Loop_AirFire_Cue | /Game/___LinkChainVFX/_GenericSource/SFX/Sfx_Loop_AirFire_Cue1.Sfx_Loop_AirFire_Cue1; 생성 명세 단계: 마력 연결(주효과) | 화염 연결(주효과)","2026-10-03 로컬 설치; 원본 objectpath: /Game/___LinkChainVFX/_GenericSource/SFX/Sfx_Loop_AirFire.Sfx_Loop_AirFire; 팩 루트: /Game/___LinkChainVFX; Fab: https://www.fab.com/listings/5e6daae7-7e14-467c-aa27-e9698b116b05; 원본 유지; 실제 재생·청취 사용자 확인 대기; 원본 길이: 5.10881233215332초; 원본 looping: True; 신규 스킬은 Niagara 내부 SFX 참조 사용; 별도 외부 sound 지정 없음"
"Interactive LinkChain VFX ( with SFX )","SoundWave","/Game/___LinkChainVFX/_GenericSource/SFX","Sfx_Loop_CampFire","/Game/___LinkChainVFX/NS/NS_Hit_Constant_Fire_Simple.NS_Hit_Constant_Fire_Simple","","AssetRegistry NS 오디오 의존; Niagara AudioPlayer SoundToPlay 바인딩 확인: /Game/___LinkChainVFX/NS/NS_Hit_Constant_Fire_Simple.NS_Hit_Constant_Fire_Simple; SoundCue→SoundWave 전이 참조: /Game/___LinkChainVFX/_GenericSource/SFX/Sfx_Loop_CampFire_Cue.Sfx_Loop_CampFire_Cue","2026-10-03 로컬 설치; 원본 objectpath: /Game/___LinkChainVFX/_GenericSource/SFX/Sfx_Loop_CampFire.Sfx_Loop_CampFire; 팩 루트: /Game/___LinkChainVFX; Fab: https://www.fab.com/listings/5e6daae7-7e14-467c-aa27-e9698b116b05; 원본 유지; 실제 재생·청취 사용자 확인 대기; 원본 길이: 19.522062301635742초; 원본 looping: True"
"Interactive LinkChain VFX ( with SFX )","SoundWave","/Game/___LinkChainVFX/_GenericSource/SFX","Sfx_Loop_Eletric","/Game/___LinkChainVFX/NS/NS_Hit_Constant_Electric_Simple.NS_Hit_Constant_Electric_Simple | /Game/___LinkChainVFX/NS/NS_Link_Electric.NS_Link_Electric","/Game/User_JeHoon/Blueprint/DataAsset/Skills/DrGame/___LinkChainVFX/DA_DrGame_LinkChainVFX_Link_Electric","AssetRegistry NS 오디오 의존; Niagara AudioPlayer SoundToPlay 바인딩 확인: /Game/___LinkChainVFX/NS/NS_Hit_Constant_Electric_Simple.NS_Hit_Constant_Electric_Simple | /Game/___LinkChainVFX/NS/NS_Link_Electric.NS_Link_Electric; SoundCue→SoundWave 전이 참조: /Game/___LinkChainVFX/_GenericSource/SFX/Sfx_Loop_Eletric_Cue.Sfx_Loop_Eletric_Cue; 생성 명세 단계: 번개 연결(주효과)","2026-10-03 로컬 설치; 원본 objectpath: /Game/___LinkChainVFX/_GenericSource/SFX/Sfx_Loop_Eletric.Sfx_Loop_Eletric; 팩 루트: /Game/___LinkChainVFX; Fab: https://www.fab.com/listings/5e6daae7-7e14-467c-aa27-e9698b116b05; 원본 유지; 실제 재생·청취 사용자 확인 대기; 원본 길이: 2.6631667613983154초; 원본 looping: True; 신규 스킬은 Niagara 내부 SFX 참조 사용; 별도 외부 sound 지정 없음"
"Interactive LinkChain VFX ( with SFX )","SoundWave","/Game/___LinkChainVFX/_GenericSource/SFX","Sfx_Loop_Holy","/Game/___LinkChainVFX/NS/NS_Link_Energy.NS_Link_Energy","/Game/User_JeHoon/Blueprint/DataAsset/Skills/DrGame/___LinkChainVFX/DA_DrGame_LinkChainVFX_Link_Energy","AssetRegistry NS 오디오 의존; Niagara AudioPlayer SoundToPlay 바인딩 확인: /Game/___LinkChainVFX/NS/NS_Link_Energy.NS_Link_Energy; SoundCue→SoundWave 전이 참조: /Game/___LinkChainVFX/_GenericSource/SFX/Sfx_Loop_Holy_Cue1.Sfx_Loop_Holy_Cue1; 생성 명세 단계: 에너지 연결(주효과)","2026-10-03 로컬 설치; 원본 objectpath: /Game/___LinkChainVFX/_GenericSource/SFX/Sfx_Loop_Holy.Sfx_Loop_Holy; 팩 루트: /Game/___LinkChainVFX; Fab: https://www.fab.com/listings/5e6daae7-7e14-467c-aa27-e9698b116b05; 원본 유지; 실제 재생·청취 사용자 확인 대기; 원본 길이: 7.91754150390625초; 원본 looping: False; 신규 스킬은 Niagara 내부 SFX 참조 사용; 별도 외부 sound 지정 없음"
"Interactive LinkChain VFX ( with SFX )","SoundWave","/Game/___LinkChainVFX/_GenericSource/SFX","Sfx_Loop_Laser","/Game/___LinkChainVFX/NS/NS_Hit_Constant_Energy_Simple.NS_Hit_Constant_Energy_Simple | /Game/___LinkChainVFX/NS/NS_Link_Energy.NS_Link_Energy","/Game/User_JeHoon/Blueprint/DataAsset/Skills/DrGame/___LinkChainVFX/DA_DrGame_LinkChainVFX_Link_Energy","AssetRegistry NS 오디오 의존; Niagara AudioPlayer SoundToPlay 바인딩 확인: /Game/___LinkChainVFX/NS/NS_Hit_Constant_Energy_Simple.NS_Hit_Constant_Energy_Simple | /Game/___LinkChainVFX/NS/NS_Link_Energy.NS_Link_Energy; SoundCue→SoundWave 전이 참조: /Game/___LinkChainVFX/_GenericSource/SFX/Sfx_Loop_Laser_Cue2.Sfx_Loop_Laser_Cue2; 생성 명세 단계: 에너지 연결(주효과)","2026-10-03 로컬 설치; 원본 objectpath: /Game/___LinkChainVFX/_GenericSource/SFX/Sfx_Loop_Laser.Sfx_Loop_Laser; 팩 루트: /Game/___LinkChainVFX; Fab: https://www.fab.com/listings/5e6daae7-7e14-467c-aa27-e9698b116b05; 원본 유지; 실제 재생·청취 사용자 확인 대기; 원본 길이: 9.599604606628418초; 원본 looping: True; 신규 스킬은 Niagara 내부 SFX 참조 사용; 별도 외부 sound 지정 없음"
"Interactive LinkChain VFX ( with SFX )","SoundWave","/Game/___LinkChainVFX/_GenericSource/SFX","Sfx_Loop_WolfSquall","/Game/___LinkChainVFX/NS/NS_Link_Energy.NS_Link_Energy","/Game/User_JeHoon/Blueprint/DataAsset/Skills/DrGame/___LinkChainVFX/DA_DrGame_LinkChainVFX_Link_Energy","AssetRegistry NS 오디오 의존; Niagara AudioPlayer SoundToPlay 바인딩 확인: /Game/___LinkChainVFX/NS/NS_Link_Energy.NS_Link_Energy; SoundCue→SoundWave 전이 참조: /Game/___LinkChainVFX/_GenericSource/SFX/Sfx_Loop_WolfSquall_Cue.Sfx_Loop_WolfSquall_Cue; 생성 명세 단계: 에너지 연결(주효과)","2026-10-03 로컬 설치; 원본 objectpath: /Game/___LinkChainVFX/_GenericSource/SFX/Sfx_Loop_WolfSquall.Sfx_Loop_WolfSquall; 팩 루트: /Game/___LinkChainVFX; Fab: https://www.fab.com/listings/5e6daae7-7e14-467c-aa27-e9698b116b05; 원본 유지; 실제 재생·청취 사용자 확인 대기; 원본 길이: 6.460453510284424초; 원본 looping: False; 신규 스킬은 Niagara 내부 SFX 참조 사용; 별도 외부 sound 지정 없음"
"Interactive LinkChain VFX ( with SFX )","SoundWave","/Game/___LinkChainVFX/_GenericSource/SFX","Sfx_Shoot_BigFire","/Game/___LinkChainVFX/NS/NS_Link_Magic.NS_Link_Magic","/Game/User_JeHoon/Blueprint/DataAsset/Skills/DrGame/___LinkChainVFX/DA_DrGame_LinkChainVFX_Link_Magic","AssetRegistry NS 오디오 의존; Niagara AudioPlayer SoundToPlay 바인딩 확인: /Game/___LinkChainVFX/NS/NS_Link_Magic.NS_Link_Magic; SoundCue→SoundWave 전이 참조: /Game/___LinkChainVFX/_GenericSource/SFX/Sfx_Shoot_BigFire_Cue1.Sfx_Shoot_BigFire_Cue1; 생성 명세 단계: 마력 연결(주효과)","2026-10-03 로컬 설치; 원본 objectpath: /Game/___LinkChainVFX/_GenericSource/SFX/Sfx_Shoot_BigFire.Sfx_Shoot_BigFire; 팩 루트: /Game/___LinkChainVFX; Fab: https://www.fab.com/listings/5e6daae7-7e14-467c-aa27-e9698b116b05; 원본 유지; 실제 재생·청취 사용자 확인 대기; 원본 길이: 1.9130208492279053초; 원본 looping: False; 신규 스킬은 Niagara 내부 SFX 참조 사용; 별도 외부 sound 지정 없음"
"Interactive LinkChain VFX ( with SFX )","SoundWave","/Game/___LinkChainVFX/_GenericSource/SFX","Sfx_Shoot_SonicArrow","/Game/___LinkChainVFX/NS/NS_Link_Electric.NS_Link_Electric | /Game/___LinkChainVFX/NS/NS_Link_Energy.NS_Link_Energy","/Game/User_JeHoon/Blueprint/DataAsset/Skills/DrGame/___LinkChainVFX/DA_DrGame_LinkChainVFX_Link_Electric | /Game/User_JeHoon/Blueprint/DataAsset/Skills/DrGame/___LinkChainVFX/DA_DrGame_LinkChainVFX_Link_Energy","AssetRegistry NS 오디오 의존; Niagara AudioPlayer SoundToPlay 바인딩 확인: /Game/___LinkChainVFX/NS/NS_Link_Electric.NS_Link_Electric | /Game/___LinkChainVFX/NS/NS_Link_Energy.NS_Link_Energy; SoundCue→SoundWave 전이 참조: /Game/___LinkChainVFX/_GenericSource/SFX/Sfx_Shoot_SonicArrow_Cue.Sfx_Shoot_SonicArrow_Cue; 생성 명세 단계: 번개 연결(주효과) | 에너지 연결(주효과)","2026-10-03 로컬 설치; 원본 objectpath: /Game/___LinkChainVFX/_GenericSource/SFX/Sfx_Shoot_SonicArrow.Sfx_Shoot_SonicArrow; 팩 루트: /Game/___LinkChainVFX; Fab: https://www.fab.com/listings/5e6daae7-7e14-467c-aa27-e9698b116b05; 원본 유지; 실제 재생·청취 사용자 확인 대기; 원본 길이: 1.9714285135269165초; 원본 looping: False; 신규 스킬은 Niagara 내부 SFX 참조 사용; 별도 외부 sound 지정 없음"
"Interactive LinkChain VFX ( with SFX )","SoundWave","/Game/___LinkChainVFX/_GenericSource/SFX","Sfx_devilwake_1","/Game/___LinkChainVFX/NS/NS_Hit_Constant_Bramble_Simple.NS_Hit_Constant_Bramble_Simple | /Game/___LinkChainVFX/NS/NS_Link_Bramble.NS_Link_Bramble","/Game/User_JeHoon/Blueprint/DataAsset/Skills/DrGame/___LinkChainVFX/DA_DrGame_LinkChainVFX_Link_Bramble","AssetRegistry NS 오디오 의존; Niagara AudioPlayer SoundToPlay 바인딩 확인: /Game/___LinkChainVFX/NS/NS_Hit_Constant_Bramble_Simple.NS_Hit_Constant_Bramble_Simple | /Game/___LinkChainVFX/NS/NS_Link_Bramble.NS_Link_Bramble; SoundCue→SoundWave 전이 참조: /Game/___LinkChainVFX/_GenericSource/SFX/Sfx_devilwake_1_Cue.Sfx_devilwake_1_Cue; 생성 명세 단계: 가시 연결(주효과)","2026-10-03 로컬 설치; 원본 objectpath: /Game/___LinkChainVFX/_GenericSource/SFX/Sfx_devilwake_1.Sfx_devilwake_1; 팩 루트: /Game/___LinkChainVFX; Fab: https://www.fab.com/listings/5e6daae7-7e14-467c-aa27-e9698b116b05; 원본 유지; 실제 재생·청취 사용자 확인 대기; 원본 길이: 2.5초; 원본 looping: False; 신규 스킬은 Niagara 내부 SFX 참조 사용; 별도 외부 sound 지정 없음"
"Interactive LinkChain VFX ( with SFX )","SoundWave","/Game/___LinkChainVFX/_GenericSource/SFX","sfx_Ball_thunder_s","/Game/___LinkChainVFX/NS/NS_Hit_Energy_Simple.NS_Hit_Energy_Simple","/Game/User_JeHoon/Blueprint/DataAsset/Skills/DrGame/___LinkChainVFX/DA_DrGame_LinkChainVFX_Link_Energy","AssetRegistry NS 오디오 의존; Niagara AudioPlayer SoundToPlay 바인딩 확인: /Game/___LinkChainVFX/NS/NS_Hit_Energy_Simple.NS_Hit_Energy_Simple; SoundCue→SoundWave 전이 참조: /Game/___LinkChainVFX/_GenericSource/SFX/sfx_Ball_thunder_s_Cue1.sfx_Ball_thunder_s_Cue1; 생성 명세 단계: 에너지 연결(피격)","2026-10-03 로컬 설치; 원본 objectpath: /Game/___LinkChainVFX/_GenericSource/SFX/sfx_Ball_thunder_s.sfx_Ball_thunder_s; 팩 루트: /Game/___LinkChainVFX; Fab: https://www.fab.com/listings/5e6daae7-7e14-467c-aa27-e9698b116b05; 원본 유지; 실제 재생·청취 사용자 확인 대기; 원본 길이: 1.4818366765975952초; 원본 looping: False; 신규 스킬은 Niagara 내부 SFX 참조 사용; 별도 외부 sound 지정 없음"
"Interactive LinkChain VFX ( with SFX )","SoundWave","/Game/___LinkChainVFX/_GenericSource/SFX","sfx_CritUp","/Game/___LinkChainVFX/NS/NS_Hit_Constant_Electric_Simple.NS_Hit_Constant_Electric_Simple | /Game/___LinkChainVFX/NS/NS_Hit_Constant_Energy_Simple.NS_Hit_Constant_Energy_Simple | /Game/___LinkChainVFX/NS/NS_Hit_Constant_Fire_Simple.NS_Hit_Constant_Fire_Simple | /Game/___LinkChainVFX/NS/NS_Hit_Constant_Magic_Simple.NS_Hit_Constant_Magic_Simple | /Game/___LinkChainVFX/NS/NS_Link_Electric.NS_Link_Electric | /Game/___LinkChainVFX/NS/NS_Link_Fire.NS_Link_Fire | /Game/___LinkChainVFX/NS/NS_Link_Magic.NS_Link_Magic","/Game/User_JeHoon/Blueprint/DataAsset/Skills/DrGame/___LinkChainVFX/DA_DrGame_LinkChainVFX_Link_Electric | /Game/User_JeHoon/Blueprint/DataAsset/Skills/DrGame/___LinkChainVFX/DA_DrGame_LinkChainVFX_Link_Fire | /Game/User_JeHoon/Blueprint/DataAsset/Skills/DrGame/___LinkChainVFX/DA_DrGame_LinkChainVFX_Link_Magic","AssetRegistry NS 오디오 의존; Niagara AudioPlayer SoundToPlay 바인딩 확인: /Game/___LinkChainVFX/NS/NS_Hit_Constant_Electric_Simple.NS_Hit_Constant_Electric_Simple | /Game/___LinkChainVFX/NS/NS_Hit_Constant_Energy_Simple.NS_Hit_Constant_Energy_Simple | /Game/___LinkChainVFX/NS/NS_Hit_Constant_Fire_Simple.NS_Hit_Constant_Fire_Simple | /Game/___LinkChainVFX/NS/NS_Hit_Constant_Magic_Simple.NS_Hit_Constant_Magic_Simple | /Game/___LinkChainVFX/NS/NS_Link_Electric.NS_Link_Electric | /Game/___LinkChainVFX/NS/NS_Link_Fire.NS_Link_Fire | /Game/___LinkChainVFX/NS/NS_Link_Magic.NS_Link_Magic; SoundCue→SoundWave 전이 참조: /Game/___LinkChainVFX/_GenericSource/SFX/sfx_fire_sun_Cue.sfx_fire_sun_Cue; 생성 명세 단계: 마력 연결(주효과) | 번개 연결(주효과) | 화염 연결(주효과)","2026-10-03 로컬 설치; 원본 objectpath: /Game/___LinkChainVFX/_GenericSource/SFX/sfx_CritUp.sfx_CritUp; 팩 루트: /Game/___LinkChainVFX; Fab: https://www.fab.com/listings/5e6daae7-7e14-467c-aa27-e9698b116b05; 원본 유지; 실제 재생·청취 사용자 확인 대기; 원본 길이: 3.6971874237060547초; 원본 looping: False; 신규 스킬은 Niagara 내부 SFX 참조 사용; 별도 외부 sound 지정 없음"
"Interactive LinkChain VFX ( with SFX )","SoundWave","/Game/___LinkChainVFX/_GenericSource/SFX","sfx_drone__moving","/Game/___LinkChainVFX/NS/NS_Link_Magic.NS_Link_Magic","/Game/User_JeHoon/Blueprint/DataAsset/Skills/DrGame/___LinkChainVFX/DA_DrGame_LinkChainVFX_Link_Magic","AssetRegistry NS 오디오 의존; Niagara AudioPlayer SoundToPlay 바인딩 확인: /Game/___LinkChainVFX/NS/NS_Link_Magic.NS_Link_Magic; SoundCue→SoundWave 전이 참조: /Game/___LinkChainVFX/_GenericSource/SFX/sfx_drone__moving_Cue.sfx_drone__moving_Cue; 생성 명세 단계: 마력 연결(주효과)","2026-10-03 로컬 설치; 원본 objectpath: /Game/___LinkChainVFX/_GenericSource/SFX/sfx_drone__moving.sfx_drone__moving; 팩 루트: /Game/___LinkChainVFX; Fab: https://www.fab.com/listings/5e6daae7-7e14-467c-aa27-e9698b116b05; 원본 유지; 실제 재생·청취 사용자 확인 대기; 원본 길이: 2.9775209426879883초; 원본 looping: False; 신규 스킬은 Niagara 내부 SFX 참조 사용; 별도 외부 sound 지정 없음"
"Level Up and Spawn VFX ( with SFX )","SoundCue","/Game/_LevelUpSpawn/_GenericSource/SFX","Sfx_Flame_splash_high_Cue","/Game/_LevelUpSpawn/NS/NS_Spawn_Ninja_Root.NS_Spawn_Ninja_Root","/Game/User_JeHoon/Blueprint/DataAsset/Skills/DrGame/_LevelUpSpawn/DA_DrGame_LevelUpSpawn_Spawn_Ninja_Root","AssetRegistry NS 오디오 의존; Niagara AudioPlayer SoundToPlay 바인딩 확인: /Game/_LevelUpSpawn/NS/NS_Spawn_Ninja_Root.NS_Spawn_Ninja_Root; 생성 명세 단계: 연막 수호(주효과)","2026-10-03 로컬 설치; 원본 objectpath: /Game/_LevelUpSpawn/_GenericSource/SFX/Sfx_Flame_splash_high_Cue.Sfx_Flame_splash_high_Cue; 팩 루트: /Game/_LevelUpSpawn; Fab: https://www.fab.com/listings/a77fc805-8e31-43ce-b613-17bd39ebf9cd; 원본 유지; 실제 재생·청취 사용자 확인 대기; 신규 스킬은 Niagara 내부 SFX 참조 사용; 별도 외부 sound 지정 없음"
"Level Up and Spawn VFX ( with SFX )","SoundCue","/Game/_LevelUpSpawn/_GenericSource/SFX","Sfx_Hit_Poison_Cue","/Game/_LevelUpSpawn/NS/NS_Spawn_Magic_Root.NS_Spawn_Magic_Root","/Game/User_JeHoon/Blueprint/DataAsset/Skills/DrGame/_LevelUpSpawn/DA_DrGame_LevelUpSpawn_Spawn_Magic_Root","AssetRegistry NS 오디오 의존; Niagara AudioPlayer SoundToPlay 바인딩 확인: /Game/_LevelUpSpawn/NS/NS_Spawn_Magic_Root.NS_Spawn_Magic_Root; 생성 명세 단계: 마력 수호(주효과)","2026-10-03 로컬 설치; 원본 objectpath: /Game/_LevelUpSpawn/_GenericSource/SFX/Sfx_Hit_Poison_Cue.Sfx_Hit_Poison_Cue; 팩 루트: /Game/_LevelUpSpawn; Fab: https://www.fab.com/listings/a77fc805-8e31-43ce-b613-17bd39ebf9cd; 원본 유지; 실제 재생·청취 사용자 확인 대기; 신규 스킬은 Niagara 내부 SFX 참조 사용; 별도 외부 sound 지정 없음"
"Level Up and Spawn VFX ( with SFX )","SoundCue","/Game/_LevelUpSpawn/_GenericSource/SFX","Sfx_RockBorn_Cue","/Game/_LevelUpSpawn/NS/NS_Spawn_Ground_Root.NS_Spawn_Ground_Root","/Game/User_JeHoon/Blueprint/DataAsset/Skills/DrGame/_LevelUpSpawn/DA_DrGame_LevelUpSpawn_Spawn_Ground_Root","AssetRegistry NS 오디오 의존; Niagara AudioPlayer SoundToPlay 바인딩 확인: /Game/_LevelUpSpawn/NS/NS_Spawn_Ground_Root.NS_Spawn_Ground_Root; 생성 명세 단계: 대지 수호(주효과)","2026-10-03 로컬 설치; 원본 objectpath: /Game/_LevelUpSpawn/_GenericSource/SFX/Sfx_RockBorn_Cue.Sfx_RockBorn_Cue; 팩 루트: /Game/_LevelUpSpawn; Fab: https://www.fab.com/listings/a77fc805-8e31-43ce-b613-17bd39ebf9cd; 원본 유지; 실제 재생·청취 사용자 확인 대기; 신규 스킬은 Niagara 내부 SFX 참조 사용; 별도 외부 sound 지정 없음"
"Level Up and Spawn VFX ( with SFX )","SoundCue","/Game/_LevelUpSpawn/_GenericSource/SFX","Sfx_Shoot_CrystalArrow_Cue00","/Game/_LevelUpSpawn/NS/NS_LevelUp_Twist_Root.NS_LevelUp_Twist_Root","/Game/User_JeHoon/Blueprint/DataAsset/Skills/DrGame/_LevelUpSpawn/DA_DrGame_LevelUpSpawn_LevelUp_Twist_Root","AssetRegistry NS 오디오 의존; Niagara AudioPlayer SoundToPlay 바인딩 확인: /Game/_LevelUpSpawn/NS/NS_LevelUp_Twist_Root.NS_LevelUp_Twist_Root; 생성 명세 단계: 회복의 소용돌이(주효과)","2026-10-03 로컬 설치; 원본 objectpath: /Game/_LevelUpSpawn/_GenericSource/SFX/Sfx_Shoot_CrystalArrow_Cue00.Sfx_Shoot_CrystalArrow_Cue00; 팩 루트: /Game/_LevelUpSpawn; Fab: https://www.fab.com/listings/a77fc805-8e31-43ce-b613-17bd39ebf9cd; 원본 유지; 실제 재생·청취 사용자 확인 대기; 신규 스킬은 Niagara 내부 SFX 참조 사용; 별도 외부 sound 지정 없음"
"Level Up and Spawn VFX ( with SFX )","SoundCue","/Game/_LevelUpSpawn/_GenericSource/SFX","Sfx_Weapon_Staff_Cue_slow","","","원본 제공 오디오; NS 오디오 참조·신규 독립 스킬 연결 없음","2026-10-03 로컬 설치; 원본 objectpath: /Game/_LevelUpSpawn/_GenericSource/SFX/Sfx_Weapon_Staff_Cue_slow.Sfx_Weapon_Staff_Cue_slow; 팩 루트: /Game/_LevelUpSpawn; Fab: https://www.fab.com/listings/a77fc805-8e31-43ce-b613-17bd39ebf9cd; 원본 유지; 실제 재생·청취 사용자 확인 대기"
"Level Up and Spawn VFX ( with SFX )","SoundCue","/Game/_LevelUpSpawn/_GenericSource/SFX","sfx_Charge_Intake2_Cue","/Game/_LevelUpSpawn/NS/NS_Spawn_Up_Root.NS_Spawn_Up_Root","/Game/User_JeHoon/Blueprint/DataAsset/Skills/DrGame/_LevelUpSpawn/DA_DrGame_LevelUpSpawn_Spawn_Up_Root","AssetRegistry NS 오디오 의존; Niagara AudioPlayer SoundToPlay 바인딩 확인: /Game/_LevelUpSpawn/NS/NS_Spawn_Up_Root.NS_Spawn_Up_Root; 생성 명세 단계: 상승 수호(주효과)","2026-10-03 로컬 설치; 원본 objectpath: /Game/_LevelUpSpawn/_GenericSource/SFX/sfx_Charge_Intake2_Cue.sfx_Charge_Intake2_Cue; 팩 루트: /Game/_LevelUpSpawn; Fab: https://www.fab.com/listings/a77fc805-8e31-43ce-b613-17bd39ebf9cd; 원본 유지; 실제 재생·청취 사용자 확인 대기; 신규 스킬은 Niagara 내부 SFX 참조 사용; 별도 외부 sound 지정 없음"
"Level Up and Spawn VFX ( with SFX )","SoundCue","/Game/_LevelUpSpawn/_GenericSource/SFX","sfx_DefUP_Cue","","","원본 제공 오디오; NS 오디오 참조·신규 독립 스킬 연결 없음","2026-10-03 로컬 설치; 원본 objectpath: /Game/_LevelUpSpawn/_GenericSource/SFX/sfx_DefUP_Cue.sfx_DefUP_Cue; 팩 루트: /Game/_LevelUpSpawn; Fab: https://www.fab.com/listings/a77fc805-8e31-43ce-b613-17bd39ebf9cd; 원본 유지; 실제 재생·청취 사용자 확인 대기"
"Level Up and Spawn VFX ( with SFX )","SoundCue","/Game/_LevelUpSpawn/_GenericSource/SFX","sfx_MpUp_Cue1","/Game/_LevelUpSpawn/NS/NS_LevelUp_Ascend_Root.NS_LevelUp_Ascend_Root","/Game/User_JeHoon/Blueprint/DataAsset/Skills/DrGame/_LevelUpSpawn/DA_DrGame_LevelUpSpawn_LevelUp_Ascend_Root","AssetRegistry NS 오디오 의존; Niagara AudioPlayer SoundToPlay 바인딩 확인: /Game/_LevelUpSpawn/NS/NS_LevelUp_Ascend_Root.NS_LevelUp_Ascend_Root; 생성 명세 단계: 상승의 치유(주효과)","2026-10-03 로컬 설치; 원본 objectpath: /Game/_LevelUpSpawn/_GenericSource/SFX/sfx_MpUp_Cue1.sfx_MpUp_Cue1; 팩 루트: /Game/_LevelUpSpawn; Fab: https://www.fab.com/listings/a77fc805-8e31-43ce-b613-17bd39ebf9cd; 원본 유지; 실제 재생·청취 사용자 확인 대기; 신규 스킬은 Niagara 내부 SFX 참조 사용; 별도 외부 sound 지정 없음"
"Level Up and Spawn VFX ( with SFX )","SoundCue","/Game/_LevelUpSpawn/_GenericSource/SFX","sfx__loadout_Cue","/Game/_LevelUpSpawn/NS/NS_LevelUp_Descend_Root.NS_LevelUp_Descend_Root","/Game/User_JeHoon/Blueprint/DataAsset/Skills/DrGame/_LevelUpSpawn/DA_DrGame_LevelUpSpawn_LevelUp_Descend_Root","AssetRegistry NS 오디오 의존; Niagara AudioPlayer SoundToPlay 바인딩 확인: /Game/_LevelUpSpawn/NS/NS_LevelUp_Descend_Root.NS_LevelUp_Descend_Root; 생성 명세 단계: 내림의 치유(주효과)","2026-10-03 로컬 설치; 원본 objectpath: /Game/_LevelUpSpawn/_GenericSource/SFX/sfx__loadout_Cue.sfx__loadout_Cue; 팩 루트: /Game/_LevelUpSpawn; Fab: https://www.fab.com/listings/a77fc805-8e31-43ce-b613-17bd39ebf9cd; 원본 유지; 실제 재생·청취 사용자 확인 대기; 신규 스킬은 Niagara 내부 SFX 참조 사용; 별도 외부 sound 지정 없음"
"Level Up and Spawn VFX ( with SFX )","SoundCue","/Game/_LevelUpSpawn/_GenericSource/SFX","sfx_hack_end_Cue","/Game/_LevelUpSpawn/NS/NS_Spawn_Teleport_Root.NS_Spawn_Teleport_Root","/Game/User_JeHoon/Blueprint/DataAsset/Skills/DrGame/_LevelUpSpawn/DA_DrGame_LevelUpSpawn_Spawn_Teleport_Root","AssetRegistry NS 오디오 의존; Niagara AudioPlayer SoundToPlay 바인딩 확인: /Game/_LevelUpSpawn/NS/NS_Spawn_Teleport_Root.NS_Spawn_Teleport_Root; 생성 명세 단계: 차원 수호(주효과)","2026-10-03 로컬 설치; 원본 objectpath: /Game/_LevelUpSpawn/_GenericSource/SFX/sfx_hack_end_Cue.sfx_hack_end_Cue; 팩 루트: /Game/_LevelUpSpawn; Fab: https://www.fab.com/listings/a77fc805-8e31-43ce-b613-17bd39ebf9cd; 원본 유지; 실제 재생·청취 사용자 확인 대기; 신규 스킬은 Niagara 내부 SFX 참조 사용; 별도 외부 sound 지정 없음"
"Level Up and Spawn VFX ( with SFX )","SoundCue","/Game/_LevelUpSpawn/_GenericSource/SFX","sfx_resurrect_Cue_fast","/Game/_LevelUpSpawn/NS/NS_LevelUp_Burst_Pivot.NS_LevelUp_Burst_Pivot","/Game/User_JeHoon/Blueprint/DataAsset/Skills/DrGame/_LevelUpSpawn/DA_DrGame_LevelUpSpawn_LevelUp_Burst_Pivot","AssetRegistry NS 오디오 의존; Niagara AudioPlayer SoundToPlay 바인딩 확인: /Game/_LevelUpSpawn/NS/NS_LevelUp_Burst_Pivot.NS_LevelUp_Burst_Pivot; 생성 명세 단계: 생명의 섬광(주효과)","2026-10-03 로컬 설치; 원본 objectpath: /Game/_LevelUpSpawn/_GenericSource/SFX/sfx_resurrect_Cue_fast.sfx_resurrect_Cue_fast; 팩 루트: /Game/_LevelUpSpawn; Fab: https://www.fab.com/listings/a77fc805-8e31-43ce-b613-17bd39ebf9cd; 원본 유지; 실제 재생·청취 사용자 확인 대기; 신규 스킬은 Niagara 내부 SFX 참조 사용; 별도 외부 sound 지정 없음"
"Level Up and Spawn VFX ( with SFX )","SoundCue","/Game/_LevelUpSpawn/_GenericSource/SFX","sfx_star2_Cue_1_5","","","원본 제공 오디오; NS 오디오 참조·신규 독립 스킬 연결 없음","2026-10-03 로컬 설치; 원본 objectpath: /Game/_LevelUpSpawn/_GenericSource/SFX/sfx_star2_Cue_1_5.sfx_star2_Cue_1_5; 팩 루트: /Game/_LevelUpSpawn; Fab: https://www.fab.com/listings/a77fc805-8e31-43ce-b613-17bd39ebf9cd; 원본 유지; 실제 재생·청취 사용자 확인 대기"
"Level Up and Spawn VFX ( with SFX )","SoundWave","/Game/_LevelUpSpawn/_GenericSource/SFX","Sfx_Flame_splash_high","/Game/_LevelUpSpawn/NS/NS_Spawn_Ninja_Root.NS_Spawn_Ninja_Root","/Game/User_JeHoon/Blueprint/DataAsset/Skills/DrGame/_LevelUpSpawn/DA_DrGame_LevelUpSpawn_Spawn_Ninja_Root","AssetRegistry NS 오디오 의존; Niagara AudioPlayer SoundToPlay 바인딩 확인: /Game/_LevelUpSpawn/NS/NS_Spawn_Ninja_Root.NS_Spawn_Ninja_Root; SoundCue→SoundWave 전이 참조: /Game/_LevelUpSpawn/_GenericSource/SFX/Sfx_Flame_splash_high_Cue.Sfx_Flame_splash_high_Cue; 생성 명세 단계: 연막 수호(주효과)","2026-10-03 로컬 설치; 원본 objectpath: /Game/_LevelUpSpawn/_GenericSource/SFX/Sfx_Flame_splash_high.Sfx_Flame_splash_high; 팩 루트: /Game/_LevelUpSpawn; Fab: https://www.fab.com/listings/a77fc805-8e31-43ce-b613-17bd39ebf9cd; 원본 유지; 실제 재생·청취 사용자 확인 대기; 원본 길이: 2.399083375930786초; 원본 looping: False; 신규 스킬은 Niagara 내부 SFX 참조 사용; 별도 외부 sound 지정 없음"
"Level Up and Spawn VFX ( with SFX )","SoundWave","/Game/_LevelUpSpawn/_GenericSource/SFX","Sfx_Hit_Poison","/Game/_LevelUpSpawn/NS/NS_Spawn_Magic_Root.NS_Spawn_Magic_Root","/Game/User_JeHoon/Blueprint/DataAsset/Skills/DrGame/_LevelUpSpawn/DA_DrGame_LevelUpSpawn_Spawn_Magic_Root","AssetRegistry NS 오디오 의존; Niagara AudioPlayer SoundToPlay 바인딩 확인: /Game/_LevelUpSpawn/NS/NS_Spawn_Magic_Root.NS_Spawn_Magic_Root; SoundCue→SoundWave 전이 참조: /Game/_LevelUpSpawn/_GenericSource/SFX/Sfx_Hit_Poison_Cue.Sfx_Hit_Poison_Cue; 생성 명세 단계: 마력 수호(주효과)","2026-10-03 로컬 설치; 원본 objectpath: /Game/_LevelUpSpawn/_GenericSource/SFX/Sfx_Hit_Poison.Sfx_Hit_Poison; 팩 루트: /Game/_LevelUpSpawn; Fab: https://www.fab.com/listings/a77fc805-8e31-43ce-b613-17bd39ebf9cd; 원본 유지; 실제 재생·청취 사용자 확인 대기; 원본 길이: 2.1430838108062744초; 원본 looping: False; 신규 스킬은 Niagara 내부 SFX 참조 사용; 별도 외부 sound 지정 없음"
"Level Up and Spawn VFX ( with SFX )","SoundWave","/Game/_LevelUpSpawn/_GenericSource/SFX","Sfx_RockBorn","/Game/_LevelUpSpawn/NS/NS_Spawn_Ground_Root.NS_Spawn_Ground_Root","/Game/User_JeHoon/Blueprint/DataAsset/Skills/DrGame/_LevelUpSpawn/DA_DrGame_LevelUpSpawn_Spawn_Ground_Root","AssetRegistry NS 오디오 의존; Niagara AudioPlayer SoundToPlay 바인딩 확인: /Game/_LevelUpSpawn/NS/NS_Spawn_Ground_Root.NS_Spawn_Ground_Root; SoundCue→SoundWave 전이 참조: /Game/_LevelUpSpawn/_GenericSource/SFX/Sfx_RockBorn_Cue.Sfx_RockBorn_Cue; 생성 명세 단계: 대지 수호(주효과)","2026-10-03 로컬 설치; 원본 objectpath: /Game/_LevelUpSpawn/_GenericSource/SFX/Sfx_RockBorn.Sfx_RockBorn; 팩 루트: /Game/_LevelUpSpawn; Fab: https://www.fab.com/listings/a77fc805-8e31-43ce-b613-17bd39ebf9cd; 원본 유지; 실제 재생·청취 사용자 확인 대기; 원본 길이: 7.7117085456848145초; 원본 looping: False; 신규 스킬은 Niagara 내부 SFX 참조 사용; 별도 외부 sound 지정 없음"
"Level Up and Spawn VFX ( with SFX )","SoundWave","/Game/_LevelUpSpawn/_GenericSource/SFX","Sfx_Shoot_BigFire","","","원본 제공 오디오; NS 오디오 참조·신규 독립 스킬 연결 없음","2026-10-03 로컬 설치; 원본 objectpath: /Game/_LevelUpSpawn/_GenericSource/SFX/Sfx_Shoot_BigFire.Sfx_Shoot_BigFire; 팩 루트: /Game/_LevelUpSpawn; Fab: https://www.fab.com/listings/a77fc805-8e31-43ce-b613-17bd39ebf9cd; 원본 유지; 실제 재생·청취 사용자 확인 대기; 원본 길이: 1.9130208492279053초; 원본 looping: False"
"Level Up and Spawn VFX ( with SFX )","SoundWave","/Game/_LevelUpSpawn/_GenericSource/SFX","Sfx_Shoot_CrystalArrow","/Game/_LevelUpSpawn/NS/NS_LevelUp_Lift_root.NS_LevelUp_Lift_root | /Game/_LevelUpSpawn/NS/NS_LevelUp_Twist_Root.NS_LevelUp_Twist_Root","/Game/User_JeHoon/Blueprint/DataAsset/Skills/DrGame/_LevelUpSpawn/DA_DrGame_LevelUpSpawn_LevelUp_Lift_root | /Game/User_JeHoon/Blueprint/DataAsset/Skills/DrGame/_LevelUpSpawn/DA_DrGame_LevelUpSpawn_LevelUp_Twist_Root","AssetRegistry NS 오디오 의존; Niagara AudioPlayer SoundToPlay 바인딩 확인: /Game/_LevelUpSpawn/NS/NS_LevelUp_Lift_root.NS_LevelUp_Lift_root | /Game/_LevelUpSpawn/NS/NS_LevelUp_Twist_Root.NS_LevelUp_Twist_Root; SoundCue→SoundWave 전이 참조: /Game/_LevelUpSpawn/_GenericSource/SFX/Sfx_Shoot_CrystalArrow_Cue00.Sfx_Shoot_CrystalArrow_Cue00; 생성 명세 단계: 회복의 기둥(주효과) | 회복의 소용돌이(주효과)","2026-10-03 로컬 설치; 원본 objectpath: /Game/_LevelUpSpawn/_GenericSource/SFX/Sfx_Shoot_CrystalArrow.Sfx_Shoot_CrystalArrow; 팩 루트: /Game/_LevelUpSpawn; Fab: https://www.fab.com/listings/a77fc805-8e31-43ce-b613-17bd39ebf9cd; 원본 유지; 실제 재생·청취 사용자 확인 대기; 원본 길이: 2.5632879734039307초; 원본 looping: False; 신규 스킬은 Niagara 내부 SFX 참조 사용; 별도 외부 sound 지정 없음"
"Level Up and Spawn VFX ( with SFX )","SoundWave","/Game/_LevelUpSpawn/_GenericSource/SFX","Sfx_Weapon_Staff","","","원본 제공 오디오; NS 오디오 참조·신규 독립 스킬 연결 없음","2026-10-03 로컬 설치; 원본 objectpath: /Game/_LevelUpSpawn/_GenericSource/SFX/Sfx_Weapon_Staff.Sfx_Weapon_Staff; 팩 루트: /Game/_LevelUpSpawn; Fab: https://www.fab.com/listings/a77fc805-8e31-43ce-b613-17bd39ebf9cd; 원본 유지; 실제 재생·청취 사용자 확인 대기; 원본 길이: 1.26664400100708초; 원본 looping: False"
"Level Up and Spawn VFX ( with SFX )","SoundWave","/Game/_LevelUpSpawn/_GenericSource/SFX","Sfx_Weapon_Wand","/Game/_LevelUpSpawn/NS/NS_Spawn_Down_Root.NS_Spawn_Down_Root","/Game/User_JeHoon/Blueprint/DataAsset/Skills/DrGame/_LevelUpSpawn/DA_DrGame_LevelUpSpawn_Spawn_Down_Root","AssetRegistry NS 오디오 의존; Niagara AudioPlayer SoundToPlay 바인딩 확인: /Game/_LevelUpSpawn/NS/NS_Spawn_Down_Root.NS_Spawn_Down_Root; SoundCue→SoundWave 전이 참조: NS 직접 SoundWave 참조; 생성 명세 단계: 낙하 수호(주효과)","2026-10-03 로컬 설치; 원본 objectpath: /Game/_LevelUpSpawn/_GenericSource/SFX/Sfx_Weapon_Wand.Sfx_Weapon_Wand; 팩 루트: /Game/_LevelUpSpawn; Fab: https://www.fab.com/listings/a77fc805-8e31-43ce-b613-17bd39ebf9cd; 원본 유지; 실제 재생·청취 사용자 확인 대기; 원본 길이: 2.0971457958221436초; 원본 looping: False; 신규 스킬은 Niagara 내부 SFX 참조 사용; 별도 외부 sound 지정 없음"
"Level Up and Spawn VFX ( with SFX )","SoundWave","/Game/_LevelUpSpawn/_GenericSource/SFX","sfx_Charge_Intake2","/Game/_LevelUpSpawn/NS/NS_Spawn_Up_Root.NS_Spawn_Up_Root","/Game/User_JeHoon/Blueprint/DataAsset/Skills/DrGame/_LevelUpSpawn/DA_DrGame_LevelUpSpawn_Spawn_Up_Root","AssetRegistry NS 오디오 의존; Niagara AudioPlayer SoundToPlay 바인딩 확인: /Game/_LevelUpSpawn/NS/NS_Spawn_Up_Root.NS_Spawn_Up_Root; SoundCue→SoundWave 전이 참조: /Game/_LevelUpSpawn/_GenericSource/SFX/sfx_Charge_Intake2_Cue.sfx_Charge_Intake2_Cue; 생성 명세 단계: 상승 수호(주효과)","2026-10-03 로컬 설치; 원본 objectpath: /Game/_LevelUpSpawn/_GenericSource/SFX/sfx_Charge_Intake2.sfx_Charge_Intake2; 팩 루트: /Game/_LevelUpSpawn; Fab: https://www.fab.com/listings/a77fc805-8e31-43ce-b613-17bd39ebf9cd; 원본 유지; 실제 재생·청취 사용자 확인 대기; 원본 길이: 1.5723356008529663초; 원본 looping: False; 신규 스킬은 Niagara 내부 SFX 참조 사용; 별도 외부 sound 지정 없음"
"Level Up and Spawn VFX ( with SFX )","SoundWave","/Game/_LevelUpSpawn/_GenericSource/SFX","sfx_DefUP","","","원본 제공 오디오; NS 오디오 참조·신규 독립 스킬 연결 없음","2026-10-03 로컬 설치; 원본 objectpath: /Game/_LevelUpSpawn/_GenericSource/SFX/sfx_DefUP.sfx_DefUP; 팩 루트: /Game/_LevelUpSpawn; Fab: https://www.fab.com/listings/a77fc805-8e31-43ce-b613-17bd39ebf9cd; 원본 유지; 실제 재생·청취 사용자 확인 대기; 원본 길이: 2.1241042613983154초; 원본 looping: False"
"Level Up and Spawn VFX ( with SFX )","SoundWave","/Game/_LevelUpSpawn/_GenericSource/SFX","sfx_JetPack","","","원본 제공 오디오; NS 오디오 참조·신규 독립 스킬 연결 없음","2026-10-03 로컬 설치; 원본 objectpath: /Game/_LevelUpSpawn/_GenericSource/SFX/sfx_JetPack.sfx_JetPack; 팩 루트: /Game/_LevelUpSpawn; Fab: https://www.fab.com/listings/a77fc805-8e31-43ce-b613-17bd39ebf9cd; 원본 유지; 실제 재생·청취 사용자 확인 대기; 원본 길이: 1.018571376800537초; 원본 looping: False"
"Level Up and Spawn VFX ( with SFX )","SoundWave","/Game/_LevelUpSpawn/_GenericSource/SFX","sfx_MagicUp","/Game/_LevelUpSpawn/NS/NS_Spawn_Teleport_Root.NS_Spawn_Teleport_Root","/Game/User_JeHoon/Blueprint/DataAsset/Skills/DrGame/_LevelUpSpawn/DA_DrGame_LevelUpSpawn_Spawn_Teleport_Root","AssetRegistry NS 오디오 의존; Niagara AudioPlayer SoundToPlay 바인딩 확인: /Game/_LevelUpSpawn/NS/NS_Spawn_Teleport_Root.NS_Spawn_Teleport_Root; SoundCue→SoundWave 전이 참조: NS 직접 SoundWave 참조; 생성 명세 단계: 차원 수호(주효과)","2026-10-03 로컬 설치; 원본 objectpath: /Game/_LevelUpSpawn/_GenericSource/SFX/sfx_MagicUp.sfx_MagicUp; 팩 루트: /Game/_LevelUpSpawn; Fab: https://www.fab.com/listings/a77fc805-8e31-43ce-b613-17bd39ebf9cd; 원본 유지; 실제 재생·청취 사용자 확인 대기; 원본 길이: 2.0초; 원본 looping: False; 신규 스킬은 Niagara 내부 SFX 참조 사용; 별도 외부 sound 지정 없음"
"Level Up and Spawn VFX ( with SFX )","SoundWave","/Game/_LevelUpSpawn/_GenericSource/SFX","sfx_MpUp","/Game/_LevelUpSpawn/NS/NS_LevelUp_Ascend_Root.NS_LevelUp_Ascend_Root","/Game/User_JeHoon/Blueprint/DataAsset/Skills/DrGame/_LevelUpSpawn/DA_DrGame_LevelUpSpawn_LevelUp_Ascend_Root","AssetRegistry NS 오디오 의존; Niagara AudioPlayer SoundToPlay 바인딩 확인: /Game/_LevelUpSpawn/NS/NS_LevelUp_Ascend_Root.NS_LevelUp_Ascend_Root; SoundCue→SoundWave 전이 참조: /Game/_LevelUpSpawn/_GenericSource/SFX/sfx_MpUp_Cue1.sfx_MpUp_Cue1; 생성 명세 단계: 상승의 치유(주효과)","2026-10-03 로컬 설치; 원본 objectpath: /Game/_LevelUpSpawn/_GenericSource/SFX/sfx_MpUp.sfx_MpUp; 팩 루트: /Game/_LevelUpSpawn; Fab: https://www.fab.com/listings/a77fc805-8e31-43ce-b613-17bd39ebf9cd; 원본 유지; 실제 재생·청취 사용자 확인 대기; 원본 길이: 2.2395238876342773초; 원본 looping: False; 신규 스킬은 Niagara 내부 SFX 참조 사용; 별도 외부 sound 지정 없음"
"Level Up and Spawn VFX ( with SFX )","SoundWave","/Game/_LevelUpSpawn/_GenericSource/SFX","sfx_SpiritUp","/Game/_LevelUpSpawn/NS/NS_LevelUp_Lift_root.NS_LevelUp_Lift_root","/Game/User_JeHoon/Blueprint/DataAsset/Skills/DrGame/_LevelUpSpawn/DA_DrGame_LevelUpSpawn_LevelUp_Lift_root","AssetRegistry NS 오디오 의존; Niagara AudioPlayer SoundToPlay 바인딩 확인: /Game/_LevelUpSpawn/NS/NS_LevelUp_Lift_root.NS_LevelUp_Lift_root; SoundCue→SoundWave 전이 참조: NS 직접 SoundWave 참조; 생성 명세 단계: 회복의 기둥(주효과)","2026-10-03 로컬 설치; 원본 objectpath: /Game/_LevelUpSpawn/_GenericSource/SFX/sfx_SpiritUp.sfx_SpiritUp; 팩 루트: /Game/_LevelUpSpawn; Fab: https://www.fab.com/listings/a77fc805-8e31-43ce-b613-17bd39ebf9cd; 원본 유지; 실제 재생·청취 사용자 확인 대기; 원본 길이: 2.1538541316986084초; 원본 looping: False; 신규 스킬은 Niagara 내부 SFX 참조 사용; 별도 외부 sound 지정 없음"
"Level Up and Spawn VFX ( with SFX )","SoundWave","/Game/_LevelUpSpawn/_GenericSource/SFX","sfx__loadout","/Game/_LevelUpSpawn/NS/NS_LevelUp_Descend_Root.NS_LevelUp_Descend_Root","/Game/User_JeHoon/Blueprint/DataAsset/Skills/DrGame/_LevelUpSpawn/DA_DrGame_LevelUpSpawn_LevelUp_Descend_Root","AssetRegistry NS 오디오 의존; Niagara AudioPlayer SoundToPlay 바인딩 확인: /Game/_LevelUpSpawn/NS/NS_LevelUp_Descend_Root.NS_LevelUp_Descend_Root; SoundCue→SoundWave 전이 참조: /Game/_LevelUpSpawn/_GenericSource/SFX/sfx__loadout_Cue.sfx__loadout_Cue; 생성 명세 단계: 내림의 치유(주효과)","2026-10-03 로컬 설치; 원본 objectpath: /Game/_LevelUpSpawn/_GenericSource/SFX/sfx__loadout.sfx__loadout; 팩 루트: /Game/_LevelUpSpawn; Fab: https://www.fab.com/listings/a77fc805-8e31-43ce-b613-17bd39ebf9cd; 원본 유지; 실제 재생·청취 사용자 확인 대기; 원본 길이: 1.600000023841858초; 원본 looping: False; 신규 스킬은 Niagara 내부 SFX 참조 사용; 별도 외부 sound 지정 없음"
"Level Up and Spawn VFX ( with SFX )","SoundWave","/Game/_LevelUpSpawn/_GenericSource/SFX","sfx_antidote","","","원본 제공 오디오; NS 오디오 참조·신규 독립 스킬 연결 없음","2026-10-03 로컬 설치; 원본 objectpath: /Game/_LevelUpSpawn/_GenericSource/SFX/sfx_antidote.sfx_antidote; 팩 루트: /Game/_LevelUpSpawn; Fab: https://www.fab.com/listings/a77fc805-8e31-43ce-b613-17bd39ebf9cd; 원본 유지; 실제 재생·청취 사용자 확인 대기; 원본 길이: 2.5초; 원본 looping: False"
"Level Up and Spawn VFX ( with SFX )","SoundWave","/Game/_LevelUpSpawn/_GenericSource/SFX","sfx_drone_ambient","/Game/_LevelUpSpawn/NS/NS_LevelUp_Twist_Root.NS_LevelUp_Twist_Root","/Game/User_JeHoon/Blueprint/DataAsset/Skills/DrGame/_LevelUpSpawn/DA_DrGame_LevelUpSpawn_LevelUp_Twist_Root","AssetRegistry NS 오디오 의존; Niagara AudioPlayer SoundToPlay 바인딩 확인: /Game/_LevelUpSpawn/NS/NS_LevelUp_Twist_Root.NS_LevelUp_Twist_Root; SoundCue→SoundWave 전이 참조: NS 직접 SoundWave 참조; 생성 명세 단계: 회복의 소용돌이(주효과)","2026-10-03 로컬 설치; 원본 objectpath: /Game/_LevelUpSpawn/_GenericSource/SFX/sfx_drone_ambient.sfx_drone_ambient; 팩 루트: /Game/_LevelUpSpawn; Fab: https://www.fab.com/listings/a77fc805-8e31-43ce-b613-17bd39ebf9cd; 원본 유지; 실제 재생·청취 사용자 확인 대기; 원본 길이: 6.460453510284424초; 원본 looping: True; 신규 스킬은 Niagara 내부 SFX 참조 사용; 별도 외부 sound 지정 없음"
"Level Up and Spawn VFX ( with SFX )","SoundWave","/Game/_LevelUpSpawn/_GenericSource/SFX","sfx_hack_end","/Game/_LevelUpSpawn/NS/NS_Spawn_Teleport_Root.NS_Spawn_Teleport_Root","/Game/User_JeHoon/Blueprint/DataAsset/Skills/DrGame/_LevelUpSpawn/DA_DrGame_LevelUpSpawn_Spawn_Teleport_Root","AssetRegistry NS 오디오 의존; Niagara AudioPlayer SoundToPlay 바인딩 확인: /Game/_LevelUpSpawn/NS/NS_Spawn_Teleport_Root.NS_Spawn_Teleport_Root; SoundCue→SoundWave 전이 참조: /Game/_LevelUpSpawn/_GenericSource/SFX/sfx_hack_end_Cue.sfx_hack_end_Cue; 생성 명세 단계: 차원 수호(주효과)","2026-10-03 로컬 설치; 원본 objectpath: /Game/_LevelUpSpawn/_GenericSource/SFX/sfx_hack_end.sfx_hack_end; 팩 루트: /Game/_LevelUpSpawn; Fab: https://www.fab.com/listings/a77fc805-8e31-43ce-b613-17bd39ebf9cd; 원본 유지; 실제 재생·청취 사용자 확인 대기; 원본 길이: 5.062494277954102초; 원본 looping: False; 신규 스킬은 Niagara 내부 SFX 참조 사용; 별도 외부 sound 지정 없음"
"Level Up and Spawn VFX ( with SFX )","SoundWave","/Game/_LevelUpSpawn/_GenericSource/SFX","sfx_main_button1","","","원본 제공 오디오; NS 오디오 참조·신규 독립 스킬 연결 없음","2026-10-03 로컬 설치; 원본 objectpath: /Game/_LevelUpSpawn/_GenericSource/SFX/sfx_main_button1.sfx_main_button1; 팩 루트: /Game/_LevelUpSpawn; Fab: https://www.fab.com/listings/a77fc805-8e31-43ce-b613-17bd39ebf9cd; 원본 유지; 실제 재생·청취 사용자 확인 대기; 원본 길이: 4.0초; 원본 looping: False"
"Level Up and Spawn VFX ( with SFX )","SoundWave","/Game/_LevelUpSpawn/_GenericSource/SFX","sfx_mindblast","","","원본 제공 오디오; NS 오디오 참조·신규 독립 스킬 연결 없음","2026-10-03 로컬 설치; 원본 objectpath: /Game/_LevelUpSpawn/_GenericSource/SFX/sfx_mindblast.sfx_mindblast; 팩 루트: /Game/_LevelUpSpawn; Fab: https://www.fab.com/listings/a77fc805-8e31-43ce-b613-17bd39ebf9cd; 원본 유지; 실제 재생·청취 사용자 확인 대기; 원본 길이: 3.4125170707702637초; 원본 looping: False"
"Level Up and Spawn VFX ( with SFX )","SoundWave","/Game/_LevelUpSpawn/_GenericSource/SFX","sfx_resurrect","/Game/_LevelUpSpawn/NS/NS_LevelUp_Burst_Pivot.NS_LevelUp_Burst_Pivot","/Game/User_JeHoon/Blueprint/DataAsset/Skills/DrGame/_LevelUpSpawn/DA_DrGame_LevelUpSpawn_LevelUp_Burst_Pivot","AssetRegistry NS 오디오 의존; Niagara AudioPlayer SoundToPlay 바인딩 확인: /Game/_LevelUpSpawn/NS/NS_LevelUp_Burst_Pivot.NS_LevelUp_Burst_Pivot; SoundCue→SoundWave 전이 참조: /Game/_LevelUpSpawn/_GenericSource/SFX/sfx_resurrect_Cue_fast.sfx_resurrect_Cue_fast; 생성 명세 단계: 생명의 섬광(주효과)","2026-10-03 로컬 설치; 원본 objectpath: /Game/_LevelUpSpawn/_GenericSource/SFX/sfx_resurrect.sfx_resurrect; 팩 루트: /Game/_LevelUpSpawn; Fab: https://www.fab.com/listings/a77fc805-8e31-43ce-b613-17bd39ebf9cd; 원본 유지; 실제 재생·청취 사용자 확인 대기; 원본 길이: 3.570645809173584초; 원본 looping: False; 신규 스킬은 Niagara 내부 SFX 참조 사용; 별도 외부 sound 지정 없음"
"Level Up and Spawn VFX ( with SFX )","SoundWave","/Game/_LevelUpSpawn/_GenericSource/SFX","sfx_speedUp","/Game/_LevelUpSpawn/NS/NS_LevelUp_Twist_Root.NS_LevelUp_Twist_Root","/Game/User_JeHoon/Blueprint/DataAsset/Skills/DrGame/_LevelUpSpawn/DA_DrGame_LevelUpSpawn_LevelUp_Twist_Root","AssetRegistry NS 오디오 의존; Niagara AudioPlayer SoundToPlay 바인딩 확인: /Game/_LevelUpSpawn/NS/NS_LevelUp_Twist_Root.NS_LevelUp_Twist_Root; SoundCue→SoundWave 전이 참조: NS 직접 SoundWave 참조; 생성 명세 단계: 회복의 소용돌이(주효과)","2026-10-03 로컬 설치; 원본 objectpath: /Game/_LevelUpSpawn/_GenericSource/SFX/sfx_speedUp.sfx_speedUp; 팩 루트: /Game/_LevelUpSpawn; Fab: https://www.fab.com/listings/a77fc805-8e31-43ce-b613-17bd39ebf9cd; 원본 유지; 실제 재생·청취 사용자 확인 대기; 원본 길이: 1.9155101776123047초; 원본 looping: False; 신규 스킬은 Niagara 내부 SFX 참조 사용; 별도 외부 sound 지정 없음"
"Level Up and Spawn VFX ( with SFX )","SoundWave","/Game/_LevelUpSpawn/_GenericSource/SFX","sfx_star2","/Game/_LevelUpSpawn/NS/NS_Spawn_Up_Root.NS_Spawn_Up_Root","/Game/User_JeHoon/Blueprint/DataAsset/Skills/DrGame/_LevelUpSpawn/DA_DrGame_LevelUpSpawn_Spawn_Up_Root","AssetRegistry NS 오디오 의존; Niagara AudioPlayer SoundToPlay 바인딩 확인: /Game/_LevelUpSpawn/NS/NS_Spawn_Up_Root.NS_Spawn_Up_Root; SoundCue→SoundWave 전이 참조: /Game/_LevelUpSpawn/_GenericSource/SFX/sfx_star2_Cue_1_5.sfx_star2_Cue_1_5; 생성 명세 단계: 상승 수호(주효과)","2026-10-03 로컬 설치; 원본 objectpath: /Game/_LevelUpSpawn/_GenericSource/SFX/sfx_star2.sfx_star2; 팩 루트: /Game/_LevelUpSpawn; Fab: https://www.fab.com/listings/a77fc805-8e31-43ce-b613-17bd39ebf9cd; 원본 유지; 실제 재생·청취 사용자 확인 대기; 원본 길이: 2.4085941314697266초; 원본 looping: False; 신규 스킬은 Niagara 내부 SFX 참조 사용; 별도 외부 sound 지정 없음"
"ProjectileVFX with Hit and Launch VFX ( with SFX )","SoundCue","/Game/ProjectileHitVFX/_GenericSource/SFX","SFx_Hit_CrystalGlass_Break_Cue","/Game/ProjectileHitVFX/NS/NS_IceCrystal.NS_IceCrystal","/Game/User_JeHoon/Blueprint/DataAsset/Skills/DrGame/ProjectileHitVFX/DA_DrGame_ProjectileHitVFX_IceCrystal","AssetRegistry NS 오디오 의존; Niagara AudioPlayer SoundToPlay 바인딩 확인: /Game/ProjectileHitVFX/NS/NS_IceCrystal.NS_IceCrystal; 생성 명세 단계: 얼음 결정탄(주효과)","2026-10-03 로컬 설치; 원본 objectpath: /Game/ProjectileHitVFX/_GenericSource/SFX/SFx_Hit_CrystalGlass_Break_Cue.SFx_Hit_CrystalGlass_Break_Cue; 팩 루트: /Game/ProjectileHitVFX; Fab: https://www.fab.com/listings/4f4de421-d1dc-49c3-b66d-fb22fa8d015e; 원본 유지; 실제 재생·청취 사용자 확인 대기; 신규 스킬은 Niagara 내부 SFX 참조 사용; 별도 외부 sound 지정 없음"
"ProjectileVFX with Hit and Launch VFX ( with SFX )","SoundCue","/Game/ProjectileHitVFX/_GenericSource/SFX","Sfx_Hit_BloodClaw_Cue","/Game/ProjectileHitVFX/NS/NS_Hit_Arrow.NS_Hit_Arrow | /Game/ProjectileHitVFX/NS/NS_Hit_Blade.NS_Hit_Blade | /Game/ProjectileHitVFX/NS/NS_Hit_ColdBlood.NS_Hit_ColdBlood | /Game/ProjectileHitVFX/NS/NS_Hit_Water_01.NS_Hit_Water_01","/Game/User_JeHoon/Blueprint/DataAsset/Skills/DrGame/ProjectileHitVFX/DA_DrGame_ProjectileHitVFX_Arrow | /Game/User_JeHoon/Blueprint/DataAsset/Skills/DrGame/ProjectileHitVFX/DA_DrGame_ProjectileHitVFX_SonicBlade","AssetRegistry NS 오디오 의존; Niagara AudioPlayer SoundToPlay 바인딩 확인: /Game/ProjectileHitVFX/NS/NS_Hit_Arrow.NS_Hit_Arrow | /Game/ProjectileHitVFX/NS/NS_Hit_Blade.NS_Hit_Blade | /Game/ProjectileHitVFX/NS/NS_Hit_ColdBlood.NS_Hit_ColdBlood | /Game/ProjectileHitVFX/NS/NS_Hit_Water_01.NS_Hit_Water_01; 생성 명세 단계: 음속 칼날(피격) | 정밀 화살(피격)","2026-10-03 로컬 설치; 원본 objectpath: /Game/ProjectileHitVFX/_GenericSource/SFX/Sfx_Hit_BloodClaw_Cue.Sfx_Hit_BloodClaw_Cue; 팩 루트: /Game/ProjectileHitVFX; Fab: https://www.fab.com/listings/4f4de421-d1dc-49c3-b66d-fb22fa8d015e; 원본 유지; 실제 재생·청취 사용자 확인 대기; 신규 스킬은 Niagara 내부 SFX 참조 사용; 별도 외부 sound 지정 없음"
"ProjectileVFX with Hit and Launch VFX ( with SFX )","SoundCue","/Game/ProjectileHitVFX/_GenericSource/SFX","Sfx_Hit_Dagger_Cue","/Game/ProjectileHitVFX/NS/NS_Hit_Arrow.NS_Hit_Arrow | /Game/ProjectileHitVFX/NS/NS_Hit_Bless.NS_Hit_Bless","/Game/User_JeHoon/Blueprint/DataAsset/Skills/DrGame/ProjectileHitVFX/DA_DrGame_ProjectileHitVFX_Arrow | /Game/User_JeHoon/Blueprint/DataAsset/Skills/DrGame/ProjectileHitVFX/DA_DrGame_ProjectileHitVFX_Comet","AssetRegistry NS 오디오 의존; Niagara AudioPlayer SoundToPlay 바인딩 확인: /Game/ProjectileHitVFX/NS/NS_Hit_Arrow.NS_Hit_Arrow | /Game/ProjectileHitVFX/NS/NS_Hit_Bless.NS_Hit_Bless; 생성 명세 단계: 정밀 화살(피격) | 혜성탄(피격)","2026-10-03 로컬 설치; 원본 objectpath: /Game/ProjectileHitVFX/_GenericSource/SFX/Sfx_Hit_Dagger_Cue.Sfx_Hit_Dagger_Cue; 팩 루트: /Game/ProjectileHitVFX; Fab: https://www.fab.com/listings/4f4de421-d1dc-49c3-b66d-fb22fa8d015e; 원본 유지; 실제 재생·청취 사용자 확인 대기; 신규 스킬은 Niagara 내부 SFX 참조 사용; 별도 외부 sound 지정 없음"
"ProjectileVFX with Hit and Launch VFX ( with SFX )","SoundCue","/Game/ProjectileHitVFX/_GenericSource/SFX","Sfx_Hit_Explosion_classic_s_Cue1","/Game/ProjectileHitVFX/NS/NS_RockSling.NS_RockSling","/Game/User_JeHoon/Blueprint/DataAsset/Skills/DrGame/ProjectileHitVFX/DA_DrGame_ProjectileHitVFX_RockSling","AssetRegistry NS 오디오 의존; Niagara AudioPlayer SoundToPlay 바인딩 확인: /Game/ProjectileHitVFX/NS/NS_RockSling.NS_RockSling; 생성 명세 단계: 바위 투척(주효과)","2026-10-03 로컬 설치; 원본 objectpath: /Game/ProjectileHitVFX/_GenericSource/SFX/Sfx_Hit_Explosion_classic_s_Cue1.Sfx_Hit_Explosion_classic_s_Cue1; 팩 루트: /Game/ProjectileHitVFX; Fab: https://www.fab.com/listings/4f4de421-d1dc-49c3-b66d-fb22fa8d015e; 원본 유지; 실제 재생·청취 사용자 확인 대기; 신규 스킬은 Niagara 내부 SFX 참조 사용; 별도 외부 sound 지정 없음"
"ProjectileVFX with Hit and Launch VFX ( with SFX )","SoundCue","/Game/ProjectileHitVFX/_GenericSource/SFX","Sfx_Hit_Explosion_classic_s_Cue2","/Game/ProjectileHitVFX/NS/NS_HIt_Explosion.NS_HIt_Explosion","/Game/User_JeHoon/Blueprint/DataAsset/Skills/DrGame/ProjectileHitVFX/DA_DrGame_ProjectileHitVFX_AerolithCurved | /Game/User_JeHoon/Blueprint/DataAsset/Skills/DrGame/ProjectileHitVFX/DA_DrGame_ProjectileHitVFX_MeteoriteStraight | /Game/User_JeHoon/Blueprint/DataAsset/Skills/DrGame/ProjectileHitVFX/DA_DrGame_ProjectileHitVFX_RockSling","AssetRegistry NS 오디오 의존; Niagara AudioPlayer SoundToPlay 바인딩 확인: /Game/ProjectileHitVFX/NS/NS_HIt_Explosion.NS_HIt_Explosion; 생성 명세 단계: 바위 투척(피격) | 유성 편린(피격) | 직선 유성탄(피격)","2026-10-03 로컬 설치; 원본 objectpath: /Game/ProjectileHitVFX/_GenericSource/SFX/Sfx_Hit_Explosion_classic_s_Cue2.Sfx_Hit_Explosion_classic_s_Cue2; 팩 루트: /Game/ProjectileHitVFX; Fab: https://www.fab.com/listings/4f4de421-d1dc-49c3-b66d-fb22fa8d015e; 원본 유지; 실제 재생·청취 사용자 확인 대기; 신규 스킬은 Niagara 내부 SFX 참조 사용; 별도 외부 sound 지정 없음"
"ProjectileVFX with Hit and Launch VFX ( with SFX )","SoundCue","/Game/ProjectileHitVFX/_GenericSource/SFX","Sfx_Hit_Ice_ball_Cue","/Game/ProjectileHitVFX/NS/NS_Hit_Ice_01.NS_Hit_Ice_01","/Game/User_JeHoon/Blueprint/DataAsset/Skills/DrGame/ProjectileHitVFX/DA_DrGame_ProjectileHitVFX_IceCrystal | /Game/User_JeHoon/Blueprint/DataAsset/Skills/DrGame/ProjectileHitVFX/DA_DrGame_ProjectileHitVFX_Iceicle3D","AssetRegistry NS 오디오 의존; Niagara AudioPlayer SoundToPlay 바인딩 확인: /Game/ProjectileHitVFX/NS/NS_Hit_Ice_01.NS_Hit_Ice_01; 생성 명세 단계: 고드름 탄환(피격) | 얼음 결정탄(피격)","2026-10-03 로컬 설치; 원본 objectpath: /Game/ProjectileHitVFX/_GenericSource/SFX/Sfx_Hit_Ice_ball_Cue.Sfx_Hit_Ice_ball_Cue; 팩 루트: /Game/ProjectileHitVFX; Fab: https://www.fab.com/listings/4f4de421-d1dc-49c3-b66d-fb22fa8d015e; 원본 유지; 실제 재생·청취 사용자 확인 대기; 신규 스킬은 Niagara 내부 SFX 참조 사용; 별도 외부 sound 지정 없음"
"ProjectileVFX with Hit and Launch VFX ( with SFX )","SoundCue","/Game/ProjectileHitVFX/_GenericSource/SFX","Sfx_Hit_MagicFire_Cue","/Game/ProjectileHitVFX/NS/NS_Hit_Fire_01.NS_Hit_Fire_01","/Game/User_JeHoon/Blueprint/DataAsset/Skills/DrGame/ProjectileHitVFX/DA_DrGame_ProjectileHitVFX_FireBall","AssetRegistry NS 오디오 의존; Niagara AudioPlayer SoundToPlay 바인딩 확인: /Game/ProjectileHitVFX/NS/NS_Hit_Fire_01.NS_Hit_Fire_01; 생성 명세 단계: 불덩이(피격)","2026-10-03 로컬 설치; 원본 objectpath: /Game/ProjectileHitVFX/_GenericSource/SFX/Sfx_Hit_MagicFire_Cue.Sfx_Hit_MagicFire_Cue; 팩 루트: /Game/ProjectileHitVFX; Fab: https://www.fab.com/listings/4f4de421-d1dc-49c3-b66d-fb22fa8d015e; 원본 유지; 실제 재생·청취 사용자 확인 대기; 신규 스킬은 Niagara 내부 SFX 참조 사용; 별도 외부 sound 지정 없음"
"ProjectileVFX with Hit and Launch VFX ( with SFX )","SoundCue","/Game/ProjectileHitVFX/_GenericSource/SFX","Sfx_Hit_MagicStaff_Cue","/Game/ProjectileHitVFX/NS/NS_Hit_HolyWind.NS_Hit_HolyWind","/Game/User_JeHoon/Blueprint/DataAsset/Skills/DrGame/ProjectileHitVFX/DA_DrGame_ProjectileHitVFX_HolyEnergy","AssetRegistry NS 오디오 의존; Niagara AudioPlayer SoundToPlay 바인딩 확인: /Game/ProjectileHitVFX/NS/NS_Hit_HolyWind.NS_Hit_HolyWind; 생성 명세 단계: 성스러운 구체(피격)","2026-10-03 로컬 설치; 원본 objectpath: /Game/ProjectileHitVFX/_GenericSource/SFX/Sfx_Hit_MagicStaff_Cue.Sfx_Hit_MagicStaff_Cue; 팩 루트: /Game/ProjectileHitVFX; Fab: https://www.fab.com/listings/4f4de421-d1dc-49c3-b66d-fb22fa8d015e; 원본 유지; 실제 재생·청취 사용자 확인 대기; 신규 스킬은 Niagara 내부 SFX 참조 사용; 별도 외부 sound 지정 없음"
"ProjectileVFX with Hit and Launch VFX ( with SFX )","SoundCue","/Game/ProjectileHitVFX/_GenericSource/SFX","Sfx_Hit_Poison_Cue","/Game/ProjectileHitVFX/NS/NS_Hit_Poison.NS_Hit_Poison | /Game/ProjectileHitVFX/NS/NS_PoisonSkullFish.NS_PoisonSkullFish","/Game/User_JeHoon/Blueprint/DataAsset/Skills/DrGame/ProjectileHitVFX/DA_DrGame_ProjectileHitVFX_PoisonSkullFish | /Game/User_JeHoon/Blueprint/DataAsset/Skills/DrGame/ProjectileHitVFX/DA_DrGame_ProjectileHitVFX_VenomDart","AssetRegistry NS 오디오 의존; Niagara AudioPlayer SoundToPlay 바인딩 확인: /Game/ProjectileHitVFX/NS/NS_Hit_Poison.NS_Hit_Poison | /Game/ProjectileHitVFX/NS/NS_PoisonSkullFish.NS_PoisonSkullFish; 생성 명세 단계: 독침(피격) | 독해골 물고기(주효과) | 독해골 물고기(피격)","2026-10-03 로컬 설치; 원본 objectpath: /Game/ProjectileHitVFX/_GenericSource/SFX/Sfx_Hit_Poison_Cue.Sfx_Hit_Poison_Cue; 팩 루트: /Game/ProjectileHitVFX; Fab: https://www.fab.com/listings/4f4de421-d1dc-49c3-b66d-fb22fa8d015e; 원본 유지; 실제 재생·청취 사용자 확인 대기; 신규 스킬은 Niagara 내부 SFX 참조 사용; 별도 외부 sound 지정 없음"
"ProjectileVFX with Hit and Launch VFX ( with SFX )","SoundCue","/Game/ProjectileHitVFX/_GenericSource/SFX","Sfx_Hit_Sword_Cue","/Game/ProjectileHitVFX/NS/NS_Hit_Arrow.NS_Hit_Arrow | /Game/ProjectileHitVFX/NS/NS_Hit_Blade.NS_Hit_Blade | /Game/ProjectileHitVFX/NS/NS_Hit_ColdBlood.NS_Hit_ColdBlood | /Game/ProjectileHitVFX/NS/NS_Hit_Magic.NS_Hit_Magic","/Game/User_JeHoon/Blueprint/DataAsset/Skills/DrGame/ProjectileHitVFX/DA_DrGame_ProjectileHitVFX_Arrow | /Game/User_JeHoon/Blueprint/DataAsset/Skills/DrGame/ProjectileHitVFX/DA_DrGame_ProjectileHitVFX_MagicLanceShuriken | /Game/User_JeHoon/Blueprint/DataAsset/Skills/DrGame/ProjectileHitVFX/DA_DrGame_ProjectileHitVFX_SonicBlade","AssetRegistry NS 오디오 의존; Niagara AudioPlayer SoundToPlay 바인딩 확인: /Game/ProjectileHitVFX/NS/NS_Hit_Arrow.NS_Hit_Arrow | /Game/ProjectileHitVFX/NS/NS_Hit_Blade.NS_Hit_Blade | /Game/ProjectileHitVFX/NS/NS_Hit_ColdBlood.NS_Hit_ColdBlood | /Game/ProjectileHitVFX/NS/NS_Hit_Magic.NS_Hit_Magic; 생성 명세 단계: 마력 표창(피격) | 음속 칼날(피격) | 정밀 화살(피격)","2026-10-03 로컬 설치; 원본 objectpath: /Game/ProjectileHitVFX/_GenericSource/SFX/Sfx_Hit_Sword_Cue.Sfx_Hit_Sword_Cue; 팩 루트: /Game/ProjectileHitVFX; Fab: https://www.fab.com/listings/4f4de421-d1dc-49c3-b66d-fb22fa8d015e; 원본 유지; 실제 재생·청취 사용자 확인 대기; 신규 스킬은 Niagara 내부 SFX 참조 사용; 별도 외부 sound 지정 없음"
"ProjectileVFX with Hit and Launch VFX ( with SFX )","SoundCue","/Game/ProjectileHitVFX/_GenericSource/SFX","Sfx_Hit_Thunder_short_Cue","/Game/ProjectileHitVFX/NS/NS_Hit_Eletric_01.NS_Hit_Eletric_01","","AssetRegistry NS 오디오 의존; Niagara AudioPlayer SoundToPlay 바인딩 확인: /Game/ProjectileHitVFX/NS/NS_Hit_Eletric_01.NS_Hit_Eletric_01","2026-10-03 로컬 설치; 원본 objectpath: /Game/ProjectileHitVFX/_GenericSource/SFX/Sfx_Hit_Thunder_short_Cue.Sfx_Hit_Thunder_short_Cue; 팩 루트: /Game/ProjectileHitVFX; Fab: https://www.fab.com/listings/4f4de421-d1dc-49c3-b66d-fb22fa8d015e; 원본 유지; 실제 재생·청취 사용자 확인 대기"
"ProjectileVFX with Hit and Launch VFX ( with SFX )","SoundCue","/Game/ProjectileHitVFX/_GenericSource/SFX","Sfx_Hit_eletric_short_Cue","/Game/ProjectileHitVFX/NS/NS_Hit_Ice_01.NS_Hit_Ice_01 | /Game/ProjectileHitVFX/NS/NS_Hit_Thunder.NS_Hit_Thunder","/Game/User_JeHoon/Blueprint/DataAsset/Skills/DrGame/ProjectileHitVFX/DA_DrGame_ProjectileHitVFX_IceCrystal | /Game/User_JeHoon/Blueprint/DataAsset/Skills/DrGame/ProjectileHitVFX/DA_DrGame_ProjectileHitVFX_Iceicle3D | /Game/User_JeHoon/Blueprint/DataAsset/Skills/DrGame/ProjectileHitVFX/DA_DrGame_ProjectileHitVFX_ThunderBolt","AssetRegistry NS 오디오 의존; Niagara AudioPlayer SoundToPlay 바인딩 확인: /Game/ProjectileHitVFX/NS/NS_Hit_Ice_01.NS_Hit_Ice_01 | /Game/ProjectileHitVFX/NS/NS_Hit_Thunder.NS_Hit_Thunder; 생성 명세 단계: 고드름 탄환(피격) | 번개탄(피격) | 얼음 결정탄(피격)","2026-10-03 로컬 설치; 원본 objectpath: /Game/ProjectileHitVFX/_GenericSource/SFX/Sfx_Hit_eletric_short_Cue.Sfx_Hit_eletric_short_Cue; 팩 루트: /Game/ProjectileHitVFX; Fab: https://www.fab.com/listings/4f4de421-d1dc-49c3-b66d-fb22fa8d015e; 원본 유지; 실제 재생·청취 사용자 확인 대기; 신규 스킬은 Niagara 내부 SFX 참조 사용; 별도 외부 sound 지정 없음"
"ProjectileVFX with Hit and Launch VFX ( with SFX )","SoundCue","/Game/ProjectileHitVFX/_GenericSource/SFX","Sfx_Shoot_BigFire_Cue","/Game/ProjectileHitVFX/NS/NS_AerolithCurved.NS_AerolithCurved | /Game/ProjectileHitVFX/NS/NS_MeteoriteStraight.NS_MeteoriteStraight","/Game/User_JeHoon/Blueprint/DataAsset/Skills/DrGame/ProjectileHitVFX/DA_DrGame_ProjectileHitVFX_AerolithCurved | /Game/User_JeHoon/Blueprint/DataAsset/Skills/DrGame/ProjectileHitVFX/DA_DrGame_ProjectileHitVFX_MeteoriteStraight","AssetRegistry NS 오디오 의존; Niagara AudioPlayer SoundToPlay 바인딩 확인: /Game/ProjectileHitVFX/NS/NS_AerolithCurved.NS_AerolithCurved | /Game/ProjectileHitVFX/NS/NS_MeteoriteStraight.NS_MeteoriteStraight; 생성 명세 단계: 유성 편린(주효과) | 직선 유성탄(주효과)","2026-10-03 로컬 설치; 원본 objectpath: /Game/ProjectileHitVFX/_GenericSource/SFX/Sfx_Shoot_BigFire_Cue.Sfx_Shoot_BigFire_Cue; 팩 루트: /Game/ProjectileHitVFX; Fab: https://www.fab.com/listings/4f4de421-d1dc-49c3-b66d-fb22fa8d015e; 원본 유지; 실제 재생·청취 사용자 확인 대기; 신규 스킬은 Niagara 내부 SFX 참조 사용; 별도 외부 sound 지정 없음"
"ProjectileVFX with Hit and Launch VFX ( with SFX )","SoundCue","/Game/ProjectileHitVFX/_GenericSource/SFX","Sfx_Shoot_CrystalArrow_Cue","/Game/ProjectileHitVFX/NS/NS_MagicLanceShuriken.NS_MagicLanceShuriken","/Game/User_JeHoon/Blueprint/DataAsset/Skills/DrGame/ProjectileHitVFX/DA_DrGame_ProjectileHitVFX_MagicLanceShuriken","AssetRegistry NS 오디오 의존; Niagara AudioPlayer SoundToPlay 바인딩 확인: /Game/ProjectileHitVFX/NS/NS_MagicLanceShuriken.NS_MagicLanceShuriken; 생성 명세 단계: 마력 표창(주효과)","2026-10-03 로컬 설치; 원본 objectpath: /Game/ProjectileHitVFX/_GenericSource/SFX/Sfx_Shoot_CrystalArrow_Cue.Sfx_Shoot_CrystalArrow_Cue; 팩 루트: /Game/ProjectileHitVFX; Fab: https://www.fab.com/listings/4f4de421-d1dc-49c3-b66d-fb22fa8d015e; 원본 유지; 실제 재생·청취 사용자 확인 대기; 신규 스킬은 Niagara 내부 SFX 참조 사용; 별도 외부 sound 지정 없음"
"ProjectileVFX with Hit and Launch VFX ( with SFX )","SoundCue","/Game/ProjectileHitVFX/_GenericSource/SFX","Sfx_Shoot_Rock_Cue","/Game/ProjectileHitVFX/NS/NS_RockSling.NS_RockSling","/Game/User_JeHoon/Blueprint/DataAsset/Skills/DrGame/ProjectileHitVFX/DA_DrGame_ProjectileHitVFX_RockSling","AssetRegistry NS 오디오 의존; Niagara AudioPlayer SoundToPlay 바인딩 확인: /Game/ProjectileHitVFX/NS/NS_RockSling.NS_RockSling; 생성 명세 단계: 바위 투척(주효과)","2026-10-03 로컬 설치; 원본 objectpath: /Game/ProjectileHitVFX/_GenericSource/SFX/Sfx_Shoot_Rock_Cue.Sfx_Shoot_Rock_Cue; 팩 루트: /Game/ProjectileHitVFX; Fab: https://www.fab.com/listings/4f4de421-d1dc-49c3-b66d-fb22fa8d015e; 원본 유지; 실제 재생·청취 사용자 확인 대기; 신규 스킬은 Niagara 내부 SFX 참조 사용; 별도 외부 sound 지정 없음"
"ProjectileVFX with Hit and Launch VFX ( with SFX )","SoundCue","/Game/ProjectileHitVFX/_GenericSource/SFX","Sfx_Shoot_SonicArrow_Cue","/Game/ProjectileHitVFX/NS/NS_SonicBlade.NS_SonicBlade","/Game/User_JeHoon/Blueprint/DataAsset/Skills/DrGame/ProjectileHitVFX/DA_DrGame_ProjectileHitVFX_SonicBlade","AssetRegistry NS 오디오 의존; Niagara AudioPlayer SoundToPlay 바인딩 확인: /Game/ProjectileHitVFX/NS/NS_SonicBlade.NS_SonicBlade; 생성 명세 단계: 음속 칼날(주효과)","2026-10-03 로컬 설치; 원본 objectpath: /Game/ProjectileHitVFX/_GenericSource/SFX/Sfx_Shoot_SonicArrow_Cue.Sfx_Shoot_SonicArrow_Cue; 팩 루트: /Game/ProjectileHitVFX; Fab: https://www.fab.com/listings/4f4de421-d1dc-49c3-b66d-fb22fa8d015e; 원본 유지; 실제 재생·청취 사용자 확인 대기; 신규 스킬은 Niagara 내부 SFX 참조 사용; 별도 외부 sound 지정 없음"
"ProjectileVFX with Hit and Launch VFX ( with SFX )","SoundCue","/Game/ProjectileHitVFX/_GenericSource/SFX","Sfx_Shoot_SonicArrow_Cue1","/Game/ProjectileHitVFX/NS/NS_Iceicle3D.NS_Iceicle3D","/Game/User_JeHoon/Blueprint/DataAsset/Skills/DrGame/ProjectileHitVFX/DA_DrGame_ProjectileHitVFX_Iceicle3D","AssetRegistry NS 오디오 의존; Niagara AudioPlayer SoundToPlay 바인딩 확인: /Game/ProjectileHitVFX/NS/NS_Iceicle3D.NS_Iceicle3D; 생성 명세 단계: 고드름 탄환(주효과)","2026-10-03 로컬 설치; 원본 objectpath: /Game/ProjectileHitVFX/_GenericSource/SFX/Sfx_Shoot_SonicArrow_Cue1.Sfx_Shoot_SonicArrow_Cue1; 팩 루트: /Game/ProjectileHitVFX; Fab: https://www.fab.com/listings/4f4de421-d1dc-49c3-b66d-fb22fa8d015e; 원본 유지; 실제 재생·청취 사용자 확인 대기; 신규 스킬은 Niagara 내부 SFX 참조 사용; 별도 외부 sound 지정 없음"
"ProjectileVFX with Hit and Launch VFX ( with SFX )","SoundCue","/Game/ProjectileHitVFX/_GenericSource/SFX","Sfx_Shoot_ThunderIce_Cue","/Game/ProjectileHitVFX/NS/NS_ThunderBolt.NS_ThunderBolt","/Game/User_JeHoon/Blueprint/DataAsset/Skills/DrGame/ProjectileHitVFX/DA_DrGame_ProjectileHitVFX_ThunderBolt","AssetRegistry NS 오디오 의존; Niagara AudioPlayer SoundToPlay 바인딩 확인: /Game/ProjectileHitVFX/NS/NS_ThunderBolt.NS_ThunderBolt; 생성 명세 단계: 번개탄(주효과)","2026-10-03 로컬 설치; 원본 objectpath: /Game/ProjectileHitVFX/_GenericSource/SFX/Sfx_Shoot_ThunderIce_Cue.Sfx_Shoot_ThunderIce_Cue; 팩 루트: /Game/ProjectileHitVFX; Fab: https://www.fab.com/listings/4f4de421-d1dc-49c3-b66d-fb22fa8d015e; 원본 유지; 실제 재생·청취 사용자 확인 대기; 신규 스킬은 Niagara 내부 SFX 참조 사용; 별도 외부 sound 지정 없음"
"ProjectileVFX with Hit and Launch VFX ( with SFX )","SoundCue","/Game/ProjectileHitVFX/_GenericSource/SFX","Sfx_Shoot_WindIce_Cue","/Game/ProjectileHitVFX/NS/NS_IceCrystal.NS_IceCrystal","/Game/User_JeHoon/Blueprint/DataAsset/Skills/DrGame/ProjectileHitVFX/DA_DrGame_ProjectileHitVFX_IceCrystal","AssetRegistry NS 오디오 의존; Niagara AudioPlayer SoundToPlay 바인딩 확인: /Game/ProjectileHitVFX/NS/NS_IceCrystal.NS_IceCrystal; 생성 명세 단계: 얼음 결정탄(주효과)","2026-10-03 로컬 설치; 원본 objectpath: /Game/ProjectileHitVFX/_GenericSource/SFX/Sfx_Shoot_WindIce_Cue.Sfx_Shoot_WindIce_Cue; 팩 루트: /Game/ProjectileHitVFX; Fab: https://www.fab.com/listings/4f4de421-d1dc-49c3-b66d-fb22fa8d015e; 원본 유지; 실제 재생·청취 사용자 확인 대기; 신규 스킬은 Niagara 내부 SFX 참조 사용; 별도 외부 sound 지정 없음"
"ProjectileVFX with Hit and Launch VFX ( with SFX )","SoundCue","/Game/ProjectileHitVFX/_GenericSource/SFX","Sfx_Shoot_laser_Cue","/Game/ProjectileHitVFX/NS/NS_ThunderBolt.NS_ThunderBolt","/Game/User_JeHoon/Blueprint/DataAsset/Skills/DrGame/ProjectileHitVFX/DA_DrGame_ProjectileHitVFX_ThunderBolt","AssetRegistry NS 오디오 의존; Niagara AudioPlayer SoundToPlay 바인딩 확인: /Game/ProjectileHitVFX/NS/NS_ThunderBolt.NS_ThunderBolt; 생성 명세 단계: 번개탄(주효과)","2026-10-03 로컬 설치; 원본 objectpath: /Game/ProjectileHitVFX/_GenericSource/SFX/Sfx_Shoot_laser_Cue.Sfx_Shoot_laser_Cue; 팩 루트: /Game/ProjectileHitVFX; Fab: https://www.fab.com/listings/4f4de421-d1dc-49c3-b66d-fb22fa8d015e; 원본 유지; 실제 재생·청취 사용자 확인 대기; 신규 스킬은 Niagara 내부 SFX 참조 사용; 별도 외부 sound 지정 없음"
"ProjectileVFX with Hit and Launch VFX ( with SFX )","SoundCue","/Game/ProjectileHitVFX/_GenericSource/SFX","Sfx_shoot_SandBreathe_Cue","/Game/ProjectileHitVFX/NS/NS_PoisonSkullFish.NS_PoisonSkullFish","/Game/User_JeHoon/Blueprint/DataAsset/Skills/DrGame/ProjectileHitVFX/DA_DrGame_ProjectileHitVFX_PoisonSkullFish","AssetRegistry NS 오디오 의존; Niagara AudioPlayer SoundToPlay 바인딩 확인: /Game/ProjectileHitVFX/NS/NS_PoisonSkullFish.NS_PoisonSkullFish; 생성 명세 단계: 독해골 물고기(주효과)","2026-10-03 로컬 설치; 원본 objectpath: /Game/ProjectileHitVFX/_GenericSource/SFX/Sfx_shoot_SandBreathe_Cue.Sfx_shoot_SandBreathe_Cue; 팩 루트: /Game/ProjectileHitVFX; Fab: https://www.fab.com/listings/4f4de421-d1dc-49c3-b66d-fb22fa8d015e; 원본 유지; 실제 재생·청취 사용자 확인 대기; 신규 스킬은 Niagara 내부 SFX 참조 사용; 별도 외부 sound 지정 없음"
"ProjectileVFX with Hit and Launch VFX ( with SFX )","SoundCue","/Game/ProjectileHitVFX/_GenericSource/SFX","Sfx_shoot_arrow_01_Cue","/Game/ProjectileHitVFX/NS/NS_Arrow.NS_Arrow | /Game/ProjectileHitVFX/NS/NS_VenomDart.NS_VenomDart","/Game/User_JeHoon/Blueprint/DataAsset/Skills/DrGame/ProjectileHitVFX/DA_DrGame_ProjectileHitVFX_Arrow | /Game/User_JeHoon/Blueprint/DataAsset/Skills/DrGame/ProjectileHitVFX/DA_DrGame_ProjectileHitVFX_VenomDart","AssetRegistry NS 오디오 의존; Niagara AudioPlayer SoundToPlay 바인딩 확인: /Game/ProjectileHitVFX/NS/NS_Arrow.NS_Arrow | /Game/ProjectileHitVFX/NS/NS_VenomDart.NS_VenomDart; 생성 명세 단계: 독침(주효과) | 정밀 화살(주효과)","2026-10-03 로컬 설치; 원본 objectpath: /Game/ProjectileHitVFX/_GenericSource/SFX/Sfx_shoot_arrow_01_Cue.Sfx_shoot_arrow_01_Cue; 팩 루트: /Game/ProjectileHitVFX; Fab: https://www.fab.com/listings/4f4de421-d1dc-49c3-b66d-fb22fa8d015e; 원본 유지; 실제 재생·청취 사용자 확인 대기; 신규 스킬은 Niagara 내부 SFX 참조 사용; 별도 외부 sound 지정 없음"
"ProjectileVFX with Hit and Launch VFX ( with SFX )","SoundCue","/Game/ProjectileHitVFX/_GenericSource/SFX","sfx_JetPack_Cue1","/Game/ProjectileHitVFX/NS/NS_FireBall.NS_FireBall","/Game/User_JeHoon/Blueprint/DataAsset/Skills/DrGame/ProjectileHitVFX/DA_DrGame_ProjectileHitVFX_FireBall","AssetRegistry NS 오디오 의존; Niagara AudioPlayer SoundToPlay 바인딩 확인: /Game/ProjectileHitVFX/NS/NS_FireBall.NS_FireBall; 생성 명세 단계: 불덩이(주효과)","2026-10-03 로컬 설치; 원본 objectpath: /Game/ProjectileHitVFX/_GenericSource/SFX/sfx_JetPack_Cue1.sfx_JetPack_Cue1; 팩 루트: /Game/ProjectileHitVFX; Fab: https://www.fab.com/listings/4f4de421-d1dc-49c3-b66d-fb22fa8d015e; 원본 유지; 실제 재생·청취 사용자 확인 대기; 신규 스킬은 Niagara 내부 SFX 참조 사용; 별도 외부 sound 지정 없음"
"ProjectileVFX with Hit and Launch VFX ( with SFX )","SoundCue","/Game/ProjectileHitVFX/_GenericSource/SFX","sfx_LoveMagic_Cue","/Game/ProjectileHitVFX/NS/NS_Comet.NS_Comet | /Game/ProjectileHitVFX/NS/NS_Hit_Bless.NS_Hit_Bless","/Game/User_JeHoon/Blueprint/DataAsset/Skills/DrGame/ProjectileHitVFX/DA_DrGame_ProjectileHitVFX_Comet","AssetRegistry NS 오디오 의존; Niagara AudioPlayer SoundToPlay 바인딩 확인: /Game/ProjectileHitVFX/NS/NS_Comet.NS_Comet | /Game/ProjectileHitVFX/NS/NS_Hit_Bless.NS_Hit_Bless; 생성 명세 단계: 혜성탄(주효과) | 혜성탄(피격)","2026-10-03 로컬 설치; 원본 objectpath: /Game/ProjectileHitVFX/_GenericSource/SFX/sfx_LoveMagic_Cue.sfx_LoveMagic_Cue; 팩 루트: /Game/ProjectileHitVFX; Fab: https://www.fab.com/listings/4f4de421-d1dc-49c3-b66d-fb22fa8d015e; 원본 유지; 실제 재생·청취 사용자 확인 대기; 신규 스킬은 Niagara 내부 SFX 참조 사용; 별도 외부 sound 지정 없음"
"ProjectileVFX with Hit and Launch VFX ( with SFX )","SoundCue","/Game/ProjectileHitVFX/_GenericSource/SFX","sfx_MpUp_Cue","/Game/ProjectileHitVFX/NS/NS_HolyEnergy.NS_HolyEnergy","/Game/User_JeHoon/Blueprint/DataAsset/Skills/DrGame/ProjectileHitVFX/DA_DrGame_ProjectileHitVFX_HolyEnergy","AssetRegistry NS 오디오 의존; Niagara AudioPlayer SoundToPlay 바인딩 확인: /Game/ProjectileHitVFX/NS/NS_HolyEnergy.NS_HolyEnergy; 생성 명세 단계: 성스러운 구체(주효과)","2026-10-03 로컬 설치; 원본 objectpath: /Game/ProjectileHitVFX/_GenericSource/SFX/sfx_MpUp_Cue.sfx_MpUp_Cue; 팩 루트: /Game/ProjectileHitVFX; Fab: https://www.fab.com/listings/4f4de421-d1dc-49c3-b66d-fb22fa8d015e; 원본 유지; 실제 재생·청취 사용자 확인 대기; 신규 스킬은 Niagara 내부 SFX 참조 사용; 별도 외부 sound 지정 없음"
"ProjectileVFX with Hit and Launch VFX ( with SFX )","SoundWave","/Game/ProjectileHitVFX/_GenericSource/SFX","SFx_Hit_CrystalGlass_Break","/Game/ProjectileHitVFX/NS/NS_IceCrystal.NS_IceCrystal","/Game/User_JeHoon/Blueprint/DataAsset/Skills/DrGame/ProjectileHitVFX/DA_DrGame_ProjectileHitVFX_IceCrystal","AssetRegistry NS 오디오 의존; Niagara AudioPlayer SoundToPlay 바인딩 확인: /Game/ProjectileHitVFX/NS/NS_IceCrystal.NS_IceCrystal; SoundCue→SoundWave 전이 참조: /Game/ProjectileHitVFX/_GenericSource/SFX/SFx_Hit_CrystalGlass_Break_Cue.SFx_Hit_CrystalGlass_Break_Cue; 생성 명세 단계: 얼음 결정탄(주효과)","2026-10-03 로컬 설치; 원본 objectpath: /Game/ProjectileHitVFX/_GenericSource/SFX/SFx_Hit_CrystalGlass_Break.SFx_Hit_CrystalGlass_Break; 팩 루트: /Game/ProjectileHitVFX; Fab: https://www.fab.com/listings/4f4de421-d1dc-49c3-b66d-fb22fa8d015e; 원본 유지; 실제 재생·청취 사용자 확인 대기; 원본 길이: 1.9921875초; 원본 looping: False; 신규 스킬은 Niagara 내부 SFX 참조 사용; 별도 외부 sound 지정 없음"
"ProjectileVFX with Hit and Launch VFX ( with SFX )","SoundWave","/Game/ProjectileHitVFX/_GenericSource/SFX","Sfx_Hit_BloodClaw","/Game/ProjectileHitVFX/NS/NS_Hit_Arrow.NS_Hit_Arrow | /Game/ProjectileHitVFX/NS/NS_Hit_Blade.NS_Hit_Blade | /Game/ProjectileHitVFX/NS/NS_Hit_ColdBlood.NS_Hit_ColdBlood | /Game/ProjectileHitVFX/NS/NS_Hit_Water_01.NS_Hit_Water_01","/Game/User_JeHoon/Blueprint/DataAsset/Skills/DrGame/ProjectileHitVFX/DA_DrGame_ProjectileHitVFX_Arrow | /Game/User_JeHoon/Blueprint/DataAsset/Skills/DrGame/ProjectileHitVFX/DA_DrGame_ProjectileHitVFX_SonicBlade","AssetRegistry NS 오디오 의존; Niagara AudioPlayer SoundToPlay 바인딩 확인: /Game/ProjectileHitVFX/NS/NS_Hit_Arrow.NS_Hit_Arrow | /Game/ProjectileHitVFX/NS/NS_Hit_Blade.NS_Hit_Blade | /Game/ProjectileHitVFX/NS/NS_Hit_ColdBlood.NS_Hit_ColdBlood | /Game/ProjectileHitVFX/NS/NS_Hit_Water_01.NS_Hit_Water_01; SoundCue→SoundWave 전이 참조: /Game/ProjectileHitVFX/_GenericSource/SFX/Sfx_Hit_BloodClaw_Cue.Sfx_Hit_BloodClaw_Cue; 생성 명세 단계: 음속 칼날(피격) | 정밀 화살(피격)","2026-10-03 로컬 설치; 원본 objectpath: /Game/ProjectileHitVFX/_GenericSource/SFX/Sfx_Hit_BloodClaw.Sfx_Hit_BloodClaw; 팩 루트: /Game/ProjectileHitVFX; Fab: https://www.fab.com/listings/4f4de421-d1dc-49c3-b66d-fb22fa8d015e; 원본 유지; 실제 재생·청취 사용자 확인 대기; 원본 길이: 0.6250113248825073초; 원본 looping: False; 신규 스킬은 Niagara 내부 SFX 참조 사용; 별도 외부 sound 지정 없음"
"ProjectileVFX with Hit and Launch VFX ( with SFX )","SoundWave","/Game/ProjectileHitVFX/_GenericSource/SFX","Sfx_Hit_Explosion_classic_s","/Game/ProjectileHitVFX/NS/NS_HIt_Explosion.NS_HIt_Explosion | /Game/ProjectileHitVFX/NS/NS_RockSling.NS_RockSling","/Game/User_JeHoon/Blueprint/DataAsset/Skills/DrGame/ProjectileHitVFX/DA_DrGame_ProjectileHitVFX_AerolithCurved | /Game/User_JeHoon/Blueprint/DataAsset/Skills/DrGame/ProjectileHitVFX/DA_DrGame_ProjectileHitVFX_MeteoriteStraight | /Game/User_JeHoon/Blueprint/DataAsset/Skills/DrGame/ProjectileHitVFX/DA_DrGame_ProjectileHitVFX_RockSling","AssetRegistry NS 오디오 의존; Niagara AudioPlayer SoundToPlay 바인딩 확인: /Game/ProjectileHitVFX/NS/NS_HIt_Explosion.NS_HIt_Explosion | /Game/ProjectileHitVFX/NS/NS_RockSling.NS_RockSling; SoundCue→SoundWave 전이 참조: /Game/ProjectileHitVFX/_GenericSource/SFX/Sfx_Hit_Explosion_classic_s_Cue1.Sfx_Hit_Explosion_classic_s_Cue1 | /Game/ProjectileHitVFX/_GenericSource/SFX/Sfx_Hit_Explosion_classic_s_Cue2.Sfx_Hit_Explosion_classic_s_Cue2; 생성 명세 단계: 바위 투척(주효과) | 바위 투척(피격) | 유성 편린(피격) | 직선 유성탄(피격)","2026-10-03 로컬 설치; 원본 objectpath: /Game/ProjectileHitVFX/_GenericSource/SFX/Sfx_Hit_Explosion_classic_s.Sfx_Hit_Explosion_classic_s; 팩 루트: /Game/ProjectileHitVFX; Fab: https://www.fab.com/listings/4f4de421-d1dc-49c3-b66d-fb22fa8d015e; 원본 유지; 실제 재생·청취 사용자 확인 대기; 원본 길이: 2.031583309173584초; 원본 looping: False; 신규 스킬은 Niagara 내부 SFX 참조 사용; 별도 외부 sound 지정 없음"
"ProjectileVFX with Hit and Launch VFX ( with SFX )","SoundWave","/Game/ProjectileHitVFX/_GenericSource/SFX","Sfx_Hit_Ice_ball","/Game/ProjectileHitVFX/NS/NS_Hit_Ice_01.NS_Hit_Ice_01","/Game/User_JeHoon/Blueprint/DataAsset/Skills/DrGame/ProjectileHitVFX/DA_DrGame_ProjectileHitVFX_IceCrystal | /Game/User_JeHoon/Blueprint/DataAsset/Skills/DrGame/ProjectileHitVFX/DA_DrGame_ProjectileHitVFX_Iceicle3D","AssetRegistry NS 오디오 의존; Niagara AudioPlayer SoundToPlay 바인딩 확인: /Game/ProjectileHitVFX/NS/NS_Hit_Ice_01.NS_Hit_Ice_01; SoundCue→SoundWave 전이 참조: /Game/ProjectileHitVFX/_GenericSource/SFX/Sfx_Hit_Ice_ball_Cue.Sfx_Hit_Ice_ball_Cue; 생성 명세 단계: 고드름 탄환(피격) | 얼음 결정탄(피격)","2026-10-03 로컬 설치; 원본 objectpath: /Game/ProjectileHitVFX/_GenericSource/SFX/Sfx_Hit_Ice_ball.Sfx_Hit_Ice_ball; 팩 루트: /Game/ProjectileHitVFX; Fab: https://www.fab.com/listings/4f4de421-d1dc-49c3-b66d-fb22fa8d015e; 원본 유지; 실제 재생·청취 사용자 확인 대기; 원본 길이: 1.2493125200271606초; 원본 looping: False; 신규 스킬은 Niagara 내부 SFX 참조 사용; 별도 외부 sound 지정 없음"
"ProjectileVFX with Hit and Launch VFX ( with SFX )","SoundWave","/Game/ProjectileHitVFX/_GenericSource/SFX","Sfx_Hit_MagicStaff","/Game/ProjectileHitVFX/NS/NS_Hit_Fire_01.NS_Hit_Fire_01 | /Game/ProjectileHitVFX/NS/NS_Hit_HolyWind.NS_Hit_HolyWind","/Game/User_JeHoon/Blueprint/DataAsset/Skills/DrGame/ProjectileHitVFX/DA_DrGame_ProjectileHitVFX_FireBall | /Game/User_JeHoon/Blueprint/DataAsset/Skills/DrGame/ProjectileHitVFX/DA_DrGame_ProjectileHitVFX_HolyEnergy","AssetRegistry NS 오디오 의존; Niagara AudioPlayer SoundToPlay 바인딩 확인: /Game/ProjectileHitVFX/NS/NS_Hit_Fire_01.NS_Hit_Fire_01 | /Game/ProjectileHitVFX/NS/NS_Hit_HolyWind.NS_Hit_HolyWind; SoundCue→SoundWave 전이 참조: /Game/ProjectileHitVFX/_GenericSource/SFX/Sfx_Hit_MagicFire_Cue.Sfx_Hit_MagicFire_Cue | /Game/ProjectileHitVFX/_GenericSource/SFX/Sfx_Hit_MagicStaff_Cue.Sfx_Hit_MagicStaff_Cue; 생성 명세 단계: 불덩이(피격) | 성스러운 구체(피격)","2026-10-03 로컬 설치; 원본 objectpath: /Game/ProjectileHitVFX/_GenericSource/SFX/Sfx_Hit_MagicStaff.Sfx_Hit_MagicStaff; 팩 루트: /Game/ProjectileHitVFX; Fab: https://www.fab.com/listings/4f4de421-d1dc-49c3-b66d-fb22fa8d015e; 원본 유지; 실제 재생·청취 사용자 확인 대기; 원본 길이: 1.0022292137145996초; 원본 looping: False; 신규 스킬은 Niagara 내부 SFX 참조 사용; 별도 외부 sound 지정 없음"
"ProjectileVFX with Hit and Launch VFX ( with SFX )","SoundWave","/Game/ProjectileHitVFX/_GenericSource/SFX","Sfx_Hit_Poison","/Game/ProjectileHitVFX/NS/NS_Hit_Poison.NS_Hit_Poison | /Game/ProjectileHitVFX/NS/NS_PoisonSkullFish.NS_PoisonSkullFish","/Game/User_JeHoon/Blueprint/DataAsset/Skills/DrGame/ProjectileHitVFX/DA_DrGame_ProjectileHitVFX_PoisonSkullFish | /Game/User_JeHoon/Blueprint/DataAsset/Skills/DrGame/ProjectileHitVFX/DA_DrGame_ProjectileHitVFX_VenomDart","AssetRegistry NS 오디오 의존; Niagara AudioPlayer SoundToPlay 바인딩 확인: /Game/ProjectileHitVFX/NS/NS_Hit_Poison.NS_Hit_Poison | /Game/ProjectileHitVFX/NS/NS_PoisonSkullFish.NS_PoisonSkullFish; SoundCue→SoundWave 전이 참조: /Game/ProjectileHitVFX/_GenericSource/SFX/Sfx_Hit_Poison_Cue.Sfx_Hit_Poison_Cue; 생성 명세 단계: 독침(피격) | 독해골 물고기(주효과) | 독해골 물고기(피격)","2026-10-03 로컬 설치; 원본 objectpath: /Game/ProjectileHitVFX/_GenericSource/SFX/Sfx_Hit_Poison.Sfx_Hit_Poison; 팩 루트: /Game/ProjectileHitVFX; Fab: https://www.fab.com/listings/4f4de421-d1dc-49c3-b66d-fb22fa8d015e; 원본 유지; 실제 재생·청취 사용자 확인 대기; 원본 길이: 2.1430838108062744초; 원본 looping: False; 신규 스킬은 Niagara 내부 SFX 참조 사용; 별도 외부 sound 지정 없음"
"ProjectileVFX with Hit and Launch VFX ( with SFX )","SoundWave","/Game/ProjectileHitVFX/_GenericSource/SFX","Sfx_Hit_SwordDagger","/Game/ProjectileHitVFX/NS/NS_Hit_Arrow.NS_Hit_Arrow | /Game/ProjectileHitVFX/NS/NS_Hit_Blade.NS_Hit_Blade | /Game/ProjectileHitVFX/NS/NS_Hit_Bless.NS_Hit_Bless | /Game/ProjectileHitVFX/NS/NS_Hit_ColdBlood.NS_Hit_ColdBlood | /Game/ProjectileHitVFX/NS/NS_Hit_Magic.NS_Hit_Magic","/Game/User_JeHoon/Blueprint/DataAsset/Skills/DrGame/ProjectileHitVFX/DA_DrGame_ProjectileHitVFX_Arrow | /Game/User_JeHoon/Blueprint/DataAsset/Skills/DrGame/ProjectileHitVFX/DA_DrGame_ProjectileHitVFX_Comet | /Game/User_JeHoon/Blueprint/DataAsset/Skills/DrGame/ProjectileHitVFX/DA_DrGame_ProjectileHitVFX_MagicLanceShuriken | /Game/User_JeHoon/Blueprint/DataAsset/Skills/DrGame/ProjectileHitVFX/DA_DrGame_ProjectileHitVFX_SonicBlade","AssetRegistry NS 오디오 의존; Niagara AudioPlayer SoundToPlay 바인딩 확인: /Game/ProjectileHitVFX/NS/NS_Hit_Arrow.NS_Hit_Arrow | /Game/ProjectileHitVFX/NS/NS_Hit_Blade.NS_Hit_Blade | /Game/ProjectileHitVFX/NS/NS_Hit_Bless.NS_Hit_Bless | /Game/ProjectileHitVFX/NS/NS_Hit_ColdBlood.NS_Hit_ColdBlood | /Game/ProjectileHitVFX/NS/NS_Hit_Magic.NS_Hit_Magic; SoundCue→SoundWave 전이 참조: /Game/ProjectileHitVFX/_GenericSource/SFX/Sfx_Hit_Dagger_Cue.Sfx_Hit_Dagger_Cue | /Game/ProjectileHitVFX/_GenericSource/SFX/Sfx_Hit_Sword_Cue.Sfx_Hit_Sword_Cue; 생성 명세 단계: 마력 표창(피격) | 음속 칼날(피격) | 정밀 화살(피격) | 혜성탄(피격)","2026-10-03 로컬 설치; 원본 objectpath: /Game/ProjectileHitVFX/_GenericSource/SFX/Sfx_Hit_SwordDagger.Sfx_Hit_SwordDagger; 팩 루트: /Game/ProjectileHitVFX; Fab: https://www.fab.com/listings/4f4de421-d1dc-49c3-b66d-fb22fa8d015e; 원본 유지; 실제 재생·청취 사용자 확인 대기; 원본 길이: 1.1250113248825073초; 원본 looping: False; 신규 스킬은 Niagara 내부 SFX 참조 사용; 별도 외부 sound 지정 없음"
"ProjectileVFX with Hit and Launch VFX ( with SFX )","SoundWave","/Game/ProjectileHitVFX/_GenericSource/SFX","Sfx_Hit_Thunder_short","/Game/ProjectileHitVFX/NS/NS_Hit_Eletric_01.NS_Hit_Eletric_01","","AssetRegistry NS 오디오 의존; Niagara AudioPlayer SoundToPlay 바인딩 확인: /Game/ProjectileHitVFX/NS/NS_Hit_Eletric_01.NS_Hit_Eletric_01; SoundCue→SoundWave 전이 참조: /Game/ProjectileHitVFX/_GenericSource/SFX/Sfx_Hit_Thunder_short_Cue.Sfx_Hit_Thunder_short_Cue","2026-10-03 로컬 설치; 원본 objectpath: /Game/ProjectileHitVFX/_GenericSource/SFX/Sfx_Hit_Thunder_short.Sfx_Hit_Thunder_short; 팩 루트: /Game/ProjectileHitVFX; Fab: https://www.fab.com/listings/4f4de421-d1dc-49c3-b66d-fb22fa8d015e; 원본 유지; 실제 재생·청취 사용자 확인 대기; 원본 길이: 1.3956458568572998초; 원본 looping: False"
"ProjectileVFX with Hit and Launch VFX ( with SFX )","SoundWave","/Game/ProjectileHitVFX/_GenericSource/SFX","Sfx_Hit_eletric_short","/Game/ProjectileHitVFX/NS/NS_Hit_Ice_01.NS_Hit_Ice_01 | /Game/ProjectileHitVFX/NS/NS_Hit_Thunder.NS_Hit_Thunder","/Game/User_JeHoon/Blueprint/DataAsset/Skills/DrGame/ProjectileHitVFX/DA_DrGame_ProjectileHitVFX_IceCrystal | /Game/User_JeHoon/Blueprint/DataAsset/Skills/DrGame/ProjectileHitVFX/DA_DrGame_ProjectileHitVFX_Iceicle3D | /Game/User_JeHoon/Blueprint/DataAsset/Skills/DrGame/ProjectileHitVFX/DA_DrGame_ProjectileHitVFX_ThunderBolt","AssetRegistry NS 오디오 의존; Niagara AudioPlayer SoundToPlay 바인딩 확인: /Game/ProjectileHitVFX/NS/NS_Hit_Ice_01.NS_Hit_Ice_01 | /Game/ProjectileHitVFX/NS/NS_Hit_Thunder.NS_Hit_Thunder; SoundCue→SoundWave 전이 참조: /Game/ProjectileHitVFX/_GenericSource/SFX/Sfx_Hit_eletric_short_Cue.Sfx_Hit_eletric_short_Cue; 생성 명세 단계: 고드름 탄환(피격) | 번개탄(피격) | 얼음 결정탄(피격)","2026-10-03 로컬 설치; 원본 objectpath: /Game/ProjectileHitVFX/_GenericSource/SFX/Sfx_Hit_eletric_short.Sfx_Hit_eletric_short; 팩 루트: /Game/ProjectileHitVFX; Fab: https://www.fab.com/listings/4f4de421-d1dc-49c3-b66d-fb22fa8d015e; 원본 유지; 실제 재생·청취 사용자 확인 대기; 원본 길이: 0.8598333597183228초; 원본 looping: False; 신규 스킬은 Niagara 내부 SFX 참조 사용; 별도 외부 sound 지정 없음"
"ProjectileVFX with Hit and Launch VFX ( with SFX )","SoundWave","/Game/ProjectileHitVFX/_GenericSource/SFX","Sfx_Shoot_BigFire","/Game/ProjectileHitVFX/NS/NS_AerolithCurved.NS_AerolithCurved | /Game/ProjectileHitVFX/NS/NS_MeteoriteStraight.NS_MeteoriteStraight","/Game/User_JeHoon/Blueprint/DataAsset/Skills/DrGame/ProjectileHitVFX/DA_DrGame_ProjectileHitVFX_AerolithCurved | /Game/User_JeHoon/Blueprint/DataAsset/Skills/DrGame/ProjectileHitVFX/DA_DrGame_ProjectileHitVFX_MeteoriteStraight","AssetRegistry NS 오디오 의존; Niagara AudioPlayer SoundToPlay 바인딩 확인: /Game/ProjectileHitVFX/NS/NS_AerolithCurved.NS_AerolithCurved | /Game/ProjectileHitVFX/NS/NS_MeteoriteStraight.NS_MeteoriteStraight; SoundCue→SoundWave 전이 참조: /Game/ProjectileHitVFX/_GenericSource/SFX/Sfx_Shoot_BigFire_Cue.Sfx_Shoot_BigFire_Cue; 생성 명세 단계: 유성 편린(주효과) | 직선 유성탄(주효과)","2026-10-03 로컬 설치; 원본 objectpath: /Game/ProjectileHitVFX/_GenericSource/SFX/Sfx_Shoot_BigFire.Sfx_Shoot_BigFire; 팩 루트: /Game/ProjectileHitVFX; Fab: https://www.fab.com/listings/4f4de421-d1dc-49c3-b66d-fb22fa8d015e; 원본 유지; 실제 재생·청취 사용자 확인 대기; 원본 길이: 1.9130208492279053초; 원본 looping: False; 신규 스킬은 Niagara 내부 SFX 참조 사용; 별도 외부 sound 지정 없음"
"ProjectileVFX with Hit and Launch VFX ( with SFX )","SoundWave","/Game/ProjectileHitVFX/_GenericSource/SFX","Sfx_Shoot_CrystalArrow","/Game/ProjectileHitVFX/NS/NS_MagicLanceShuriken.NS_MagicLanceShuriken","/Game/User_JeHoon/Blueprint/DataAsset/Skills/DrGame/ProjectileHitVFX/DA_DrGame_ProjectileHitVFX_MagicLanceShuriken","AssetRegistry NS 오디오 의존; Niagara AudioPlayer SoundToPlay 바인딩 확인: /Game/ProjectileHitVFX/NS/NS_MagicLanceShuriken.NS_MagicLanceShuriken; SoundCue→SoundWave 전이 참조: /Game/ProjectileHitVFX/_GenericSource/SFX/Sfx_Shoot_CrystalArrow_Cue.Sfx_Shoot_CrystalArrow_Cue; 생성 명세 단계: 마력 표창(주효과)","2026-10-03 로컬 설치; 원본 objectpath: /Game/ProjectileHitVFX/_GenericSource/SFX/Sfx_Shoot_CrystalArrow.Sfx_Shoot_CrystalArrow; 팩 루트: /Game/ProjectileHitVFX; Fab: https://www.fab.com/listings/4f4de421-d1dc-49c3-b66d-fb22fa8d015e; 원본 유지; 실제 재생·청취 사용자 확인 대기; 원본 길이: 2.5632879734039307초; 원본 looping: False; 신규 스킬은 Niagara 내부 SFX 참조 사용; 별도 외부 sound 지정 없음"
"ProjectileVFX with Hit and Launch VFX ( with SFX )","SoundWave","/Game/ProjectileHitVFX/_GenericSource/SFX","Sfx_Shoot_Rock","/Game/ProjectileHitVFX/NS/NS_RockSling.NS_RockSling","/Game/User_JeHoon/Blueprint/DataAsset/Skills/DrGame/ProjectileHitVFX/DA_DrGame_ProjectileHitVFX_RockSling","AssetRegistry NS 오디오 의존; Niagara AudioPlayer SoundToPlay 바인딩 확인: /Game/ProjectileHitVFX/NS/NS_RockSling.NS_RockSling; SoundCue→SoundWave 전이 참조: /Game/ProjectileHitVFX/_GenericSource/SFX/Sfx_Shoot_Rock_Cue.Sfx_Shoot_Rock_Cue; 생성 명세 단계: 바위 투척(주효과)","2026-10-03 로컬 설치; 원본 objectpath: /Game/ProjectileHitVFX/_GenericSource/SFX/Sfx_Shoot_Rock.Sfx_Shoot_Rock; 팩 루트: /Game/ProjectileHitVFX; Fab: https://www.fab.com/listings/4f4de421-d1dc-49c3-b66d-fb22fa8d015e; 원본 유지; 실제 재생·청취 사용자 확인 대기; 원본 길이: 1.75초; 원본 looping: False; 신규 스킬은 Niagara 내부 SFX 참조 사용; 별도 외부 sound 지정 없음"
"ProjectileVFX with Hit and Launch VFX ( with SFX )","SoundWave","/Game/ProjectileHitVFX/_GenericSource/SFX","Sfx_Shoot_SonicArrow","/Game/ProjectileHitVFX/NS/NS_Iceicle3D.NS_Iceicle3D | /Game/ProjectileHitVFX/NS/NS_SonicBlade.NS_SonicBlade","/Game/User_JeHoon/Blueprint/DataAsset/Skills/DrGame/ProjectileHitVFX/DA_DrGame_ProjectileHitVFX_Iceicle3D | /Game/User_JeHoon/Blueprint/DataAsset/Skills/DrGame/ProjectileHitVFX/DA_DrGame_ProjectileHitVFX_SonicBlade","AssetRegistry NS 오디오 의존; Niagara AudioPlayer SoundToPlay 바인딩 확인: /Game/ProjectileHitVFX/NS/NS_Iceicle3D.NS_Iceicle3D | /Game/ProjectileHitVFX/NS/NS_SonicBlade.NS_SonicBlade; SoundCue→SoundWave 전이 참조: /Game/ProjectileHitVFX/_GenericSource/SFX/Sfx_Shoot_SonicArrow_Cue.Sfx_Shoot_SonicArrow_Cue | /Game/ProjectileHitVFX/_GenericSource/SFX/Sfx_Shoot_SonicArrow_Cue1.Sfx_Shoot_SonicArrow_Cue1; 생성 명세 단계: 고드름 탄환(주효과) | 음속 칼날(주효과)","2026-10-03 로컬 설치; 원본 objectpath: /Game/ProjectileHitVFX/_GenericSource/SFX/Sfx_Shoot_SonicArrow.Sfx_Shoot_SonicArrow; 팩 루트: /Game/ProjectileHitVFX; Fab: https://www.fab.com/listings/4f4de421-d1dc-49c3-b66d-fb22fa8d015e; 원본 유지; 실제 재생·청취 사용자 확인 대기; 원본 길이: 1.9714285135269165초; 원본 looping: False; 신규 스킬은 Niagara 내부 SFX 참조 사용; 별도 외부 sound 지정 없음"
"ProjectileVFX with Hit and Launch VFX ( with SFX )","SoundWave","/Game/ProjectileHitVFX/_GenericSource/SFX","Sfx_Shoot_ThunderIce","/Game/ProjectileHitVFX/NS/NS_ThunderBolt.NS_ThunderBolt","/Game/User_JeHoon/Blueprint/DataAsset/Skills/DrGame/ProjectileHitVFX/DA_DrGame_ProjectileHitVFX_ThunderBolt","AssetRegistry NS 오디오 의존; Niagara AudioPlayer SoundToPlay 바인딩 확인: /Game/ProjectileHitVFX/NS/NS_ThunderBolt.NS_ThunderBolt; SoundCue→SoundWave 전이 참조: /Game/ProjectileHitVFX/_GenericSource/SFX/Sfx_Shoot_ThunderIce_Cue.Sfx_Shoot_ThunderIce_Cue; 생성 명세 단계: 번개탄(주효과)","2026-10-03 로컬 설치; 원본 objectpath: /Game/ProjectileHitVFX/_GenericSource/SFX/Sfx_Shoot_ThunderIce.Sfx_Shoot_ThunderIce; 팩 루트: /Game/ProjectileHitVFX; Fab: https://www.fab.com/listings/4f4de421-d1dc-49c3-b66d-fb22fa8d015e; 원본 유지; 실제 재생·청취 사용자 확인 대기; 원본 길이: 1.3465207815170288초; 원본 looping: False; 신규 스킬은 Niagara 내부 SFX 참조 사용; 별도 외부 sound 지정 없음"
"ProjectileVFX with Hit and Launch VFX ( with SFX )","SoundWave","/Game/ProjectileHitVFX/_GenericSource/SFX","Sfx_Shoot_WindIce","/Game/ProjectileHitVFX/NS/NS_IceCrystal.NS_IceCrystal","/Game/User_JeHoon/Blueprint/DataAsset/Skills/DrGame/ProjectileHitVFX/DA_DrGame_ProjectileHitVFX_IceCrystal","AssetRegistry NS 오디오 의존; Niagara AudioPlayer SoundToPlay 바인딩 확인: /Game/ProjectileHitVFX/NS/NS_IceCrystal.NS_IceCrystal; SoundCue→SoundWave 전이 참조: /Game/ProjectileHitVFX/_GenericSource/SFX/Sfx_Shoot_WindIce_Cue.Sfx_Shoot_WindIce_Cue; 생성 명세 단계: 얼음 결정탄(주효과)","2026-10-03 로컬 설치; 원본 objectpath: /Game/ProjectileHitVFX/_GenericSource/SFX/Sfx_Shoot_WindIce.Sfx_Shoot_WindIce; 팩 루트: /Game/ProjectileHitVFX; Fab: https://www.fab.com/listings/4f4de421-d1dc-49c3-b66d-fb22fa8d015e; 원본 유지; 실제 재생·청취 사용자 확인 대기; 원본 길이: 2.636712074279785초; 원본 looping: False; 신규 스킬은 Niagara 내부 SFX 참조 사용; 별도 외부 sound 지정 없음"
"ProjectileVFX with Hit and Launch VFX ( with SFX )","SoundWave","/Game/ProjectileHitVFX/_GenericSource/SFX","Sfx_Shoot_laser","/Game/ProjectileHitVFX/NS/NS_ThunderBolt.NS_ThunderBolt","/Game/User_JeHoon/Blueprint/DataAsset/Skills/DrGame/ProjectileHitVFX/DA_DrGame_ProjectileHitVFX_ThunderBolt","AssetRegistry NS 오디오 의존; Niagara AudioPlayer SoundToPlay 바인딩 확인: /Game/ProjectileHitVFX/NS/NS_ThunderBolt.NS_ThunderBolt; SoundCue→SoundWave 전이 참조: /Game/ProjectileHitVFX/_GenericSource/SFX/Sfx_Shoot_laser_Cue.Sfx_Shoot_laser_Cue; 생성 명세 단계: 번개탄(주효과)","2026-10-03 로컬 설치; 원본 objectpath: /Game/ProjectileHitVFX/_GenericSource/SFX/Sfx_Shoot_laser.Sfx_Shoot_laser; 팩 루트: /Game/ProjectileHitVFX; Fab: https://www.fab.com/listings/4f4de421-d1dc-49c3-b66d-fb22fa8d015e; 원본 유지; 실제 재생·청취 사용자 확인 대기; 원본 길이: 1.4483219385147095초; 원본 looping: False; 신규 스킬은 Niagara 내부 SFX 참조 사용; 별도 외부 sound 지정 없음"
"ProjectileVFX with Hit and Launch VFX ( with SFX )","SoundWave","/Game/ProjectileHitVFX/_GenericSource/SFX","Sfx_shoot_SandBreathe","/Game/ProjectileHitVFX/NS/NS_PoisonSkullFish.NS_PoisonSkullFish","/Game/User_JeHoon/Blueprint/DataAsset/Skills/DrGame/ProjectileHitVFX/DA_DrGame_ProjectileHitVFX_PoisonSkullFish","AssetRegistry NS 오디오 의존; Niagara AudioPlayer SoundToPlay 바인딩 확인: /Game/ProjectileHitVFX/NS/NS_PoisonSkullFish.NS_PoisonSkullFish; SoundCue→SoundWave 전이 참조: /Game/ProjectileHitVFX/_GenericSource/SFX/Sfx_shoot_SandBreathe_Cue.Sfx_shoot_SandBreathe_Cue; 생성 명세 단계: 독해골 물고기(주효과)","2026-10-03 로컬 설치; 원본 objectpath: /Game/ProjectileHitVFX/_GenericSource/SFX/Sfx_shoot_SandBreathe.Sfx_shoot_SandBreathe; 팩 루트: /Game/ProjectileHitVFX; Fab: https://www.fab.com/listings/4f4de421-d1dc-49c3-b66d-fb22fa8d015e; 원본 유지; 실제 재생·청취 사용자 확인 대기; 원본 길이: 0.7950000166893005초; 원본 looping: False; 신규 스킬은 Niagara 내부 SFX 참조 사용; 별도 외부 sound 지정 없음"
"ProjectileVFX with Hit and Launch VFX ( with SFX )","SoundWave","/Game/ProjectileHitVFX/_GenericSource/SFX","Sfx_shoot_arrow_01","/Game/ProjectileHitVFX/NS/NS_Arrow.NS_Arrow | /Game/ProjectileHitVFX/NS/NS_VenomDart.NS_VenomDart","/Game/User_JeHoon/Blueprint/DataAsset/Skills/DrGame/ProjectileHitVFX/DA_DrGame_ProjectileHitVFX_Arrow | /Game/User_JeHoon/Blueprint/DataAsset/Skills/DrGame/ProjectileHitVFX/DA_DrGame_ProjectileHitVFX_VenomDart","AssetRegistry NS 오디오 의존; Niagara AudioPlayer SoundToPlay 바인딩 확인: /Game/ProjectileHitVFX/NS/NS_Arrow.NS_Arrow | /Game/ProjectileHitVFX/NS/NS_VenomDart.NS_VenomDart; SoundCue→SoundWave 전이 참조: /Game/ProjectileHitVFX/_GenericSource/SFX/Sfx_shoot_arrow_01_Cue.Sfx_shoot_arrow_01_Cue; 생성 명세 단계: 독침(주효과) | 정밀 화살(주효과)","2026-10-03 로컬 설치; 원본 objectpath: /Game/ProjectileHitVFX/_GenericSource/SFX/Sfx_shoot_arrow_01.Sfx_shoot_arrow_01; 팩 루트: /Game/ProjectileHitVFX; Fab: https://www.fab.com/listings/4f4de421-d1dc-49c3-b66d-fb22fa8d015e; 원본 유지; 실제 재생·청취 사용자 확인 대기; 원본 길이: 0.75초; 원본 looping: False; 신규 스킬은 Niagara 내부 SFX 참조 사용; 별도 외부 sound 지정 없음"
"ProjectileVFX with Hit and Launch VFX ( with SFX )","SoundWave","/Game/ProjectileHitVFX/_GenericSource/SFX","sfx_JetPack","/Game/ProjectileHitVFX/NS/NS_FireBall.NS_FireBall","/Game/User_JeHoon/Blueprint/DataAsset/Skills/DrGame/ProjectileHitVFX/DA_DrGame_ProjectileHitVFX_FireBall","AssetRegistry NS 오디오 의존; Niagara AudioPlayer SoundToPlay 바인딩 확인: /Game/ProjectileHitVFX/NS/NS_FireBall.NS_FireBall; SoundCue→SoundWave 전이 참조: /Game/ProjectileHitVFX/_GenericSource/SFX/sfx_JetPack_Cue1.sfx_JetPack_Cue1; 생성 명세 단계: 불덩이(주효과)","2026-10-03 로컬 설치; 원본 objectpath: /Game/ProjectileHitVFX/_GenericSource/SFX/sfx_JetPack.sfx_JetPack; 팩 루트: /Game/ProjectileHitVFX; Fab: https://www.fab.com/listings/4f4de421-d1dc-49c3-b66d-fb22fa8d015e; 원본 유지; 실제 재생·청취 사용자 확인 대기; 원본 길이: 1.018571376800537초; 원본 looping: False; 신규 스킬은 Niagara 내부 SFX 참조 사용; 별도 외부 sound 지정 없음"
"ProjectileVFX with Hit and Launch VFX ( with SFX )","SoundWave","/Game/ProjectileHitVFX/_GenericSource/SFX","sfx_MpUp","/Game/ProjectileHitVFX/NS/NS_Comet.NS_Comet | /Game/ProjectileHitVFX/NS/NS_Hit_Bless.NS_Hit_Bless | /Game/ProjectileHitVFX/NS/NS_HolyEnergy.NS_HolyEnergy","/Game/User_JeHoon/Blueprint/DataAsset/Skills/DrGame/ProjectileHitVFX/DA_DrGame_ProjectileHitVFX_Comet | /Game/User_JeHoon/Blueprint/DataAsset/Skills/DrGame/ProjectileHitVFX/DA_DrGame_ProjectileHitVFX_HolyEnergy","AssetRegistry NS 오디오 의존; Niagara AudioPlayer SoundToPlay 바인딩 확인: /Game/ProjectileHitVFX/NS/NS_Comet.NS_Comet | /Game/ProjectileHitVFX/NS/NS_Hit_Bless.NS_Hit_Bless | /Game/ProjectileHitVFX/NS/NS_HolyEnergy.NS_HolyEnergy; SoundCue→SoundWave 전이 참조: /Game/ProjectileHitVFX/_GenericSource/SFX/sfx_LoveMagic_Cue.sfx_LoveMagic_Cue | /Game/ProjectileHitVFX/_GenericSource/SFX/sfx_MpUp_Cue.sfx_MpUp_Cue; 생성 명세 단계: 성스러운 구체(주효과) | 혜성탄(주효과) | 혜성탄(피격)","2026-10-03 로컬 설치; 원본 objectpath: /Game/ProjectileHitVFX/_GenericSource/SFX/sfx_MpUp.sfx_MpUp; 팩 루트: /Game/ProjectileHitVFX; Fab: https://www.fab.com/listings/4f4de421-d1dc-49c3-b66d-fb22fa8d015e; 원본 유지; 실제 재생·청취 사용자 확인 대기; 원본 길이: 2.2395238876342773초; 원본 looping: False; 신규 스킬은 Niagara 내부 SFX 참조 사용; 별도 외부 sound 지정 없음"
"Slash and Hit VFX (with SFX)","SoundCue","/Game/SlashHitVFX/__GenericSource/SFX","Sfx_Hit_Block01_Cue","/Game/SlashHitVFX/NS/NS_Hit_Block.NS_Hit_Block","","AssetRegistry NS 오디오 의존; Niagara AudioPlayer SoundToPlay 바인딩 확인: /Game/SlashHitVFX/NS/NS_Hit_Block.NS_Hit_Block","2026-10-03 로컬 설치; 원본 objectpath: /Game/SlashHitVFX/__GenericSource/SFX/Sfx_Hit_Block01_Cue.Sfx_Hit_Block01_Cue; 팩 루트: /Game/SlashHitVFX; Fab: https://www.fab.com/listings/f6bf529f-6db4-43a5-a5f1-2ff5b8d9a0f4; 원본 유지; 실제 재생·청취 사용자 확인 대기"
"Slash and Hit VFX (with SFX)","SoundCue","/Game/SlashHitVFX/__GenericSource/SFX","Sfx_Hit_Block02_Cue","","","원본 제공 오디오; NS 오디오 참조·신규 독립 스킬 연결 없음","2026-10-03 로컬 설치; 원본 objectpath: /Game/SlashHitVFX/__GenericSource/SFX/Sfx_Hit_Block02_Cue.Sfx_Hit_Block02_Cue; 팩 루트: /Game/SlashHitVFX; Fab: https://www.fab.com/listings/f6bf529f-6db4-43a5-a5f1-2ff5b8d9a0f4; 원본 유지; 실제 재생·청취 사용자 확인 대기"
"Slash and Hit VFX (with SFX)","SoundCue","/Game/SlashHitVFX/__GenericSource/SFX","Sfx_Hit_BloodClaw_Cue","/Game/SlashHitVFX/NS/NS_Hit_ClawBloodRadial.NS_Hit_ClawBloodRadial","","AssetRegistry NS 오디오 의존; Niagara AudioPlayer SoundToPlay 바인딩 확인: /Game/SlashHitVFX/NS/NS_Hit_ClawBloodRadial.NS_Hit_ClawBloodRadial","2026-10-03 로컬 설치; 원본 objectpath: /Game/SlashHitVFX/__GenericSource/SFX/Sfx_Hit_BloodClaw_Cue.Sfx_Hit_BloodClaw_Cue; 팩 루트: /Game/SlashHitVFX; Fab: https://www.fab.com/listings/f6bf529f-6db4-43a5-a5f1-2ff5b8d9a0f4; 원본 유지; 실제 재생·청취 사용자 확인 대기"
"Slash and Hit VFX (with SFX)","SoundCue","/Game/SlashHitVFX/__GenericSource/SFX","Sfx_Hit_BloodCruvedSword_Cue","","","원본 제공 오디오; NS 오디오 참조·신규 독립 스킬 연결 없음","2026-10-03 로컬 설치; 원본 objectpath: /Game/SlashHitVFX/__GenericSource/SFX/Sfx_Hit_BloodCruvedSword_Cue.Sfx_Hit_BloodCruvedSword_Cue; 팩 루트: /Game/SlashHitVFX; Fab: https://www.fab.com/listings/f6bf529f-6db4-43a5-a5f1-2ff5b8d9a0f4; 원본 유지; 실제 재생·청취 사용자 확인 대기"
"Slash and Hit VFX (with SFX)","SoundCue","/Game/SlashHitVFX/__GenericSource/SFX","Sfx_Hit_BloodKatana_Cue","/Game/SlashHitVFX/NS/NS_Hit_KatanaBlood.NS_Hit_KatanaBlood","/Game/User_JeHoon/Blueprint/DataAsset/Skills/DrGame/SlashHitVFX/DA_DrGame_SlashHitVFX_Slash_Katana","AssetRegistry NS 오디오 의존; Niagara AudioPlayer SoundToPlay 바인딩 확인: /Game/SlashHitVFX/NS/NS_Hit_KatanaBlood.NS_Hit_KatanaBlood; 생성 명세 단계: 발도 참격(피격)","2026-10-03 로컬 설치; 원본 objectpath: /Game/SlashHitVFX/__GenericSource/SFX/Sfx_Hit_BloodKatana_Cue.Sfx_Hit_BloodKatana_Cue; 팩 루트: /Game/SlashHitVFX; Fab: https://www.fab.com/listings/f6bf529f-6db4-43a5-a5f1-2ff5b8d9a0f4; 원본 유지; 실제 재생·청취 사용자 확인 대기; 신규 스킬은 Niagara 내부 SFX 참조 사용; 별도 외부 sound 지정 없음"
"Slash and Hit VFX (with SFX)","SoundCue","/Game/SlashHitVFX/__GenericSource/SFX","Sfx_Hit_Dagger_Cue","/Game/SlashHitVFX/NS/NS_Hit_Dagger.NS_Hit_Dagger","","AssetRegistry NS 오디오 의존; Niagara AudioPlayer SoundToPlay 바인딩 확인: /Game/SlashHitVFX/NS/NS_Hit_Dagger.NS_Hit_Dagger","2026-10-03 로컬 설치; 원본 objectpath: /Game/SlashHitVFX/__GenericSource/SFX/Sfx_Hit_Dagger_Cue.Sfx_Hit_Dagger_Cue; 팩 루트: /Game/SlashHitVFX; Fab: https://www.fab.com/listings/f6bf529f-6db4-43a5-a5f1-2ff5b8d9a0f4; 원본 유지; 실제 재생·청취 사용자 확인 대기"
"Slash and Hit VFX (with SFX)","SoundCue","/Game/SlashHitVFX/__GenericSource/SFX","Sfx_Hit_Fist_Cue","/Game/SlashHitVFX/NS/NS_Hit_Fist.NS_Hit_Fist","","AssetRegistry NS 오디오 의존; Niagara AudioPlayer SoundToPlay 바인딩 확인: /Game/SlashHitVFX/NS/NS_Hit_Fist.NS_Hit_Fist","2026-10-03 로컬 설치; 원본 objectpath: /Game/SlashHitVFX/__GenericSource/SFX/Sfx_Hit_Fist_Cue.Sfx_Hit_Fist_Cue; 팩 루트: /Game/SlashHitVFX; Fab: https://www.fab.com/listings/f6bf529f-6db4-43a5-a5f1-2ff5b8d9a0f4; 원본 유지; 실제 재생·청취 사용자 확인 대기"
"Slash and Hit VFX (with SFX)","SoundCue","/Game/SlashHitVFX/__GenericSource/SFX","Sfx_Hit_Ground_Hammer_Cue","/Game/SlashHitVFX/NS/NS_Hit_GroundCrack.NS_Hit_GroundCrack","","AssetRegistry NS 오디오 의존; Niagara AudioPlayer SoundToPlay 바인딩 확인: /Game/SlashHitVFX/NS/NS_Hit_GroundCrack.NS_Hit_GroundCrack","2026-10-03 로컬 설치; 원본 objectpath: /Game/SlashHitVFX/__GenericSource/SFX/Sfx_Hit_Ground_Hammer_Cue.Sfx_Hit_Ground_Hammer_Cue; 팩 루트: /Game/SlashHitVFX; Fab: https://www.fab.com/listings/f6bf529f-6db4-43a5-a5f1-2ff5b8d9a0f4; 원본 유지; 실제 재생·청취 사용자 확인 대기"
"Slash and Hit VFX (with SFX)","SoundCue","/Game/SlashHitVFX/__GenericSource/SFX","Sfx_Hit_MagicStaff_Cue","/Game/SlashHitVFX/NS/NS_Hit_Halberd.NS_Hit_Halberd | /Game/SlashHitVFX/NS/NS_Hit_MagicWand.NS_Hit_MagicWand","","AssetRegistry NS 오디오 의존; Niagara AudioPlayer SoundToPlay 바인딩 확인: /Game/SlashHitVFX/NS/NS_Hit_Halberd.NS_Hit_Halberd | /Game/SlashHitVFX/NS/NS_Hit_MagicWand.NS_Hit_MagicWand","2026-10-03 로컬 설치; 원본 objectpath: /Game/SlashHitVFX/__GenericSource/SFX/Sfx_Hit_MagicStaff_Cue.Sfx_Hit_MagicStaff_Cue; 팩 루트: /Game/SlashHitVFX; Fab: https://www.fab.com/listings/f6bf529f-6db4-43a5-a5f1-2ff5b8d9a0f4; 원본 유지; 실제 재생·청취 사용자 확인 대기"
"Slash and Hit VFX (with SFX)","SoundCue","/Game/SlashHitVFX/__GenericSource/SFX","Sfx_Hit_SpearGroundRift_Cue","/Game/SlashHitVFX/NS/NS_Hit_CurvedSwordBloodDirection.NS_Hit_CurvedSwordBloodDirection | /Game/SlashHitVFX/NS/NS_Hit_Halberd.NS_Hit_Halberd","/Game/User_JeHoon/Blueprint/DataAsset/Skills/DrGame/SlashHitVFX/DA_DrGame_SlashHitVFX_Slash_CurvedSword","AssetRegistry NS 오디오 의존; Niagara AudioPlayer SoundToPlay 바인딩 확인: /Game/SlashHitVFX/NS/NS_Hit_CurvedSwordBloodDirection.NS_Hit_CurvedSwordBloodDirection | /Game/SlashHitVFX/NS/NS_Hit_Halberd.NS_Hit_Halberd; 생성 명세 단계: 곡검 참격(피격)","2026-10-03 로컬 설치; 원본 objectpath: /Game/SlashHitVFX/__GenericSource/SFX/Sfx_Hit_SpearGroundRift_Cue.Sfx_Hit_SpearGroundRift_Cue; 팩 루트: /Game/SlashHitVFX; Fab: https://www.fab.com/listings/f6bf529f-6db4-43a5-a5f1-2ff5b8d9a0f4; 원본 유지; 실제 재생·청취 사용자 확인 대기; 신규 스킬은 Niagara 내부 SFX 참조 사용; 별도 외부 sound 지정 없음"
"Slash and Hit VFX (with SFX)","SoundCue","/Game/SlashHitVFX/__GenericSource/SFX","Sfx_Hit_Stick_Cue","/Game/SlashHitVFX/NS/NS_Hit_Stick.NS_Hit_Stick","","AssetRegistry NS 오디오 의존; Niagara AudioPlayer SoundToPlay 바인딩 확인: /Game/SlashHitVFX/NS/NS_Hit_Stick.NS_Hit_Stick","2026-10-03 로컬 설치; 원본 objectpath: /Game/SlashHitVFX/__GenericSource/SFX/Sfx_Hit_Stick_Cue.Sfx_Hit_Stick_Cue; 팩 루트: /Game/SlashHitVFX; Fab: https://www.fab.com/listings/f6bf529f-6db4-43a5-a5f1-2ff5b8d9a0f4; 원본 유지; 실제 재생·청취 사용자 확인 대기"
"Slash and Hit VFX (with SFX)","SoundCue","/Game/SlashHitVFX/__GenericSource/SFX","Sfx_Hit_Sword_Cue","/Game/SlashHitVFX/NS/NS_Hit_Sword.NS_Hit_Sword","","AssetRegistry NS 오디오 의존; Niagara AudioPlayer SoundToPlay 바인딩 확인: /Game/SlashHitVFX/NS/NS_Hit_Sword.NS_Hit_Sword","2026-10-03 로컬 설치; 원본 objectpath: /Game/SlashHitVFX/__GenericSource/SFX/Sfx_Hit_Sword_Cue.Sfx_Hit_Sword_Cue; 팩 루트: /Game/SlashHitVFX; Fab: https://www.fab.com/listings/f6bf529f-6db4-43a5-a5f1-2ff5b8d9a0f4; 원본 유지; 실제 재생·청취 사용자 확인 대기"
"Slash and Hit VFX (with SFX)","SoundCue","/Game/SlashHitVFX/__GenericSource/SFX","Sfx_Hit_Whip_Cue","/Game/SlashHitVFX/NS/NS_Hit_Whip.NS_Hit_Whip","","AssetRegistry NS 오디오 의존; Niagara AudioPlayer SoundToPlay 바인딩 확인: /Game/SlashHitVFX/NS/NS_Hit_Whip.NS_Hit_Whip","2026-10-03 로컬 설치; 원본 objectpath: /Game/SlashHitVFX/__GenericSource/SFX/Sfx_Hit_Whip_Cue.Sfx_Hit_Whip_Cue; 팩 루트: /Game/SlashHitVFX; Fab: https://www.fab.com/listings/f6bf529f-6db4-43a5-a5f1-2ff5b8d9a0f4; 원본 유지; 실제 재생·청취 사용자 확인 대기"
"Slash and Hit VFX (with SFX)","SoundCue","/Game/SlashHitVFX/__GenericSource/SFX","Sfx_Hit_axe_Cue","/Game/SlashHitVFX/NS/NS_Hit_Axe.NS_Hit_Axe","/Game/User_JeHoon/Blueprint/DataAsset/Skills/DrGame/SlashHitVFX/DA_DrGame_SlashHitVFX_Slash_Axe","AssetRegistry NS 오디오 의존; Niagara AudioPlayer SoundToPlay 바인딩 확인: /Game/SlashHitVFX/NS/NS_Hit_Axe.NS_Hit_Axe; 생성 명세 단계: 도끼 참격(피격)","2026-10-03 로컬 설치; 원본 objectpath: /Game/SlashHitVFX/__GenericSource/SFX/Sfx_Hit_axe_Cue.Sfx_Hit_axe_Cue; 팩 루트: /Game/SlashHitVFX; Fab: https://www.fab.com/listings/f6bf529f-6db4-43a5-a5f1-2ff5b8d9a0f4; 원본 유지; 실제 재생·청취 사용자 확인 대기; 신규 스킬은 Niagara 내부 SFX 참조 사용; 별도 외부 sound 지정 없음"
"Slash and Hit VFX (with SFX)","SoundCue","/Game/SlashHitVFX/__GenericSource/SFX","Sfx_Weapon_Axe2_Cue","/Game/SlashHitVFX/NS/NS_Slash_Axe.NS_Slash_Axe","/Game/User_JeHoon/Blueprint/DataAsset/Skills/DrGame/SlashHitVFX/DA_DrGame_SlashHitVFX_Slash_Axe","AssetRegistry NS 오디오 의존; Niagara AudioPlayer SoundToPlay 바인딩 확인: /Game/SlashHitVFX/NS/NS_Slash_Axe.NS_Slash_Axe; 생성 명세 단계: 도끼 참격(주효과)","2026-10-03 로컬 설치; 원본 objectpath: /Game/SlashHitVFX/__GenericSource/SFX/Sfx_Weapon_Axe2_Cue.Sfx_Weapon_Axe2_Cue; 팩 루트: /Game/SlashHitVFX; Fab: https://www.fab.com/listings/f6bf529f-6db4-43a5-a5f1-2ff5b8d9a0f4; 원본 유지; 실제 재생·청취 사용자 확인 대기; 신규 스킬은 Niagara 내부 SFX 참조 사용; 별도 외부 sound 지정 없음"
"Slash and Hit VFX (with SFX)","SoundCue","/Game/SlashHitVFX/__GenericSource/SFX","Sfx_Weapon_BigSword_Cue","","","원본 제공 오디오; NS 오디오 참조·신규 독립 스킬 연결 없음","2026-10-03 로컬 설치; 원본 objectpath: /Game/SlashHitVFX/__GenericSource/SFX/Sfx_Weapon_BigSword_Cue.Sfx_Weapon_BigSword_Cue; 팩 루트: /Game/SlashHitVFX; Fab: https://www.fab.com/listings/f6bf529f-6db4-43a5-a5f1-2ff5b8d9a0f4; 원본 유지; 실제 재생·청취 사용자 확인 대기"
"Slash and Hit VFX (with SFX)","SoundCue","/Game/SlashHitVFX/__GenericSource/SFX","Sfx_Weapon_BigSword_Cue1","","","원본 제공 오디오; NS 오디오 참조·신규 독립 스킬 연결 없음","2026-10-03 로컬 설치; 원본 objectpath: /Game/SlashHitVFX/__GenericSource/SFX/Sfx_Weapon_BigSword_Cue1.Sfx_Weapon_BigSword_Cue1; 팩 루트: /Game/SlashHitVFX; Fab: https://www.fab.com/listings/f6bf529f-6db4-43a5-a5f1-2ff5b8d9a0f4; 원본 유지; 실제 재생·청취 사용자 확인 대기"
"Slash and Hit VFX (with SFX)","SoundCue","/Game/SlashHitVFX/__GenericSource/SFX","Sfx_Weapon_Blade_Cue","","","원본 제공 오디오; NS 오디오 참조·신규 독립 스킬 연결 없음","2026-10-03 로컬 설치; 원본 objectpath: /Game/SlashHitVFX/__GenericSource/SFX/Sfx_Weapon_Blade_Cue.Sfx_Weapon_Blade_Cue; 팩 루트: /Game/SlashHitVFX; Fab: https://www.fab.com/listings/f6bf529f-6db4-43a5-a5f1-2ff5b8d9a0f4; 원본 유지; 실제 재생·청취 사용자 확인 대기"
"Slash and Hit VFX (with SFX)","SoundCue","/Game/SlashHitVFX/__GenericSource/SFX","Sfx_Weapon_Blade_Cue1","","","원본 제공 오디오; NS 오디오 참조·신규 독립 스킬 연결 없음","2026-10-03 로컬 설치; 원본 objectpath: /Game/SlashHitVFX/__GenericSource/SFX/Sfx_Weapon_Blade_Cue1.Sfx_Weapon_Blade_Cue1; 팩 루트: /Game/SlashHitVFX; Fab: https://www.fab.com/listings/f6bf529f-6db4-43a5-a5f1-2ff5b8d9a0f4; 원본 유지; 실제 재생·청취 사용자 확인 대기"
"Slash and Hit VFX (with SFX)","SoundCue","/Game/SlashHitVFX/__GenericSource/SFX","Sfx_Weapon_BroadSword_Cue","","","원본 제공 오디오; NS 오디오 참조·신규 독립 스킬 연결 없음","2026-10-03 로컬 설치; 원본 objectpath: /Game/SlashHitVFX/__GenericSource/SFX/Sfx_Weapon_BroadSword_Cue.Sfx_Weapon_BroadSword_Cue; 팩 루트: /Game/SlashHitVFX; Fab: https://www.fab.com/listings/f6bf529f-6db4-43a5-a5f1-2ff5b8d9a0f4; 원본 유지; 실제 재생·청취 사용자 확인 대기"
"Slash and Hit VFX (with SFX)","SoundCue","/Game/SlashHitVFX/__GenericSource/SFX","Sfx_Weapon_Claw02_Cue","","","원본 제공 오디오; NS 오디오 참조·신규 독립 스킬 연결 없음","2026-10-03 로컬 설치; 원본 objectpath: /Game/SlashHitVFX/__GenericSource/SFX/Sfx_Weapon_Claw02_Cue.Sfx_Weapon_Claw02_Cue; 팩 루트: /Game/SlashHitVFX; Fab: https://www.fab.com/listings/f6bf529f-6db4-43a5-a5f1-2ff5b8d9a0f4; 원본 유지; 실제 재생·청취 사용자 확인 대기"
"Slash and Hit VFX (with SFX)","SoundCue","/Game/SlashHitVFX/__GenericSource/SFX","Sfx_Weapon_Claw_Cue","","","원본 제공 오디오; NS 오디오 참조·신규 독립 스킬 연결 없음","2026-10-03 로컬 설치; 원본 objectpath: /Game/SlashHitVFX/__GenericSource/SFX/Sfx_Weapon_Claw_Cue.Sfx_Weapon_Claw_Cue; 팩 루트: /Game/SlashHitVFX; Fab: https://www.fab.com/listings/f6bf529f-6db4-43a5-a5f1-2ff5b8d9a0f4; 원본 유지; 실제 재생·청취 사용자 확인 대기"
"Slash and Hit VFX (with SFX)","SoundCue","/Game/SlashHitVFX/__GenericSource/SFX","Sfx_Weapon_Claw_Cue1","","","원본 제공 오디오; NS 오디오 참조·신규 독립 스킬 연결 없음","2026-10-03 로컬 설치; 원본 objectpath: /Game/SlashHitVFX/__GenericSource/SFX/Sfx_Weapon_Claw_Cue1.Sfx_Weapon_Claw_Cue1; 팩 루트: /Game/SlashHitVFX; Fab: https://www.fab.com/listings/f6bf529f-6db4-43a5-a5f1-2ff5b8d9a0f4; 원본 유지; 실제 재생·청취 사용자 확인 대기"
"Slash and Hit VFX (with SFX)","SoundCue","/Game/SlashHitVFX/__GenericSource/SFX","Sfx_Weapon_CurvedSword_Cue","/Game/SlashHitVFX/NS/NS_Slash_CurvedSword.NS_Slash_CurvedSword","/Game/User_JeHoon/Blueprint/DataAsset/Skills/DrGame/SlashHitVFX/DA_DrGame_SlashHitVFX_Slash_CurvedSword","AssetRegistry NS 오디오 의존; Niagara AudioPlayer SoundToPlay 바인딩 확인: /Game/SlashHitVFX/NS/NS_Slash_CurvedSword.NS_Slash_CurvedSword; 생성 명세 단계: 곡검 참격(주효과)","2026-10-03 로컬 설치; 원본 objectpath: /Game/SlashHitVFX/__GenericSource/SFX/Sfx_Weapon_CurvedSword_Cue.Sfx_Weapon_CurvedSword_Cue; 팩 루트: /Game/SlashHitVFX; Fab: https://www.fab.com/listings/f6bf529f-6db4-43a5-a5f1-2ff5b8d9a0f4; 원본 유지; 실제 재생·청취 사용자 확인 대기; 신규 스킬은 Niagara 내부 SFX 참조 사용; 별도 외부 sound 지정 없음"
"Slash and Hit VFX (with SFX)","SoundCue","/Game/SlashHitVFX/__GenericSource/SFX","Sfx_Weapon_CurvedSword_Cue1","","","원본 제공 오디오; NS 오디오 참조·신규 독립 스킬 연결 없음","2026-10-03 로컬 설치; 원본 objectpath: /Game/SlashHitVFX/__GenericSource/SFX/Sfx_Weapon_CurvedSword_Cue1.Sfx_Weapon_CurvedSword_Cue1; 팩 루트: /Game/SlashHitVFX; Fab: https://www.fab.com/listings/f6bf529f-6db4-43a5-a5f1-2ff5b8d9a0f4; 원본 유지; 실제 재생·청취 사용자 확인 대기"
"Slash and Hit VFX (with SFX)","SoundCue","/Game/SlashHitVFX/__GenericSource/SFX","Sfx_Weapon_Dagger_Cue","","","원본 제공 오디오; NS 오디오 참조·신규 독립 스킬 연결 없음","2026-10-03 로컬 설치; 원본 objectpath: /Game/SlashHitVFX/__GenericSource/SFX/Sfx_Weapon_Dagger_Cue.Sfx_Weapon_Dagger_Cue; 팩 루트: /Game/SlashHitVFX; Fab: https://www.fab.com/listings/f6bf529f-6db4-43a5-a5f1-2ff5b8d9a0f4; 원본 유지; 실제 재생·청취 사용자 확인 대기"
"Slash and Hit VFX (with SFX)","SoundCue","/Game/SlashHitVFX/__GenericSource/SFX","Sfx_Weapon_Dagger_Cue1","","","원본 제공 오디오; NS 오디오 참조·신규 독립 스킬 연결 없음","2026-10-03 로컬 설치; 원본 objectpath: /Game/SlashHitVFX/__GenericSource/SFX/Sfx_Weapon_Dagger_Cue1.Sfx_Weapon_Dagger_Cue1; 팩 루트: /Game/SlashHitVFX; Fab: https://www.fab.com/listings/f6bf529f-6db4-43a5-a5f1-2ff5b8d9a0f4; 원본 유지; 실제 재생·청취 사용자 확인 대기"
"Slash and Hit VFX (with SFX)","SoundCue","/Game/SlashHitVFX/__GenericSource/SFX","Sfx_Weapon_Fist0_Cue","","","원본 제공 오디오; NS 오디오 참조·신규 독립 스킬 연결 없음","2026-10-03 로컬 설치; 원본 objectpath: /Game/SlashHitVFX/__GenericSource/SFX/Sfx_Weapon_Fist0_Cue.Sfx_Weapon_Fist0_Cue; 팩 루트: /Game/SlashHitVFX; Fab: https://www.fab.com/listings/f6bf529f-6db4-43a5-a5f1-2ff5b8d9a0f4; 원본 유지; 실제 재생·청취 사용자 확인 대기"
"Slash and Hit VFX (with SFX)","SoundCue","/Game/SlashHitVFX/__GenericSource/SFX","Sfx_Weapon_Fist0_Cue1","","","원본 제공 오디오; NS 오디오 참조·신규 독립 스킬 연결 없음","2026-10-03 로컬 설치; 원본 objectpath: /Game/SlashHitVFX/__GenericSource/SFX/Sfx_Weapon_Fist0_Cue1.Sfx_Weapon_Fist0_Cue1; 팩 루트: /Game/SlashHitVFX; Fab: https://www.fab.com/listings/f6bf529f-6db4-43a5-a5f1-2ff5b8d9a0f4; 원본 유지; 실제 재생·청취 사용자 확인 대기"
"Slash and Hit VFX (with SFX)","SoundCue","/Game/SlashHitVFX/__GenericSource/SFX","Sfx_Weapon_Hammer2Cue","","","원본 제공 오디오; NS 오디오 참조·신규 독립 스킬 연결 없음","2026-10-03 로컬 설치; 원본 objectpath: /Game/SlashHitVFX/__GenericSource/SFX/Sfx_Weapon_Hammer2Cue.Sfx_Weapon_Hammer2Cue; 팩 루트: /Game/SlashHitVFX; Fab: https://www.fab.com/listings/f6bf529f-6db4-43a5-a5f1-2ff5b8d9a0f4; 원본 유지; 실제 재생·청취 사용자 확인 대기"
"Slash and Hit VFX (with SFX)","SoundCue","/Game/SlashHitVFX/__GenericSource/SFX","Sfx_Weapon_Hammer_Cue","","","원본 제공 오디오; NS 오디오 참조·신규 독립 스킬 연결 없음","2026-10-03 로컬 설치; 원본 objectpath: /Game/SlashHitVFX/__GenericSource/SFX/Sfx_Weapon_Hammer_Cue.Sfx_Weapon_Hammer_Cue; 팩 루트: /Game/SlashHitVFX; Fab: https://www.fab.com/listings/f6bf529f-6db4-43a5-a5f1-2ff5b8d9a0f4; 원본 유지; 실제 재생·청취 사용자 확인 대기"
"Slash and Hit VFX (with SFX)","SoundCue","/Game/SlashHitVFX/__GenericSource/SFX","Sfx_Weapon_Katana_Cue","/Game/SlashHitVFX/NS/NS_Slash_Katana.NS_Slash_Katana","/Game/User_JeHoon/Blueprint/DataAsset/Skills/DrGame/SlashHitVFX/DA_DrGame_SlashHitVFX_Slash_Katana","AssetRegistry NS 오디오 의존; Niagara AudioPlayer SoundToPlay 바인딩 확인: /Game/SlashHitVFX/NS/NS_Slash_Katana.NS_Slash_Katana; 생성 명세 단계: 발도 참격(주효과)","2026-10-03 로컬 설치; 원본 objectpath: /Game/SlashHitVFX/__GenericSource/SFX/Sfx_Weapon_Katana_Cue.Sfx_Weapon_Katana_Cue; 팩 루트: /Game/SlashHitVFX; Fab: https://www.fab.com/listings/f6bf529f-6db4-43a5-a5f1-2ff5b8d9a0f4; 원본 유지; 실제 재생·청취 사용자 확인 대기; 신규 스킬은 Niagara 내부 SFX 참조 사용; 별도 외부 sound 지정 없음"
"Slash and Hit VFX (with SFX)","SoundCue","/Game/SlashHitVFX/__GenericSource/SFX","Sfx_Weapon_Scythe02_Cue","","","원본 제공 오디오; NS 오디오 참조·신규 독립 스킬 연결 없음","2026-10-03 로컬 설치; 원본 objectpath: /Game/SlashHitVFX/__GenericSource/SFX/Sfx_Weapon_Scythe02_Cue.Sfx_Weapon_Scythe02_Cue; 팩 루트: /Game/SlashHitVFX; Fab: https://www.fab.com/listings/f6bf529f-6db4-43a5-a5f1-2ff5b8d9a0f4; 원본 유지; 실제 재생·청취 사용자 확인 대기"
"Slash and Hit VFX (with SFX)","SoundCue","/Game/SlashHitVFX/__GenericSource/SFX","Sfx_Weapon_Spear01_Cue","","","원본 제공 오디오; NS 오디오 참조·신규 독립 스킬 연결 없음","2026-10-03 로컬 설치; 원본 objectpath: /Game/SlashHitVFX/__GenericSource/SFX/Sfx_Weapon_Spear01_Cue.Sfx_Weapon_Spear01_Cue; 팩 루트: /Game/SlashHitVFX; Fab: https://www.fab.com/listings/f6bf529f-6db4-43a5-a5f1-2ff5b8d9a0f4; 원본 유지; 실제 재생·청취 사용자 확인 대기"
"Slash and Hit VFX (with SFX)","SoundCue","/Game/SlashHitVFX/__GenericSource/SFX","Sfx_Weapon_Spear01_Cue1","","","원본 제공 오디오; NS 오디오 참조·신규 독립 스킬 연결 없음","2026-10-03 로컬 설치; 원본 objectpath: /Game/SlashHitVFX/__GenericSource/SFX/Sfx_Weapon_Spear01_Cue1.Sfx_Weapon_Spear01_Cue1; 팩 루트: /Game/SlashHitVFX; Fab: https://www.fab.com/listings/f6bf529f-6db4-43a5-a5f1-2ff5b8d9a0f4; 원본 유지; 실제 재생·청취 사용자 확인 대기"
"Slash and Hit VFX (with SFX)","SoundCue","/Game/SlashHitVFX/__GenericSource/SFX","Sfx_Weapon_Staff_Cue","","","원본 제공 오디오; NS 오디오 참조·신규 독립 스킬 연결 없음","2026-10-03 로컬 설치; 원본 objectpath: /Game/SlashHitVFX/__GenericSource/SFX/Sfx_Weapon_Staff_Cue.Sfx_Weapon_Staff_Cue; 팩 루트: /Game/SlashHitVFX; Fab: https://www.fab.com/listings/f6bf529f-6db4-43a5-a5f1-2ff5b8d9a0f4; 원본 유지; 실제 재생·청취 사용자 확인 대기"
"Slash and Hit VFX (with SFX)","SoundCue","/Game/SlashHitVFX/__GenericSource/SFX","Sfx_Weapon_Swing_Rod_Cue","","","원본 제공 오디오; NS 오디오 참조·신규 독립 스킬 연결 없음","2026-10-03 로컬 설치; 원본 objectpath: /Game/SlashHitVFX/__GenericSource/SFX/Sfx_Weapon_Swing_Rod_Cue.Sfx_Weapon_Swing_Rod_Cue; 팩 루트: /Game/SlashHitVFX; Fab: https://www.fab.com/listings/f6bf529f-6db4-43a5-a5f1-2ff5b8d9a0f4; 원본 유지; 실제 재생·청취 사용자 확인 대기"
"Slash and Hit VFX (with SFX)","SoundCue","/Game/SlashHitVFX/__GenericSource/SFX","Sfx_Weapon_Swing_Stick01_Cue","","","원본 제공 오디오; NS 오디오 참조·신규 독립 스킬 연결 없음","2026-10-03 로컬 설치; 원본 objectpath: /Game/SlashHitVFX/__GenericSource/SFX/Sfx_Weapon_Swing_Stick01_Cue.Sfx_Weapon_Swing_Stick01_Cue; 팩 루트: /Game/SlashHitVFX; Fab: https://www.fab.com/listings/f6bf529f-6db4-43a5-a5f1-2ff5b8d9a0f4; 원본 유지; 실제 재생·청취 사용자 확인 대기"
"Slash and Hit VFX (with SFX)","SoundCue","/Game/SlashHitVFX/__GenericSource/SFX","Sfx_Weapon_Sword01_Cue","","","원본 제공 오디오; NS 오디오 참조·신규 독립 스킬 연결 없음","2026-10-03 로컬 설치; 원본 objectpath: /Game/SlashHitVFX/__GenericSource/SFX/Sfx_Weapon_Sword01_Cue.Sfx_Weapon_Sword01_Cue; 팩 루트: /Game/SlashHitVFX; Fab: https://www.fab.com/listings/f6bf529f-6db4-43a5-a5f1-2ff5b8d9a0f4; 원본 유지; 실제 재생·청취 사용자 확인 대기"
"Slash and Hit VFX (with SFX)","SoundCue","/Game/SlashHitVFX/__GenericSource/SFX","Sfx_Weapon_Sword01_Cue1","","","원본 제공 오디오; NS 오디오 참조·신규 독립 스킬 연결 없음","2026-10-03 로컬 설치; 원본 objectpath: /Game/SlashHitVFX/__GenericSource/SFX/Sfx_Weapon_Sword01_Cue1.Sfx_Weapon_Sword01_Cue1; 팩 루트: /Game/SlashHitVFX; Fab: https://www.fab.com/listings/f6bf529f-6db4-43a5-a5f1-2ff5b8d9a0f4; 원본 유지; 실제 재생·청취 사용자 확인 대기"
"Slash and Hit VFX (with SFX)","SoundCue","/Game/SlashHitVFX/__GenericSource/SFX","Sfx_Weapon_Wand_Cue","","","원본 제공 오디오; NS 오디오 참조·신규 독립 스킬 연결 없음","2026-10-03 로컬 설치; 원본 objectpath: /Game/SlashHitVFX/__GenericSource/SFX/Sfx_Weapon_Wand_Cue.Sfx_Weapon_Wand_Cue; 팩 루트: /Game/SlashHitVFX; Fab: https://www.fab.com/listings/f6bf529f-6db4-43a5-a5f1-2ff5b8d9a0f4; 원본 유지; 실제 재생·청취 사용자 확인 대기"
"Slash and Hit VFX (with SFX)","SoundCue","/Game/SlashHitVFX/__GenericSource/SFX","Sfx_Weapon_Whip_Cue","","","원본 제공 오디오; NS 오디오 참조·신규 독립 스킬 연결 없음","2026-10-03 로컬 설치; 원본 objectpath: /Game/SlashHitVFX/__GenericSource/SFX/Sfx_Weapon_Whip_Cue.Sfx_Weapon_Whip_Cue; 팩 루트: /Game/SlashHitVFX; Fab: https://www.fab.com/listings/f6bf529f-6db4-43a5-a5f1-2ff5b8d9a0f4; 원본 유지; 실제 재생·청취 사용자 확인 대기"
"Slash and Hit VFX (with SFX)","SoundCue","/Game/SlashHitVFX/__GenericSource/SFX","Sfx_Weapon_Whip_Cue1","","","원본 제공 오디오; NS 오디오 참조·신규 독립 스킬 연결 없음","2026-10-03 로컬 설치; 원본 objectpath: /Game/SlashHitVFX/__GenericSource/SFX/Sfx_Weapon_Whip_Cue1.Sfx_Weapon_Whip_Cue1; 팩 루트: /Game/SlashHitVFX; Fab: https://www.fab.com/listings/f6bf529f-6db4-43a5-a5f1-2ff5b8d9a0f4; 원본 유지; 실제 재생·청취 사용자 확인 대기"
"Slash and Hit VFX (with SFX)","SoundWave","/Game/SlashHitVFX/__GenericSource/SFX","Sfx_Hit_Block01","/Game/SlashHitVFX/NS/NS_Hit_Block.NS_Hit_Block","","AssetRegistry NS 오디오 의존; Niagara AudioPlayer SoundToPlay 바인딩 확인: /Game/SlashHitVFX/NS/NS_Hit_Block.NS_Hit_Block; SoundCue→SoundWave 전이 참조: /Game/SlashHitVFX/__GenericSource/SFX/Sfx_Hit_Block01_Cue.Sfx_Hit_Block01_Cue","2026-10-03 로컬 설치; 원본 objectpath: /Game/SlashHitVFX/__GenericSource/SFX/Sfx_Hit_Block01.Sfx_Hit_Block01; 팩 루트: /Game/SlashHitVFX; Fab: https://www.fab.com/listings/f6bf529f-6db4-43a5-a5f1-2ff5b8d9a0f4; 원본 유지; 실제 재생·청취 사용자 확인 대기; 원본 길이: 0.5429024696350098초; 원본 looping: False"
"Slash and Hit VFX (with SFX)","SoundWave","/Game/SlashHitVFX/__GenericSource/SFX","Sfx_Hit_Block02","","","원본 제공 오디오; NS 오디오 참조·신규 독립 스킬 연결 없음","2026-10-03 로컬 설치; 원본 objectpath: /Game/SlashHitVFX/__GenericSource/SFX/Sfx_Hit_Block02.Sfx_Hit_Block02; 팩 루트: /Game/SlashHitVFX; Fab: https://www.fab.com/listings/f6bf529f-6db4-43a5-a5f1-2ff5b8d9a0f4; 원본 유지; 실제 재생·청취 사용자 확인 대기; 원본 길이: 0.75초; 원본 looping: False"
"Slash and Hit VFX (with SFX)","SoundWave","/Game/SlashHitVFX/__GenericSource/SFX","Sfx_Hit_Block03","","","원본 제공 오디오; NS 오디오 참조·신규 독립 스킬 연결 없음","2026-10-03 로컬 설치; 원본 objectpath: /Game/SlashHitVFX/__GenericSource/SFX/Sfx_Hit_Block03.Sfx_Hit_Block03; 팩 루트: /Game/SlashHitVFX; Fab: https://www.fab.com/listings/f6bf529f-6db4-43a5-a5f1-2ff5b8d9a0f4; 원본 유지; 실제 재생·청취 사용자 확인 대기; 원본 길이: 0.4482766389846802초; 원본 looping: False"
"Slash and Hit VFX (with SFX)","SoundWave","/Game/SlashHitVFX/__GenericSource/SFX","Sfx_Hit_BloodClaw","/Game/SlashHitVFX/NS/NS_Hit_ClawBloodRadial.NS_Hit_ClawBloodRadial","","AssetRegistry NS 오디오 의존; Niagara AudioPlayer SoundToPlay 바인딩 확인: /Game/SlashHitVFX/NS/NS_Hit_ClawBloodRadial.NS_Hit_ClawBloodRadial; SoundCue→SoundWave 전이 참조: /Game/SlashHitVFX/__GenericSource/SFX/Sfx_Hit_BloodClaw_Cue.Sfx_Hit_BloodClaw_Cue","2026-10-03 로컬 설치; 원본 objectpath: /Game/SlashHitVFX/__GenericSource/SFX/Sfx_Hit_BloodClaw.Sfx_Hit_BloodClaw; 팩 루트: /Game/SlashHitVFX; Fab: https://www.fab.com/listings/f6bf529f-6db4-43a5-a5f1-2ff5b8d9a0f4; 원본 유지; 실제 재생·청취 사용자 확인 대기; 원본 길이: 0.6250113248825073초; 원본 looping: False"
"Slash and Hit VFX (with SFX)","SoundWave","/Game/SlashHitVFX/__GenericSource/SFX","Sfx_Hit_BloodCruvedSword","","","원본 제공 오디오; NS 오디오 참조·신규 독립 스킬 연결 없음","2026-10-03 로컬 설치; 원본 objectpath: /Game/SlashHitVFX/__GenericSource/SFX/Sfx_Hit_BloodCruvedSword.Sfx_Hit_BloodCruvedSword; 팩 루트: /Game/SlashHitVFX; Fab: https://www.fab.com/listings/f6bf529f-6db4-43a5-a5f1-2ff5b8d9a0f4; 원본 유지; 실제 재생·청취 사용자 확인 대기; 원본 길이: 0.75초; 원본 looping: False"
"Slash and Hit VFX (with SFX)","SoundWave","/Game/SlashHitVFX/__GenericSource/SFX","Sfx_Hit_BloodKatana","/Game/SlashHitVFX/NS/NS_Hit_KatanaBlood.NS_Hit_KatanaBlood","/Game/User_JeHoon/Blueprint/DataAsset/Skills/DrGame/SlashHitVFX/DA_DrGame_SlashHitVFX_Slash_Katana","AssetRegistry NS 오디오 의존; Niagara AudioPlayer SoundToPlay 바인딩 확인: /Game/SlashHitVFX/NS/NS_Hit_KatanaBlood.NS_Hit_KatanaBlood; SoundCue→SoundWave 전이 참조: /Game/SlashHitVFX/__GenericSource/SFX/Sfx_Hit_BloodKatana_Cue.Sfx_Hit_BloodKatana_Cue; 생성 명세 단계: 발도 참격(피격)","2026-10-03 로컬 설치; 원본 objectpath: /Game/SlashHitVFX/__GenericSource/SFX/Sfx_Hit_BloodKatana.Sfx_Hit_BloodKatana; 팩 루트: /Game/SlashHitVFX; Fab: https://www.fab.com/listings/f6bf529f-6db4-43a5-a5f1-2ff5b8d9a0f4; 원본 유지; 실제 재생·청취 사용자 확인 대기; 원본 길이: 0.75초; 원본 looping: False; 신규 스킬은 Niagara 내부 SFX 참조 사용; 별도 외부 sound 지정 없음"
"Slash and Hit VFX (with SFX)","SoundWave","/Game/SlashHitVFX/__GenericSource/SFX","Sfx_Hit_Fist","/Game/SlashHitVFX/NS/NS_Hit_Fist.NS_Hit_Fist","","AssetRegistry NS 오디오 의존; Niagara AudioPlayer SoundToPlay 바인딩 확인: /Game/SlashHitVFX/NS/NS_Hit_Fist.NS_Hit_Fist; SoundCue→SoundWave 전이 참조: /Game/SlashHitVFX/__GenericSource/SFX/Sfx_Hit_Fist_Cue.Sfx_Hit_Fist_Cue","2026-10-03 로컬 설치; 원본 objectpath: /Game/SlashHitVFX/__GenericSource/SFX/Sfx_Hit_Fist.Sfx_Hit_Fist; 팩 루트: /Game/SlashHitVFX; Fab: https://www.fab.com/listings/f6bf529f-6db4-43a5-a5f1-2ff5b8d9a0f4; 원본 유지; 실제 재생·청취 사용자 확인 대기; 원본 길이: 0.6637868285179138초; 원본 looping: False"
"Slash and Hit VFX (with SFX)","SoundWave","/Game/SlashHitVFX/__GenericSource/SFX","Sfx_Hit_Ground_Hammer","/Game/SlashHitVFX/NS/NS_Hit_GroundCrack.NS_Hit_GroundCrack","","AssetRegistry NS 오디오 의존; Niagara AudioPlayer SoundToPlay 바인딩 확인: /Game/SlashHitVFX/NS/NS_Hit_GroundCrack.NS_Hit_GroundCrack; SoundCue→SoundWave 전이 참조: /Game/SlashHitVFX/__GenericSource/SFX/Sfx_Hit_Ground_Hammer_Cue.Sfx_Hit_Ground_Hammer_Cue","2026-10-03 로컬 설치; 원본 objectpath: /Game/SlashHitVFX/__GenericSource/SFX/Sfx_Hit_Ground_Hammer.Sfx_Hit_Ground_Hammer; 팩 루트: /Game/SlashHitVFX; Fab: https://www.fab.com/listings/f6bf529f-6db4-43a5-a5f1-2ff5b8d9a0f4; 원본 유지; 실제 재생·청취 사용자 확인 대기; 원본 길이: 1.841972827911377초; 원본 looping: False"
"Slash and Hit VFX (with SFX)","SoundWave","/Game/SlashHitVFX/__GenericSource/SFX","Sfx_Hit_MagicStaff","/Game/SlashHitVFX/NS/NS_Hit_Halberd.NS_Hit_Halberd | /Game/SlashHitVFX/NS/NS_Hit_MagicWand.NS_Hit_MagicWand","","AssetRegistry NS 오디오 의존; Niagara AudioPlayer SoundToPlay 바인딩 확인: /Game/SlashHitVFX/NS/NS_Hit_Halberd.NS_Hit_Halberd | /Game/SlashHitVFX/NS/NS_Hit_MagicWand.NS_Hit_MagicWand; SoundCue→SoundWave 전이 참조: /Game/SlashHitVFX/__GenericSource/SFX/Sfx_Hit_MagicStaff_Cue.Sfx_Hit_MagicStaff_Cue","2026-10-03 로컬 설치; 원본 objectpath: /Game/SlashHitVFX/__GenericSource/SFX/Sfx_Hit_MagicStaff.Sfx_Hit_MagicStaff; 팩 루트: /Game/SlashHitVFX; Fab: https://www.fab.com/listings/f6bf529f-6db4-43a5-a5f1-2ff5b8d9a0f4; 원본 유지; 실제 재생·청취 사용자 확인 대기; 원본 길이: 1.0022292137145996초; 원본 looping: False"
"Slash and Hit VFX (with SFX)","SoundWave","/Game/SlashHitVFX/__GenericSource/SFX","Sfx_Hit_SpearGroundRift","/Game/SlashHitVFX/NS/NS_Hit_CurvedSwordBloodDirection.NS_Hit_CurvedSwordBloodDirection | /Game/SlashHitVFX/NS/NS_Hit_GroundRift.NS_Hit_GroundRift | /Game/SlashHitVFX/NS/NS_Hit_Halberd.NS_Hit_Halberd","/Game/User_JeHoon/Blueprint/DataAsset/Skills/DrGame/SlashHitVFX/DA_DrGame_SlashHitVFX_Slash_CurvedSword | /Game/User_JeHoon/Blueprint/DataAsset/Skills/DrGame/SlashHitVFX/DA_DrGame_SlashHitVFX_Slash_Reaper","AssetRegistry NS 오디오 의존; Niagara AudioPlayer SoundToPlay 바인딩 확인: /Game/SlashHitVFX/NS/NS_Hit_CurvedSwordBloodDirection.NS_Hit_CurvedSwordBloodDirection | /Game/SlashHitVFX/NS/NS_Hit_GroundRift.NS_Hit_GroundRift | /Game/SlashHitVFX/NS/NS_Hit_Halberd.NS_Hit_Halberd; SoundCue→SoundWave 전이 참조: /Game/SlashHitVFX/__GenericSource/SFX/Sfx_Hit_SpearGroundRift_Cue.Sfx_Hit_SpearGroundRift_Cue; 생성 명세 단계: 곡검 참격(피격) | 낫 참격(피격)","2026-10-03 로컬 설치; 원본 objectpath: /Game/SlashHitVFX/__GenericSource/SFX/Sfx_Hit_SpearGroundRift.Sfx_Hit_SpearGroundRift; 팩 루트: /Game/SlashHitVFX; Fab: https://www.fab.com/listings/f6bf529f-6db4-43a5-a5f1-2ff5b8d9a0f4; 원본 유지; 실제 재생·청취 사용자 확인 대기; 원본 길이: 1.7462584972381592초; 원본 looping: False; 신규 스킬은 Niagara 내부 SFX 참조 사용; 별도 외부 sound 지정 없음"
"Slash and Hit VFX (with SFX)","SoundWave","/Game/SlashHitVFX/__GenericSource/SFX","Sfx_Hit_Stick","/Game/SlashHitVFX/NS/NS_Hit_Stick.NS_Hit_Stick","","AssetRegistry NS 오디오 의존; Niagara AudioPlayer SoundToPlay 바인딩 확인: /Game/SlashHitVFX/NS/NS_Hit_Stick.NS_Hit_Stick; SoundCue→SoundWave 전이 참조: /Game/SlashHitVFX/__GenericSource/SFX/Sfx_Hit_Stick_Cue.Sfx_Hit_Stick_Cue","2026-10-03 로컬 설치; 원본 objectpath: /Game/SlashHitVFX/__GenericSource/SFX/Sfx_Hit_Stick.Sfx_Hit_Stick; 팩 루트: /Game/SlashHitVFX; Fab: https://www.fab.com/listings/f6bf529f-6db4-43a5-a5f1-2ff5b8d9a0f4; 원본 유지; 실제 재생·청취 사용자 확인 대기; 원본 길이: 1.0초; 원본 looping: False"
"Slash and Hit VFX (with SFX)","SoundWave","/Game/SlashHitVFX/__GenericSource/SFX","Sfx_Hit_SwordDagger","/Game/SlashHitVFX/NS/NS_Hit_Dagger.NS_Hit_Dagger | /Game/SlashHitVFX/NS/NS_Hit_Sword.NS_Hit_Sword","","AssetRegistry NS 오디오 의존; Niagara AudioPlayer SoundToPlay 바인딩 확인: /Game/SlashHitVFX/NS/NS_Hit_Dagger.NS_Hit_Dagger | /Game/SlashHitVFX/NS/NS_Hit_Sword.NS_Hit_Sword; SoundCue→SoundWave 전이 참조: /Game/SlashHitVFX/__GenericSource/SFX/Sfx_Hit_Dagger_Cue.Sfx_Hit_Dagger_Cue | /Game/SlashHitVFX/__GenericSource/SFX/Sfx_Hit_Sword_Cue.Sfx_Hit_Sword_Cue","2026-10-03 로컬 설치; 원본 objectpath: /Game/SlashHitVFX/__GenericSource/SFX/Sfx_Hit_SwordDagger.Sfx_Hit_SwordDagger; 팩 루트: /Game/SlashHitVFX; Fab: https://www.fab.com/listings/f6bf529f-6db4-43a5-a5f1-2ff5b8d9a0f4; 원본 유지; 실제 재생·청취 사용자 확인 대기; 원본 길이: 1.1250113248825073초; 원본 looping: False"
"Slash and Hit VFX (with SFX)","SoundWave","/Game/SlashHitVFX/__GenericSource/SFX","Sfx_Hit_Whip","/Game/SlashHitVFX/NS/NS_Hit_Whip.NS_Hit_Whip","","AssetRegistry NS 오디오 의존; Niagara AudioPlayer SoundToPlay 바인딩 확인: /Game/SlashHitVFX/NS/NS_Hit_Whip.NS_Hit_Whip; SoundCue→SoundWave 전이 참조: /Game/SlashHitVFX/__GenericSource/SFX/Sfx_Hit_Whip_Cue.Sfx_Hit_Whip_Cue","2026-10-03 로컬 설치; 원본 objectpath: /Game/SlashHitVFX/__GenericSource/SFX/Sfx_Hit_Whip.Sfx_Hit_Whip; 팩 루트: /Game/SlashHitVFX; Fab: https://www.fab.com/listings/f6bf529f-6db4-43a5-a5f1-2ff5b8d9a0f4; 원본 유지; 실제 재생·청취 사용자 확인 대기; 원본 길이: 0.7221875190734863초; 원본 looping: False"
"Slash and Hit VFX (with SFX)","SoundWave","/Game/SlashHitVFX/__GenericSource/SFX","Sfx_Hit_axe","/Game/SlashHitVFX/NS/NS_Hit_Axe.NS_Hit_Axe","/Game/User_JeHoon/Blueprint/DataAsset/Skills/DrGame/SlashHitVFX/DA_DrGame_SlashHitVFX_Slash_Axe","AssetRegistry NS 오디오 의존; Niagara AudioPlayer SoundToPlay 바인딩 확인: /Game/SlashHitVFX/NS/NS_Hit_Axe.NS_Hit_Axe; SoundCue→SoundWave 전이 참조: /Game/SlashHitVFX/__GenericSource/SFX/Sfx_Hit_axe_Cue.Sfx_Hit_axe_Cue; 생성 명세 단계: 도끼 참격(피격)","2026-10-03 로컬 설치; 원본 objectpath: /Game/SlashHitVFX/__GenericSource/SFX/Sfx_Hit_axe.Sfx_Hit_axe; 팩 루트: /Game/SlashHitVFX; Fab: https://www.fab.com/listings/f6bf529f-6db4-43a5-a5f1-2ff5b8d9a0f4; 원본 유지; 실제 재생·청취 사용자 확인 대기; 원본 길이: 1.2120181322097778초; 원본 looping: False; 신규 스킬은 Niagara 내부 SFX 참조 사용; 별도 외부 sound 지정 없음"
"Slash and Hit VFX (with SFX)","SoundWave","/Game/SlashHitVFX/__GenericSource/SFX","Sfx_Weapon_Axe2","/Game/SlashHitVFX/NS/NS_Slash_Axe.NS_Slash_Axe","/Game/User_JeHoon/Blueprint/DataAsset/Skills/DrGame/SlashHitVFX/DA_DrGame_SlashHitVFX_Slash_Axe","AssetRegistry NS 오디오 의존; Niagara AudioPlayer SoundToPlay 바인딩 확인: /Game/SlashHitVFX/NS/NS_Slash_Axe.NS_Slash_Axe; SoundCue→SoundWave 전이 참조: /Game/SlashHitVFX/__GenericSource/SFX/Sfx_Weapon_Axe2_Cue.Sfx_Weapon_Axe2_Cue | /Game/SlashHitVFX/__GenericSource/SFX/Sfx_Weapon_BroadSword_Cue.Sfx_Weapon_BroadSword_Cue; 생성 명세 단계: 도끼 참격(주효과)","2026-10-03 로컬 설치; 원본 objectpath: /Game/SlashHitVFX/__GenericSource/SFX/Sfx_Weapon_Axe2.Sfx_Weapon_Axe2; 팩 루트: /Game/SlashHitVFX; Fab: https://www.fab.com/listings/f6bf529f-6db4-43a5-a5f1-2ff5b8d9a0f4; 원본 유지; 실제 재생·청취 사용자 확인 대기; 원본 길이: 1.0057708024978638초; 원본 looping: False; 신규 스킬은 Niagara 내부 SFX 참조 사용; 별도 외부 sound 지정 없음"
"Slash and Hit VFX (with SFX)","SoundWave","/Game/SlashHitVFX/__GenericSource/SFX","Sfx_Weapon_BigSword","","","원본 제공 오디오; NS 오디오 참조·신규 독립 스킬 연결 없음","2026-10-03 로컬 설치; 원본 objectpath: /Game/SlashHitVFX/__GenericSource/SFX/Sfx_Weapon_BigSword.Sfx_Weapon_BigSword; 팩 루트: /Game/SlashHitVFX; Fab: https://www.fab.com/listings/f6bf529f-6db4-43a5-a5f1-2ff5b8d9a0f4; 원본 유지; 실제 재생·청취 사용자 확인 대기; 원본 길이: 0.9513378739356995초; 원본 looping: False"
"Slash and Hit VFX (with SFX)","SoundWave","/Game/SlashHitVFX/__GenericSource/SFX","Sfx_Weapon_Blade","","","원본 제공 오디오; NS 오디오 참조·신규 독립 스킬 연결 없음","2026-10-03 로컬 설치; 원본 objectpath: /Game/SlashHitVFX/__GenericSource/SFX/Sfx_Weapon_Blade.Sfx_Weapon_Blade; 팩 루트: /Game/SlashHitVFX; Fab: https://www.fab.com/listings/f6bf529f-6db4-43a5-a5f1-2ff5b8d9a0f4; 원본 유지; 실제 재생·청취 사용자 확인 대기; 원본 길이: 1.574126958847046초; 원본 looping: False"
"Slash and Hit VFX (with SFX)","SoundWave","/Game/SlashHitVFX/__GenericSource/SFX","Sfx_Weapon_BroadSword","","","원본 제공 오디오; NS 오디오 참조·신규 독립 스킬 연결 없음","2026-10-03 로컬 설치; 원본 objectpath: /Game/SlashHitVFX/__GenericSource/SFX/Sfx_Weapon_BroadSword.Sfx_Weapon_BroadSword; 팩 루트: /Game/SlashHitVFX; Fab: https://www.fab.com/listings/f6bf529f-6db4-43a5-a5f1-2ff5b8d9a0f4; 원본 유지; 실제 재생·청취 사용자 확인 대기; 원본 길이: 0.5661458373069763초; 원본 looping: False"
"Slash and Hit VFX (with SFX)","SoundWave","/Game/SlashHitVFX/__GenericSource/SFX","Sfx_Weapon_Claw","","","원본 제공 오디오; NS 오디오 참조·신규 독립 스킬 연결 없음","2026-10-03 로컬 설치; 원본 objectpath: /Game/SlashHitVFX/__GenericSource/SFX/Sfx_Weapon_Claw.Sfx_Weapon_Claw; 팩 루트: /Game/SlashHitVFX; Fab: https://www.fab.com/listings/f6bf529f-6db4-43a5-a5f1-2ff5b8d9a0f4; 원본 유지; 실제 재생·청취 사용자 확인 대기; 원본 길이: 2.0초; 원본 looping: False"
"Slash and Hit VFX (with SFX)","SoundWave","/Game/SlashHitVFX/__GenericSource/SFX","Sfx_Weapon_Claw02","","","원본 제공 오디오; NS 오디오 참조·신규 독립 스킬 연결 없음","2026-10-03 로컬 설치; 원본 objectpath: /Game/SlashHitVFX/__GenericSource/SFX/Sfx_Weapon_Claw02.Sfx_Weapon_Claw02; 팩 루트: /Game/SlashHitVFX; Fab: https://www.fab.com/listings/f6bf529f-6db4-43a5-a5f1-2ff5b8d9a0f4; 원본 유지; 실제 재생·청취 사용자 확인 대기; 원본 길이: 0.9246875047683716초; 원본 looping: False"
"Slash and Hit VFX (with SFX)","SoundWave","/Game/SlashHitVFX/__GenericSource/SFX","Sfx_Weapon_CurvedSword","/Game/SlashHitVFX/NS/NS_Slash_CurvedSword.NS_Slash_CurvedSword","/Game/User_JeHoon/Blueprint/DataAsset/Skills/DrGame/SlashHitVFX/DA_DrGame_SlashHitVFX_Slash_CurvedSword","AssetRegistry NS 오디오 의존; Niagara AudioPlayer SoundToPlay 바인딩 확인: /Game/SlashHitVFX/NS/NS_Slash_CurvedSword.NS_Slash_CurvedSword; SoundCue→SoundWave 전이 참조: /Game/SlashHitVFX/__GenericSource/SFX/Sfx_Weapon_CurvedSword_Cue.Sfx_Weapon_CurvedSword_Cue | /Game/SlashHitVFX/__GenericSource/SFX/Sfx_Weapon_CurvedSword_Cue1.Sfx_Weapon_CurvedSword_Cue1; 생성 명세 단계: 곡검 참격(주효과)","2026-10-03 로컬 설치; 원본 objectpath: /Game/SlashHitVFX/__GenericSource/SFX/Sfx_Weapon_CurvedSword.Sfx_Weapon_CurvedSword; 팩 루트: /Game/SlashHitVFX; Fab: https://www.fab.com/listings/f6bf529f-6db4-43a5-a5f1-2ff5b8d9a0f4; 원본 유지; 실제 재생·청취 사용자 확인 대기; 원본 길이: 1.574126958847046초; 원본 looping: False; 신규 스킬은 Niagara 내부 SFX 참조 사용; 별도 외부 sound 지정 없음"
"Slash and Hit VFX (with SFX)","SoundWave","/Game/SlashHitVFX/__GenericSource/SFX","Sfx_Weapon_Dagger","","","원본 제공 오디오; NS 오디오 참조·신규 독립 스킬 연결 없음","2026-10-03 로컬 설치; 원본 objectpath: /Game/SlashHitVFX/__GenericSource/SFX/Sfx_Weapon_Dagger.Sfx_Weapon_Dagger; 팩 루트: /Game/SlashHitVFX; Fab: https://www.fab.com/listings/f6bf529f-6db4-43a5-a5f1-2ff5b8d9a0f4; 원본 유지; 실제 재생·청취 사용자 확인 대기; 원본 길이: 0.75초; 원본 looping: False"
"Slash and Hit VFX (with SFX)","SoundWave","/Game/SlashHitVFX/__GenericSource/SFX","Sfx_Weapon_Fist0","","","원본 제공 오디오; NS 오디오 참조·신규 독립 스킬 연결 없음","2026-10-03 로컬 설치; 원본 objectpath: /Game/SlashHitVFX/__GenericSource/SFX/Sfx_Weapon_Fist0.Sfx_Weapon_Fist0; 팩 루트: /Game/SlashHitVFX; Fab: https://www.fab.com/listings/f6bf529f-6db4-43a5-a5f1-2ff5b8d9a0f4; 원본 유지; 실제 재생·청취 사용자 확인 대기; 원본 길이: 0.8782708048820496초; 원본 looping: False"
"Slash and Hit VFX (with SFX)","SoundWave","/Game/SlashHitVFX/__GenericSource/SFX","Sfx_Weapon_Hammer","","","원본 제공 오디오; NS 오디오 참조·신규 독립 스킬 연결 없음","2026-10-03 로컬 설치; 원본 objectpath: /Game/SlashHitVFX/__GenericSource/SFX/Sfx_Weapon_Hammer.Sfx_Weapon_Hammer; 팩 루트: /Game/SlashHitVFX; Fab: https://www.fab.com/listings/f6bf529f-6db4-43a5-a5f1-2ff5b8d9a0f4; 원본 유지; 실제 재생·청취 사용자 확인 대기; 원본 길이: 0.7282916903495789초; 원본 looping: False"
"Slash and Hit VFX (with SFX)","SoundWave","/Game/SlashHitVFX/__GenericSource/SFX","Sfx_Weapon_Hammer2","","","원본 제공 오디오; NS 오디오 참조·신규 독립 스킬 연결 없음","2026-10-03 로컬 설치; 원본 objectpath: /Game/SlashHitVFX/__GenericSource/SFX/Sfx_Weapon_Hammer2.Sfx_Weapon_Hammer2; 팩 루트: /Game/SlashHitVFX; Fab: https://www.fab.com/listings/f6bf529f-6db4-43a5-a5f1-2ff5b8d9a0f4; 원본 유지; 실제 재생·청취 사용자 확인 대기; 원본 길이: 0.8344898223876953초; 원본 looping: False"
"Slash and Hit VFX (with SFX)","SoundWave","/Game/SlashHitVFX/__GenericSource/SFX","Sfx_Weapon_Katana","/Game/SlashHitVFX/NS/NS_Slash_Katana.NS_Slash_Katana","/Game/User_JeHoon/Blueprint/DataAsset/Skills/DrGame/SlashHitVFX/DA_DrGame_SlashHitVFX_Slash_Katana","AssetRegistry NS 오디오 의존; Niagara AudioPlayer SoundToPlay 바인딩 확인: /Game/SlashHitVFX/NS/NS_Slash_Katana.NS_Slash_Katana; SoundCue→SoundWave 전이 참조: /Game/SlashHitVFX/__GenericSource/SFX/Sfx_Weapon_Katana_Cue.Sfx_Weapon_Katana_Cue; 생성 명세 단계: 발도 참격(주효과)","2026-10-03 로컬 설치; 원본 objectpath: /Game/SlashHitVFX/__GenericSource/SFX/Sfx_Weapon_Katana.Sfx_Weapon_Katana; 팩 루트: /Game/SlashHitVFX; Fab: https://www.fab.com/listings/f6bf529f-6db4-43a5-a5f1-2ff5b8d9a0f4; 원본 유지; 실제 재생·청취 사용자 확인 대기; 원본 길이: 1.7462584972381592초; 원본 looping: False; 신규 스킬은 Niagara 내부 SFX 참조 사용; 별도 외부 sound 지정 없음"
"Slash and Hit VFX (with SFX)","SoundWave","/Game/SlashHitVFX/__GenericSource/SFX","Sfx_Weapon_Scythe01","","","원본 제공 오디오; NS 오디오 참조·신규 독립 스킬 연결 없음","2026-10-03 로컬 설치; 원본 objectpath: /Game/SlashHitVFX/__GenericSource/SFX/Sfx_Weapon_Scythe01.Sfx_Weapon_Scythe01; 팩 루트: /Game/SlashHitVFX; Fab: https://www.fab.com/listings/f6bf529f-6db4-43a5-a5f1-2ff5b8d9a0f4; 원본 유지; 실제 재생·청취 사용자 확인 대기; 원본 길이: 0.8492291569709778초; 원본 looping: False"
"Slash and Hit VFX (with SFX)","SoundWave","/Game/SlashHitVFX/__GenericSource/SFX","Sfx_Weapon_Scythe02","/Game/SlashHitVFX/NS/NS_Slash_Reaper.NS_Slash_Reaper","/Game/User_JeHoon/Blueprint/DataAsset/Skills/DrGame/SlashHitVFX/DA_DrGame_SlashHitVFX_Slash_Reaper","AssetRegistry NS 오디오 의존; Niagara AudioPlayer SoundToPlay 바인딩 확인: /Game/SlashHitVFX/NS/NS_Slash_Reaper.NS_Slash_Reaper; SoundCue→SoundWave 전이 참조: /Game/SlashHitVFX/__GenericSource/SFX/Sfx_Weapon_Scythe02_Cue.Sfx_Weapon_Scythe02_Cue; 생성 명세 단계: 낫 참격(주효과)","2026-10-03 로컬 설치; 원본 objectpath: /Game/SlashHitVFX/__GenericSource/SFX/Sfx_Weapon_Scythe02.Sfx_Weapon_Scythe02; 팩 루트: /Game/SlashHitVFX; Fab: https://www.fab.com/listings/f6bf529f-6db4-43a5-a5f1-2ff5b8d9a0f4; 원본 유지; 실제 재생·청취 사용자 확인 대기; 원본 길이: 0.6448072791099548초; 원본 looping: False; 신규 스킬은 Niagara 내부 SFX 참조 사용; 별도 외부 sound 지정 없음"
"Slash and Hit VFX (with SFX)","SoundWave","/Game/SlashHitVFX/__GenericSource/SFX","Sfx_Weapon_Spear01","","","원본 제공 오디오; NS 오디오 참조·신규 독립 스킬 연결 없음","2026-10-03 로컬 설치; 원본 objectpath: /Game/SlashHitVFX/__GenericSource/SFX/Sfx_Weapon_Spear01.Sfx_Weapon_Spear01; 팩 루트: /Game/SlashHitVFX; Fab: https://www.fab.com/listings/f6bf529f-6db4-43a5-a5f1-2ff5b8d9a0f4; 원본 유지; 실제 재생·청취 사용자 확인 대기; 원본 길이: 1.0383332967758179초; 원본 looping: False"
"Slash and Hit VFX (with SFX)","SoundWave","/Game/SlashHitVFX/__GenericSource/SFX","Sfx_Weapon_Staff","","","원본 제공 오디오; NS 오디오 참조·신규 독립 스킬 연결 없음","2026-10-03 로컬 설치; 원본 objectpath: /Game/SlashHitVFX/__GenericSource/SFX/Sfx_Weapon_Staff.Sfx_Weapon_Staff; 팩 루트: /Game/SlashHitVFX; Fab: https://www.fab.com/listings/f6bf529f-6db4-43a5-a5f1-2ff5b8d9a0f4; 원본 유지; 실제 재생·청취 사용자 확인 대기; 원본 길이: 1.26664400100708초; 원본 looping: False"
"Slash and Hit VFX (with SFX)","SoundWave","/Game/SlashHitVFX/__GenericSource/SFX","Sfx_Weapon_Swing_Rod","","","원본 제공 오디오; NS 오디오 참조·신규 독립 스킬 연결 없음","2026-10-03 로컬 설치; 원본 objectpath: /Game/SlashHitVFX/__GenericSource/SFX/Sfx_Weapon_Swing_Rod.Sfx_Weapon_Swing_Rod; 팩 루트: /Game/SlashHitVFX; Fab: https://www.fab.com/listings/f6bf529f-6db4-43a5-a5f1-2ff5b8d9a0f4; 원본 유지; 실제 재생·청취 사용자 확인 대기; 원본 길이: 0.16452082991600037초; 원본 looping: False"
"Slash and Hit VFX (with SFX)","SoundWave","/Game/SlashHitVFX/__GenericSource/SFX","Sfx_Weapon_Swing_Stick01","","","원본 제공 오디오; NS 오디오 참조·신규 독립 스킬 연결 없음","2026-10-03 로컬 설치; 원본 objectpath: /Game/SlashHitVFX/__GenericSource/SFX/Sfx_Weapon_Swing_Stick01.Sfx_Weapon_Swing_Stick01; 팩 루트: /Game/SlashHitVFX; Fab: https://www.fab.com/listings/f6bf529f-6db4-43a5-a5f1-2ff5b8d9a0f4; 원본 유지; 실제 재생·청취 사용자 확인 대기; 원본 길이: 0.20747916400432587초; 원본 looping: False"
"Slash and Hit VFX (with SFX)","SoundWave","/Game/SlashHitVFX/__GenericSource/SFX","Sfx_Weapon_Sword01","","","원본 제공 오디오; NS 오디오 참조·신규 독립 스킬 연결 없음","2026-10-03 로컬 설치; 원본 objectpath: /Game/SlashHitVFX/__GenericSource/SFX/Sfx_Weapon_Sword01.Sfx_Weapon_Sword01; 팩 루트: /Game/SlashHitVFX; Fab: https://www.fab.com/listings/f6bf529f-6db4-43a5-a5f1-2ff5b8d9a0f4; 원본 유지; 실제 재생·청취 사용자 확인 대기; 원본 길이: 0.24297916889190674초; 원본 looping: False"
"Slash and Hit VFX (with SFX)","SoundWave","/Game/SlashHitVFX/__GenericSource/SFX","Sfx_Weapon_Wand","","","원본 제공 오디오; NS 오디오 참조·신규 독립 스킬 연결 없음","2026-10-03 로컬 설치; 원본 objectpath: /Game/SlashHitVFX/__GenericSource/SFX/Sfx_Weapon_Wand.Sfx_Weapon_Wand; 팩 루트: /Game/SlashHitVFX; Fab: https://www.fab.com/listings/f6bf529f-6db4-43a5-a5f1-2ff5b8d9a0f4; 원본 유지; 실제 재생·청취 사용자 확인 대기; 원본 길이: 2.0971457958221436초; 원본 looping: False"
"Slash and Hit VFX (with SFX)","SoundWave","/Game/SlashHitVFX/__GenericSource/SFX","Sfx_Weapon_Whip","","","원본 제공 오디오; NS 오디오 참조·신규 독립 스킬 연결 없음","2026-10-03 로컬 설치; 원본 objectpath: /Game/SlashHitVFX/__GenericSource/SFX/Sfx_Weapon_Whip.Sfx_Weapon_Whip; 팩 루트: /Game/SlashHitVFX; Fab: https://www.fab.com/listings/f6bf529f-6db4-43a5-a5f1-2ff5b8d9a0f4; 원본 유지; 실제 재생·청취 사용자 확인 대기; 원본 길이: 1.0초; 원본 looping: False"
"Slash and Hit VFX (with SFX)","SoundWave","/Game/SlashHitVFX/__GenericSource/SFX","sfx_Hit_hammer","","","원본 제공 오디오; NS 오디오 참조·신규 독립 스킬 연결 없음","2026-10-03 로컬 설치; 원본 objectpath: /Game/SlashHitVFX/__GenericSource/SFX/sfx_Hit_hammer.sfx_Hit_hammer; 팩 루트: /Game/SlashHitVFX; Fab: https://www.fab.com/listings/f6bf529f-6db4-43a5-a5f1-2ff5b8d9a0f4; 원본 유지; 실제 재생·청취 사용자 확인 대기; 원본 길이: 1.7462584972381592초; 원본 looping: False"
