"계열","세부 분류","속성·테마","에셋 형식","원본 팩","위치","에셋 이름","분류 근거","확인 사항","게임 내 이름","스킬 방식","방식 분류 기준"
"근접/Slash","무기 부착 효과","카오스","NiagaraSystem","SlashTrail_SoftTofu","/Game/SlashTrail_SoftTofu/Niagara/Matrix","NS_Sword_Matrix","이름: NS_Sword_Matrix; 테마 폴더: Matrix","2026-10-03 삭제 완료; 삭제 전 이력 경로; 확인 필요: 부착 위치·형태","문자 검기","보조 효과","기존 에셋 분류 무기 부착 효과 · 독립 스킬 제외"
"근접/Slash","무기 부착 효과","물리","NiagaraSystem","SlashTrail_SoftTofu","/Game/SlashTrail_SoftTofu/Niagara/Sand","NS_Sword_Sand","이름: NS_Sword_Sand; 테마 폴더: Sand","2026-10-03 삭제 완료; 삭제 전 이력 경로; 확인 필요: 부착 위치·형태","모래 검기","보조 효과","기존 에셋 분류 무기 부착 효과 · 독립 스킬 제외"
"근접/Slash","무기 부착 효과","냉기","NiagaraSystem","SlashTrail_SoftTofu","/Game/SlashTrail_SoftTofu/Niagara/Water","NS_Sword_Water","이름: NS_Sword_Water; 테마 폴더: Water","2026-10-03 삭제 완료; 삭제 전 이력 경로; 확인 필요: 부착 위치·형태","물결 검기","보조 효과","기존 에셋 분류 무기 부착 효과 · 독립 스킬 제외"
"근접/Slash","무기 부착 효과","물리","NiagaraSystem","SlashTrail_SoftTofu","/Game/SlashTrail_SoftTofu/Niagara/Wind","NS_Sword_Wind","이름: NS_Sword_Wind; 테마 폴더: Wind","2026-10-03 삭제 완료; 삭제 전 이력 경로; 확인 필요: 부착 위치·형태","바람 검기","보조 효과","기존 에셋 분류 무기 부착 효과 · 독립 스킬 제외"
"근접/Slash","무기 부착 효과","번개","NiagaraSystem","SlashTrail_SoftTofu","/Game/SlashTrail_SoftTofu/Niagara/Lightning","NS_Sword_Lightning","이름: NS_Sword_Lightning; 테마 폴더: Lightning","2026-10-03 삭제 완료; 삭제 전 이력 경로; 확인 필요: 부착 위치·형태","뇌전 검기","보조 효과","기존 에셋 분류 무기 부착 효과 · 독립 스킬 제외"
"근접/Slash","무기 부착 효과","번개","NiagaraSystem","SlashTrail_SoftTofu","/Game/SlashTrail_SoftTofu/Niagara/Cyberpunk","NS_Sword_CyberPunk","이름: NS_Sword_CyberPunk; 테마 폴더: Cyberpunk","2026-10-03 삭제 완료; 삭제 전 이력 경로; 확인 필요: 부착 위치·형태","전광 검기","보조 효과","기존 에셋 분류 무기 부착 효과 · 독립 스킬 제외"
"근접/Slash","무기 부착 효과","카오스","NiagaraSystem","SlashTrail_SoftTofu","/Game/SlashTrail_SoftTofu/Niagara/Mystic","NS_Sword_Mystic","이름: NS_Sword_Mystic; 테마 폴더: Mystic","2026-10-03 삭제 완료; 삭제 전 이력 경로; 확인 필요: 부착 위치·형태","신비 검기","보조 효과","기존 에셋 분류 무기 부착 효과 · 독립 스킬 제외"
"근접/Slash","무기 부착 효과","카오스","NiagaraSystem","SlashTrail_SoftTofu","/Game/SlashTrail_SoftTofu/Niagara/Dark","NS_Sword_Dark","이름: NS_Sword_Dark; 테마 폴더: Dark","2026-10-03 삭제 완료; 삭제 전 이력 경로; 확인 필요: 부착 위치·형태","어둠 검기","보조 효과","기존 에셋 분류 무기 부착 효과 · 독립 스킬 제외"
"근접/Slash","무기 부착 효과","냉기","NiagaraSystem","SlashTrail_SoftTofu","/Game/SlashTrail_SoftTofu/Niagara/Ice","NS_Sword_Ice","이름: NS_Sword_Ice; 테마 폴더: Ice","2026-10-03 삭제 완료; 삭제 전 이력 경로; 확인 필요: 부착 위치·형태","서리 검기","보조 효과","기존 에셋 분류 무기 부착 효과 · 독립 스킬 제외"
"근접/Slash","무기 부착 효과","물리","NiagaraSystem","SlashTrail_SoftTofu","/Game/SlashTrail_SoftTofu/Niagara/Music","NS_Sword_Music","이름: NS_Sword_Music; 테마 폴더: Music","2026-10-03 삭제 완료; 삭제 전 이력 경로; 확인 필요: 부착 위치·형태","선율 검기","보조 효과","기존 에셋 분류 무기 부착 효과 · 독립 스킬 제외"
"근접/Slash","무기 부착 효과","물리","NiagaraSystem","SlashTrail_SoftTofu","/Game/SlashTrail_SoftTofu/Niagara/Nature","NS_Sword_Nature","이름: NS_Sword_Nature; 테마 폴더: Nature","2026-10-03 삭제 완료; 삭제 전 이력 경로; 확인 필요: 부착 위치·형태","숲 검기","보조 효과","기존 에셋 분류 무기 부착 효과 · 독립 스킬 제외"
"근접/Slash","무기 부착 효과","불","NiagaraSystem","SlashTrail_SoftTofu","/Game/SlashTrail_SoftTofu/Niagara/Fire","NS_Sword_Fire","이름: NS_Sword_Fire; 테마 폴더: Fire","2026-10-03 삭제 완료; 삭제 전 이력 경로; 확인 필요: 부착 위치·형태","화염 검기","보조 효과","기존 에셋 분류 무기 부착 효과 · 독립 스킬 제외"
"근접/Slash","무기 부착 효과","번개","NiagaraSystem","SlashTrail_SoftTofu","/Game/SlashTrail_SoftTofu/Niagara/Scifi","NS_Sword_Scifi","이름: NS_Sword_Scifi; 테마 폴더: Scifi","2026-10-03 삭제 완료; 삭제 전 이력 경로; 확인 필요: 부착 위치·형태","광자 검기","보조 효과","기존 에셋 분류 무기 부착 효과 · 독립 스킬 제외"
"근접/Slash","무기 Trail","카오스","ParticleSystem","TrailPack","/Game/TrailPack/Particles/Cascade/Magic/Sword_Trail","P_TMagic","유형 폴더: Magic/Sword_Trail","2026-10-03 삭제 완료; 삭제 전 이력 경로","마력의 검흔 1","보조 효과","기존 에셋 분류 무기 Trail · 독립 스킬 제외"
"근접/Slash","무기 Trail","카오스","NiagaraSystem","TrailPack","/Game/TrailPack/Particles/Niagara/Magic/Trail","NS_MagicTrail","유형 폴더: Magic/Trail","2026-10-03 삭제 완료; 삭제 전 이력 경로","마력의 검흔 2","보조 효과","기존 에셋 분류 무기 Trail · 독립 스킬 제외"
"근접/Slash","무기 Trail","불 + 냉기 + 번개","ParticleSystem","TrailPack","/Game/TrailPack/Particles/Cascade/RainbowFlare/Trail","P_Flare","유형 폴더: RainbowFlare/Trail","2026-10-03 삭제 완료; 삭제 전 이력 경로","찬란한 검흔 1","보조 효과","기존 에셋 분류 무기 Trail · 독립 스킬 제외"
"근접/Slash","무기 Trail","불 + 냉기 + 번개","ParticleSystem","TrailPack","/Game/TrailPack/Particles/Cascade/RainbowFlare/Trail","P_FlareSoft","유형 폴더: RainbowFlare/Trail","2026-10-03 삭제 완료; 삭제 전 이력 경로","은은한 검흔 1","보조 효과","기존 에셋 분류 무기 Trail · 독립 스킬 제외"
"근접/Slash","무기 Trail","불 + 냉기 + 번개","NiagaraSystem","TrailPack","/Game/TrailPack/Particles/Niagara/RainbowFlare/Trail","NS_Flare","유형 폴더: RainbowFlare/Trail","2026-10-03 삭제 완료; 삭제 전 이력 경로","찬란한 검흔 2","보조 효과","기존 에셋 분류 무기 Trail · 독립 스킬 제외"
"근접/Slash","무기 Trail","불 + 냉기 + 번개","NiagaraSystem","TrailPack","/Game/TrailPack/Particles/Niagara/RainbowFlare/Trail","NS_FlareSoft","유형 폴더: RainbowFlare/Trail","2026-10-03 삭제 완료; 삭제 전 이력 경로","은은한 검흔 2","보조 효과","기존 에셋 분류 무기 Trail · 독립 스킬 제외"
"근접/Slash","무기 Trail","물리","NiagaraSystem","SwordTrailVFX","/Game/SwordTrailVFX/VFX","NS_Trail_01","이름: NS_Trail_01","2026-10-03 삭제 완료; 삭제 전 이력 경로","검흔 1","보조 효과","기존 에셋 분류 무기 Trail · 독립 스킬 제외"
"근접/Slash","무기 Trail","물리","NiagaraSystem","SwordTrailVFX","/Game/SwordTrailVFX/VFX","NS_Trail_02","이름: NS_Trail_02","2026-10-03 삭제 완료; 삭제 전 이력 경로","검의 잔상","보조 효과","기존 에셋 분류 무기 Trail · 독립 스킬 제외"
"근접/Slash","무기 Trail","물리","NiagaraSystem","SwordTrailVFX","/Game/SwordTrailVFX/VFX","NS_Trail_03","이름: NS_Trail_03","2026-10-03 삭제 완료; 삭제 전 이력 경로","검의 잔향","보조 효과","기존 에셋 분류 무기 Trail · 독립 스킬 제외"
"근접/Slash","무기 Trail","물리","NiagaraSystem","SwordTrailVFX","/Game/SwordTrailVFX/VFX","NS_Trail_04","이름: NS_Trail_04","2026-10-03 삭제 완료; 삭제 전 이력 경로","칼날의 흔적","보조 효과","기존 에셋 분류 무기 Trail · 독립 스킬 제외"
"근접/Slash","무기 Trail","물리","NiagaraSystem","SwordTrailVFX","/Game/SwordTrailVFX/VFX","NS_Trail_05","이름: NS_Trail_05","2026-10-03 삭제 완료; 삭제 전 이력 경로","칼날의 잔상","보조 효과","기존 에셋 분류 무기 Trail · 독립 스킬 제외"
"근접/Slash","무기 Trail","물리","NiagaraSystem","SwordTrailVFX","/Game/SwordTrailVFX/VFX","NS_Trail_06","이름: NS_Trail_06","2026-10-03 삭제 완료; 삭제 전 이력 경로","칼날의 잔향","보조 효과","기존 에셋 분류 무기 Trail · 독립 스킬 제외"
"근접/Slash","무기 Trail","물리","NiagaraSystem","SwordTrailVFX","/Game/SwordTrailVFX/VFX","NS_Trail_07","이름: NS_Trail_07","2026-10-03 삭제 완료; 삭제 전 이력 경로","베기의 흔적","보조 효과","기존 에셋 분류 무기 Trail · 독립 스킬 제외"
"근접/Slash","무기 Trail","물리","NiagaraSystem","SwordTrailVFX","/Game/SwordTrailVFX/VFX","NS_Trail_08","이름: NS_Trail_08","2026-10-03 삭제 완료; 삭제 전 이력 경로","베기의 잔상","보조 효과","기존 에셋 분류 무기 Trail · 독립 스킬 제외"
"근접/Slash","무기 Trail","물리","NiagaraSystem","SwordTrailVFX","/Game/SwordTrailVFX/VFX","NS_Trail_09","이름: NS_Trail_09","2026-10-03 삭제 완료; 삭제 전 이력 경로","베기의 잔향","보조 효과","기존 에셋 분류 무기 Trail · 독립 스킬 제외"
"근접/Slash","무기 Trail","물리","NiagaraSystem","SwordTrailVFX","/Game/SwordTrailVFX/VFX","NS_Trail_10","이름: NS_Trail_10","2026-10-03 삭제 완료; 삭제 전 이력 경로","검무의 흔적","보조 효과","기존 에셋 분류 무기 Trail · 독립 스킬 제외"
"근접/Slash","무기 Trail","물리","NiagaraSystem","SwordTrailVFX","/Game/SwordTrailVFX/VFX","NS_Trail_11","이름: NS_Trail_11","2026-10-03 삭제 완료; 삭제 전 이력 경로","검무의 잔상","보조 효과","기존 에셋 분류 무기 Trail · 독립 스킬 제외"
"근접/Slash","무기 Trail","물리","NiagaraSystem","SwordTrailVFX","/Game/SwordTrailVFX/VFX","NS_Trail_12","이름: NS_Trail_12","2026-10-03 삭제 완료; 삭제 전 이력 경로","검무의 잔향","보조 효과","기존 에셋 분류 무기 Trail · 독립 스킬 제외"
"근접/Slash","무기 Trail","물리","NiagaraSystem","SwordTrailVFX","/Game/SwordTrailVFX/VFX","NS_Trail_13","이름: NS_Trail_13","2026-10-03 삭제 완료; 삭제 전 이력 경로","검기의 흔적","보조 효과","기존 에셋 분류 무기 Trail · 독립 스킬 제외"
"근접/Slash","무기 Trail","물리","NiagaraSystem","SwordTrailVFX","/Game/SwordTrailVFX/VFX","NS_Trail_14","이름: NS_Trail_14","2026-10-03 삭제 완료; 삭제 전 이력 경로","검기의 잔상","보조 효과","기존 에셋 분류 무기 Trail · 독립 스킬 제외"
"근접/Slash","무기 Trail","물리","NiagaraSystem","SwordTrailVFX","/Game/SwordTrailVFX/VFX","NS_Trail_15","이름: NS_Trail_15","2026-10-03 삭제 완료; 삭제 전 이력 경로","검기의 잔향","보조 효과","기존 에셋 분류 무기 Trail · 독립 스킬 제외"
"근접/Slash","무기 Trail","물리","NiagaraSystem","SwordTrailVFX","/Game/SwordTrailVFX/VFX","NS_Trail_16","이름: NS_Trail_16","2026-10-03 삭제 완료; 삭제 전 이력 경로","무인의 검흔","보조 효과","기존 에셋 분류 무기 Trail · 독립 스킬 제외"
"근접/Slash","무기 Trail","물리","NiagaraSystem","SwordTrailVFX","/Game/SwordTrailVFX/VFX","NS_Trail_17","이름: NS_Trail_17","2026-10-03 삭제 완료; 삭제 전 이력 경로","검사의 잔상","보조 효과","기존 에셋 분류 무기 Trail · 독립 스킬 제외"
"근접/Slash","무기 Trail","물리","NiagaraSystem","SwordTrailVFX","/Game/SwordTrailVFX/VFX","NS_Trail_18","이름: NS_Trail_18","2026-10-03 삭제 완료; 삭제 전 이력 경로","검객의 잔향","보조 효과","기존 에셋 분류 무기 Trail · 독립 스킬 제외"
"근접/Slash","무기 Trail","물리","ParticleSystem","TrailPack","/Game/TrailPack/Particles/Cascade/Translucent_Wave/Trail","P_TranslucentWave01","유형 폴더: Translucent_Wave/Trail","2026-10-03 삭제 완료; 삭제 전 이력 경로","아른거리는 검흔 1","보조 효과","기존 에셋 분류 무기 Trail · 독립 스킬 제외"
"근접/Slash","무기 Trail","물리","ParticleSystem","TrailPack","/Game/TrailPack/Particles/Cascade/Translucent_Wave/Trail","P_TranslucentWave02","유형 폴더: Translucent_Wave/Trail","2026-10-03 삭제 완료; 삭제 전 이력 경로","희미한 검흔 1","보조 효과","기존 에셋 분류 무기 Trail · 독립 스킬 제외"
"근접/Slash","무기 Trail","물리","NiagaraSystem","TrailPack","/Game/TrailPack/Particles/Niagara/Translucent_Wave/Trail","NS_TranslucentWave01","유형 폴더: Translucent_Wave/Trail","2026-10-03 삭제 완료; 삭제 전 이력 경로","아른거리는 검흔 2","보조 효과","기존 에셋 분류 무기 Trail · 독립 스킬 제외"
"근접/Slash","무기 Trail","물리","NiagaraSystem","TrailPack","/Game/TrailPack/Particles/Niagara/Translucent_Wave/Trail","NS_TranslucentWave02","유형 폴더: Translucent_Wave/Trail","2026-10-03 삭제 완료; 삭제 전 이력 경로","희미한 검흔 2","보조 효과","기존 에셋 분류 무기 Trail · 독립 스킬 제외"
"근접/Slash","무기 Trail","카오스","ParticleSystem","TrailPack","/Game/TrailPack/Particles/Cascade/Corrosion/SwordTrail","P_Corrosion","유형 폴더: Corrosion/SwordTrail","2026-10-03 삭제 완료; 삭제 전 이력 경로","침식의 검흔 1","보조 효과","기존 에셋 분류 무기 Trail · 독립 스킬 제외"
"근접/Slash","무기 Trail","카오스","NiagaraSystem","TrailPack","/Game/TrailPack/Particles/Niagara/Corrosion/Trail","NS_Corrosion","유형 폴더: Corrosion/Trail","2026-10-03 삭제 완료; 삭제 전 이력 경로","침식의 검흔 2","보조 효과","기존 에셋 분류 무기 Trail · 독립 스킬 제외"
"근접/Slash","무기 Trail","불","ParticleSystem","TrailPack","/Game/TrailPack/Particles/Cascade/Phoenix/Trail","P_PhoenixTrail","유형 폴더: Phoenix/Trail","2026-10-03 삭제 완료; 삭제 전 이력 경로","불사조의 검흔 1","보조 효과","기존 에셋 분류 무기 Trail · 독립 스킬 제외"
"근접/Slash","무기 Trail","물리","ParticleSystem","TrailPack","/Game/TrailPack/Particles/Cascade/Phoenix/Trail","P_SpeedLines","유형 폴더: Phoenix/Trail","2026-10-03 삭제 완료; 삭제 전 이력 경로","질주의 흔적","보조 효과","기존 에셋 분류 무기 Trail · 독립 스킬 제외"
"근접/Slash","무기 Trail","불","NiagaraSystem","TrailPack","/Game/TrailPack/Particles/Niagara/Phoenix/Trail","NS_PhoenixTrail","유형 폴더: Phoenix/Trail","2026-10-03 삭제 완료; 삭제 전 이력 경로","불사조의 검흔 2","보조 효과","기존 에셋 분류 무기 Trail · 독립 스킬 제외"
"근접/Slash","무기 Trail","물리","ParticleSystem","TrailPack","/Game/TrailPack/Particles/Cascade/Speed/Sword_Trail","P_SpeedTrail","유형 폴더: Speed/Sword_Trail","2026-10-03 삭제 완료; 삭제 전 이력 경로","질풍의 검흔 1","보조 효과","기존 에셋 분류 무기 Trail · 독립 스킬 제외"
"근접/Slash","무기 Trail","물리","ParticleSystem","TrailPack","/Game/TrailPack/Particles/Cascade/Speed/Sword_Trail","P_SpeedTrail_Add","유형 폴더: Speed/Sword_Trail","2026-10-03 삭제 완료; 삭제 전 이력 경로","질풍 검흔의 잔광","보조 효과","기존 에셋 분류 무기 Trail · 독립 스킬 제외"
"근접/Slash","무기 Trail","물리","NiagaraSystem","TrailPack","/Game/TrailPack/Particles/Niagara/Speed/Trail","NS_SpeedTrail","유형 폴더: Speed/Trail","2026-10-03 삭제 완료; 삭제 전 이력 경로","질풍의 검흔 2","보조 효과","기존 에셋 분류 무기 Trail · 독립 스킬 제외"
"근접/Slash","무기 Trail","카오스","ParticleSystem","TrailPack","/Game/TrailPack/Particles/Cascade/Dark/Sword_Trail","P_DarkTrail","유형 폴더: Dark/Sword_Trail","2026-10-03 삭제 완료; 삭제 전 이력 경로","어둠의 검흔 1","보조 효과","기존 에셋 분류 무기 Trail · 독립 스킬 제외"
"근접/Slash","무기 Trail","카오스","NiagaraSystem","TrailPack","/Game/TrailPack/Particles/Niagara/Dark/Sword","NS_DarkTrail","유형 폴더: Dark/Sword","2026-10-03 삭제 완료; 삭제 전 이력 경로","어둠의 검흔 2","보조 효과","기존 에셋 분류 무기 Trail · 독립 스킬 제외"
"근접/Slash","무기 Trail","카오스","ParticleSystem","TrailPack","/Game/TrailPack/Particles/Cascade/Soul/Sword_Trail","P_SoulTwiTrail","유형 폴더: Soul/Sword_Trail","2026-10-03 삭제 완료; 삭제 전 이력 경로","영혼의 검흔 1","보조 효과","기존 에셋 분류 무기 Trail · 독립 스킬 제외"
"근접/Slash","무기 Trail","카오스","NiagaraSystem","TrailPack","/Game/TrailPack/Particles/Niagara/Soul/Trail","NS_SoulTwiTrail","유형 폴더: Soul/Trail","2026-10-03 삭제 완료; 삭제 전 이력 경로","영혼의 검흔 2","보조 효과","기존 에셋 분류 무기 Trail · 독립 스킬 제외"
"근접/Slash","무기 Trail","불 + 냉기 + 번개","ParticleSystem","TrailPack","/Game/TrailPack/Particles/Cascade/Elemental/Sword_Trail","P_Elemental_Inner","유형 폴더: Elemental/Sword_Trail","2026-10-03 삭제 완료; 삭제 전 이력 경로","원소의 검심","보조 효과","기존 에셋 분류 무기 Trail · 독립 스킬 제외"
"근접/Slash","무기 Trail","불 + 냉기 + 번개","ParticleSystem","TrailPack","/Game/TrailPack/Particles/Cascade/Elemental/Sword_Trail","P_Elemental_Main","유형 폴더: Elemental/Sword_Trail","2026-10-03 삭제 완료; 삭제 전 이력 경로","원소의 검흔 1","보조 효과","기존 에셋 분류 무기 Trail · 독립 스킬 제외"
"근접/Slash","무기 Trail","불 + 냉기 + 번개","ParticleSystem","TrailPack","/Game/TrailPack/Particles/Cascade/Elemental/Sword_Trail","P_Elemental_Outer","유형 폴더: Elemental/Sword_Trail","2026-10-03 삭제 완료; 삭제 전 이력 경로","원소 검흔의 잔향 1","보조 효과","기존 에셋 분류 무기 Trail · 독립 스킬 제외"
"근접/Slash","무기 Trail","불 + 냉기 + 번개","NiagaraSystem","TrailPack","/Game/TrailPack/Particles/Niagara/Elemental/Trail","NS_Elemental_Main","유형 폴더: Elemental/Trail","2026-10-03 삭제 완료; 삭제 전 이력 경로","원소의 검흔 2","보조 효과","기존 에셋 분류 무기 Trail · 독립 스킬 제외"
"근접/Slash","무기 Trail","불 + 냉기 + 번개","NiagaraSystem","TrailPack","/Game/TrailPack/Particles/Niagara/Elemental/Trail","NS_Elemental_Outer","유형 폴더: Elemental/Trail","2026-10-03 삭제 완료; 삭제 전 이력 경로","원소 검흔의 잔향 2","보조 효과","기존 에셋 분류 무기 Trail · 독립 스킬 제외"
"근접/Slash","무기 Trail","카오스","ParticleSystem","TrailPack","/Game/TrailPack/Particles/Cascade/Ink/Sword_Trail","P_InkShadow","유형 폴더: Ink/Sword_Trail","2026-10-03 삭제 완료; 삭제 전 이력 경로","먹빛 잔영 1","보조 효과","기존 에셋 분류 무기 Trail · 독립 스킬 제외"
"근접/Slash","무기 Trail","카오스","ParticleSystem","TrailPack","/Game/TrailPack/Particles/Cascade/Ink/Sword_Trail","P_InkTrail","유형 폴더: Ink/Sword_Trail","2026-10-03 삭제 완료; 삭제 전 이력 경로","먹빛 검흔 1","보조 효과","기존 에셋 분류 무기 Trail · 독립 스킬 제외"
"근접/Slash","무기 Trail","카오스","NiagaraSystem","TrailPack","/Game/TrailPack/Particles/Niagara/Ink/Trail","NS_InkShadow","유형 폴더: Ink/Trail","2026-10-03 삭제 완료; 삭제 전 이력 경로","먹빛 잔영 2","보조 효과","기존 에셋 분류 무기 Trail · 독립 스킬 제외"
"근접/Slash","무기 Trail","카오스","NiagaraSystem","TrailPack","/Game/TrailPack/Particles/Niagara/Ink/Trail","NS_InkTrail","유형 폴더: Ink/Trail","2026-10-03 삭제 완료; 삭제 전 이력 경로","먹빛 검흔 2","보조 효과","기존 에셋 분류 무기 Trail · 독립 스킬 제외"
"근접/Slash","무기 Trail","물리","ParticleSystem","TrailPack","/Game/TrailPack/Particles/Cascade/Wave/Sword_Trail","P_WaveSmallTrail","유형 폴더: Wave/Sword_Trail","2026-10-03 삭제 완료; 삭제 전 이력 경로","잔물결의 검흔","보조 효과","기존 에셋 분류 무기 Trail · 독립 스킬 제외"
"근접/Slash","무기 Trail","물리","ParticleSystem","TrailPack","/Game/TrailPack/Particles/Cascade/Wave/Sword_Trail","P_WaveTrail","유형 폴더: Wave/Sword_Trail","2026-10-03 삭제 완료; 삭제 전 이력 경로","파동의 검흔 1","보조 효과","기존 에셋 분류 무기 Trail · 독립 스킬 제외"
"근접/Slash","무기 Trail","물리","NiagaraSystem","TrailPack","/Game/TrailPack/Particles/Niagara/Wave/Trail","NS_WaveTrail","유형 폴더: Wave/Trail","2026-10-03 삭제 완료; 삭제 전 이력 경로","파동의 검흔 2","보조 효과","기존 에셋 분류 무기 Trail · 독립 스킬 제외"
"근접/Slash","무기 Trail","물리","ParticleSystem","TrailPack","/Game/TrailPack/Particles/Cascade/Strong/Sword_Trail","P_Strong","유형 폴더: Strong/Sword_Trail","2026-10-03 삭제 완료; 삭제 전 이력 경로","강격의 검흔 1","보조 효과","기존 에셋 분류 무기 Trail · 독립 스킬 제외"
"근접/Slash","무기 Trail","물리","NiagaraSystem","TrailPack","/Game/TrailPack/Particles/Niagara/Strong/Trail","NS_Strong","유형 폴더: Strong/Trail","2026-10-03 삭제 완료; 삭제 전 이력 경로","강격의 검흔 2","보조 효과","기존 에셋 분류 무기 Trail · 독립 스킬 제외"
"근접/Slash","무기 Trail","카오스","ParticleSystem","TrailPack","/Game/TrailPack/Particles/Cascade/Whisp/Trail","M_Whisp01","유형 폴더: Whisp/Trail","2026-10-03 삭제 완료; 삭제 전 이력 경로; M 접두지만 ParticleSystem","혼불의 검흔 1","보조 효과","기존 에셋 분류 무기 Trail · 독립 스킬 제외"
"근접/Slash","무기 Trail","카오스","NiagaraSystem","TrailPack","/Game/TrailPack/Particles/Niagara/Whisp/Trail","NS_Whisp","유형 폴더: Whisp/Trail","2026-10-03 삭제 완료; 삭제 전 이력 경로","혼불의 검흔 2","보조 효과","기존 에셋 분류 무기 Trail · 독립 스킬 제외"
"근접/Slash","무기 Trail 연동","카오스","Blueprint","TrailPack","/Game/TrailPack/Particles/Niagara/Magic","BP_MagicAnimTrails","유형 폴더: Magic","2026-10-03 삭제 완료; 삭제 전 이력 경로; 애니메이션 알림 BP; Niagara 호출용","마력의 검흔 3","보조 효과","기존 에셋 분류 무기 Trail 연동 · 독립 스킬 제외"
"근접/Slash","무기 Trail 연동","불 + 냉기 + 번개","Blueprint","TrailPack","/Game/TrailPack/Particles/Niagara/RainbowFlare","BP_RainbowAnimTrails","유형 폴더: RainbowFlare","2026-10-03 삭제 완료; 삭제 전 이력 경로; 애니메이션 알림 BP; Niagara 호출용","찬란한 검흔 3","보조 효과","기존 에셋 분류 무기 Trail 연동 · 독립 스킬 제외"
"근접/Slash","무기 Trail 연동","물리","Blueprint","TrailPack","/Game/TrailPack/Particles/Niagara/Translucent_Wave","BP_Tran01AnimTrails","유형 폴더: Translucent_Wave","2026-10-03 삭제 완료; 삭제 전 이력 경로; 애니메이션 알림 BP; Niagara 호출용","아른거리는 검흔 3","보조 효과","기존 에셋 분류 무기 Trail 연동 · 독립 스킬 제외"
"근접/Slash","무기 Trail 연동","물리","Blueprint","TrailPack","/Game/TrailPack/Particles/Niagara/Translucent_Wave","BP_Tran02AnimTrails","유형 폴더: Translucent_Wave","2026-10-03 삭제 완료; 삭제 전 이력 경로; 애니메이션 알림 BP; Niagara 호출용","희미한 검흔 3","보조 효과","기존 에셋 분류 무기 Trail 연동 · 독립 스킬 제외"
"근접/Slash","무기 Trail 연동","카오스","Blueprint","TrailPack","/Game/TrailPack/Particles/Niagara/Corrosion","BP_CorrosionAnimTrails","유형 폴더: Corrosion","2026-10-03 삭제 완료; 삭제 전 이력 경로; 애니메이션 알림 BP; Niagara 호출용","침식의 검흔 3","보조 효과","기존 에셋 분류 무기 Trail 연동 · 독립 스킬 제외"
"근접/Slash","무기 Trail 연동","불","Blueprint","TrailPack","/Game/TrailPack/Particles/Niagara/Phoenix","BP_PhoenixAnimTrails","유형 폴더: Phoenix","2026-10-03 삭제 완료; 삭제 전 이력 경로; 애니메이션 알림 BP; Niagara 호출용","불사조의 검흔 3","보조 효과","기존 에셋 분류 무기 Trail 연동 · 독립 스킬 제외"
"근접/Slash","무기 Trail 연동","물리","Blueprint","TrailPack","/Game/TrailPack/Particles/Niagara/Speed","BP_SpeedAnimTrails","유형 폴더: Speed","2026-10-03 삭제 완료; 삭제 전 이력 경로; 애니메이션 알림 BP; Niagara 호출용","질풍의 검흔 3","보조 효과","기존 에셋 분류 무기 Trail 연동 · 독립 스킬 제외"
"근접/Slash","무기 Trail 연동","카오스","Blueprint","TrailPack","/Game/TrailPack/Particles/Niagara/Dark","BP_DarkAnimTrails","유형 폴더: Dark","2026-10-03 삭제 완료; 삭제 전 이력 경로; 애니메이션 알림 BP; Niagara 호출용","어둠의 검흔 3","보조 효과","기존 에셋 분류 무기 Trail 연동 · 독립 스킬 제외"
"근접/Slash","무기 Trail 연동","카오스","Blueprint","TrailPack","/Game/TrailPack/Particles/Niagara/Soul","BP_SoulAnimTrails","유형 폴더: Soul","2026-10-03 삭제 완료; 삭제 전 이력 경로; 애니메이션 알림 BP; Niagara 호출용","영혼의 검흔 3","보조 효과","기존 에셋 분류 무기 Trail 연동 · 독립 스킬 제외"
"근접/Slash","무기 Trail 연동","불 + 냉기 + 번개","Blueprint","TrailPack","/Game/TrailPack/Particles/Niagara/Elemental","BP_ElementalAnimTrails","유형 폴더: Elemental","2026-10-03 삭제 완료; 삭제 전 이력 경로; 애니메이션 알림 BP; Niagara 호출용","원소의 검흔 3","보조 효과","기존 에셋 분류 무기 Trail 연동 · 독립 스킬 제외"
"근접/Slash","무기 Trail 연동","카오스","Blueprint","TrailPack","/Game/TrailPack/Particles/Niagara/Ink","BP_InkAnimTrails","유형 폴더: Ink","2026-10-03 삭제 완료; 삭제 전 이력 경로; 애니메이션 알림 BP; Niagara 호출용","먹빛 검흔 3","보조 효과","기존 에셋 분류 무기 Trail 연동 · 독립 스킬 제외"
"근접/Slash","무기 Trail 연동","물리","Blueprint","TrailPack","/Game/TrailPack/Particles/Niagara/Wave","BP_WaveAnimTrails","유형 폴더: Wave","2026-10-03 삭제 완료; 삭제 전 이력 경로; 애니메이션 알림 BP; Niagara 호출용","파동의 검흔 3","보조 효과","기존 에셋 분류 무기 Trail 연동 · 독립 스킬 제외"
"근접/Slash","무기 Trail 연동","물리","Blueprint","TrailPack","/Game/TrailPack/Particles/Niagara/Strong","BP_StrongAnimTrails","유형 폴더: Strong","2026-10-03 삭제 완료; 삭제 전 이력 경로; 애니메이션 알림 BP; Niagara 호출용","강격의 검흔 3","보조 효과","기존 에셋 분류 무기 Trail 연동 · 독립 스킬 제외"
"근접/Slash","손/무기 부착 효과","카오스","ParticleSystem","TrailPack","/Game/TrailPack/Particles/Cascade/Dark/Hand_Spark","P_DarkSword","유형 폴더: Dark/Hand_Spark","2026-10-03 삭제 완료; 삭제 전 이력 경로","어둠의 검기 1","보조 효과","기존 에셋 분류 손/무기 부착 효과 · 독립 스킬 제외"
"근접/Slash","손/무기 부착 효과","카오스","NiagaraSystem","TrailPack","/Game/TrailPack/Particles/Niagara/Dark/Hand","NS_DarkSword","유형 폴더: Dark/Hand","2026-10-03 삭제 완료; 삭제 전 이력 경로","어둠의 검기 2","보조 효과","기존 에셋 분류 손/무기 부착 효과 · 독립 스킬 제외"
"근접/Slash","오라","물리","NiagaraSystem","SlashTrail_SoftTofu","/Game/SlashTrail_SoftTofu/Niagara/Basic","NS_AuraFX_Basic","이름: NS_AuraFX_Basic; 테마 폴더: Basic","2026-10-03 삭제 완료; 삭제 전 이력 경로","기운","보류","공격·지원 동작과 적용 대상이 불명확"
"근접/Slash","오라","번개","NiagaraSystem","SlashTrail_SoftTofu","/Game/SlashTrail_SoftTofu/Niagara/LightSaber","NS_AuraFX_Lightsaber","이름: NS_AuraFX_Lightsaber; 테마 폴더: LightSaber","2026-10-03 삭제 완료; 삭제 전 이력 경로","광휘 기운","보류","공격·지원 동작과 적용 대상이 불명확"
"근접/Slash","오라","카오스","NiagaraSystem","SlashTrail_SoftTofu","/Game/SlashTrail_SoftTofu/Niagara/Matrix","NS_AuraFX_Matrix","이름: NS_AuraFX_Matrix; 테마 폴더: Matrix","2026-10-03 삭제 완료; 삭제 전 이력 경로","문자 기운","보류","공격·지원 동작과 적용 대상이 불명확"
"근접/Slash","오라","물리","NiagaraSystem","SlashTrail_SoftTofu","/Game/SlashTrail_SoftTofu/Niagara/Sand","NS_AuraFX_Sand","이름: NS_AuraFX_Sand; 테마 폴더: Sand","2026-10-03 삭제 완료; 삭제 전 이력 경로","모래 기운","보류","공격·지원 동작과 적용 대상이 불명확"
"근접/Slash","오라","냉기","NiagaraSystem","SlashTrail_SoftTofu","/Game/SlashTrail_SoftTofu/Niagara/Water","NS_AuraFX_Water","이름: NS_AuraFX_Water; 테마 폴더: Water","2026-10-03 삭제 완료; 삭제 전 이력 경로","물결 기운","보류","공격·지원 동작과 적용 대상이 불명확"
"근접/Slash","오라","물리","NiagaraSystem","SlashTrail_SoftTofu","/Game/SlashTrail_SoftTofu/Niagara/Wind","NS_AuraFX_Wind","이름: NS_AuraFX_Wind; 테마 폴더: Wind","2026-10-03 삭제 완료; 삭제 전 이력 경로","바람 기운","보류","공격·지원 동작과 적용 대상이 불명확"
"근접/Slash","오라","번개","NiagaraSystem","SlashTrail_SoftTofu","/Game/SlashTrail_SoftTofu/Niagara/Lightning","NS_AuraFX_Lightning","이름: NS_AuraFX_Lightning; 테마 폴더: Lightning","2026-10-03 삭제 완료; 삭제 전 이력 경로","뇌전 기운","보류","공격·지원 동작과 적용 대상이 불명확"
"근접/Slash","오라","번개","NiagaraSystem","SlashTrail_SoftTofu","/Game/SlashTrail_SoftTofu/Niagara/Cyberpunk","NS_AuraFX_CyberPunk","이름: NS_AuraFX_CyberPunk; 테마 폴더: Cyberpunk","2026-10-03 삭제 완료; 삭제 전 이력 경로","전광 기운","보류","공격·지원 동작과 적용 대상이 불명확"
"근접/Slash","오라","카오스","NiagaraSystem","SlashTrail_SoftTofu","/Game/SlashTrail_SoftTofu/Niagara/Mystic","NS_AuraFX_Mystic","이름: NS_AuraFX_Mystic; 테마 폴더: Mystic","2026-10-03 삭제 완료; 삭제 전 이력 경로","신비 기운","보류","공격·지원 동작과 적용 대상이 불명확"
"근접/Slash","오라","카오스","NiagaraSystem","SlashTrail_SoftTofu","/Game/SlashTrail_SoftTofu/Niagara/Dark","NS_AuraFX_Dark","이름: NS_AuraFX_Dark; 테마 폴더: Dark","2026-10-03 삭제 완료; 삭제 전 이력 경로","어둠 기운","보류","공격·지원 동작과 적용 대상이 불명확"
"근접/Slash","오라","냉기","NiagaraSystem","SlashTrail_SoftTofu","/Game/SlashTrail_SoftTofu/Niagara/Ice","NS_AuraFX_Ice","이름: NS_AuraFX_Ice; 테마 폴더: Ice","2026-10-03 삭제 완료; 삭제 전 이력 경로","서리 기운","보류","공격·지원 동작과 적용 대상이 불명확"
"근접/Slash","오라","카오스","ParticleSystem","TrailPack","/Game/TrailPack/Particles/Cascade/Soul/Aura","P_SoulAura","유형 폴더: Soul/Aura","2026-10-03 삭제 완료; 삭제 전 이력 경로","영혼의 기운 1","보류","공격·지원 동작과 적용 대상이 불명확"
"근접/Slash","오라","카오스","NiagaraSystem","TrailPack","/Game/TrailPack/Particles/Niagara/Soul/Hit","NS_SoulAura","유형 폴더: Soul/Hit","2026-10-03 삭제 완료; 삭제 전 이력 경로; 확인 필요: 이름은 Aura, 폴더는 Hit","영혼의 기운 2","보류","공격·지원 동작과 적용 대상이 불명확"
"근접/Slash","오라","카오스","NiagaraSystem","SlashTrail_SoftTofu","/Game/SlashTrail_SoftTofu/Niagara/Distortion_Only","NS_AuraFX_Distortion","이름: NS_AuraFX_Distortion; 테마 폴더: Distortion_Only","2026-10-03 삭제 완료; 삭제 전 이력 경로","왜곡 기운","보류","공격·지원 동작과 적용 대상이 불명확"
"근접/Slash","오라","물리","NiagaraSystem","SlashTrail_SoftTofu","/Game/SlashTrail_SoftTofu/Niagara/Music","NS_AuraFX_Music","이름: NS_AuraFX_Music; 테마 폴더: Music","2026-10-03 삭제 완료; 삭제 전 이력 경로","선율 기운","보류","공격·지원 동작과 적용 대상이 불명확"
"근접/Slash","오라","물리","NiagaraSystem","SlashTrail_SoftTofu","/Game/SlashTrail_SoftTofu/Niagara/Nature","NS_AuraFX_Nature","이름: NS_AuraFX_Nature; 테마 폴더: Nature","2026-10-03 삭제 완료; 삭제 전 이력 경로","숲 기운","보류","공격·지원 동작과 적용 대상이 불명확"
"근접/Slash","오라","불","NiagaraSystem","SlashTrail_SoftTofu","/Game/SlashTrail_SoftTofu/Niagara/Fire","NS_AuraFX_Fire","이름: NS_AuraFX_Fire; 테마 폴더: Fire","2026-10-03 삭제 완료; 삭제 전 이력 경로","화염 기운","보류","공격·지원 동작과 적용 대상이 불명확"
"근접/Slash","오라","번개","NiagaraSystem","SlashTrail_SoftTofu","/Game/SlashTrail_SoftTofu/Niagara/Scifi","NS_AuraFX_Scifi","이름: NS_AuraFX_Scifi; 테마 폴더: Scifi","2026-10-03 삭제 완료; 삭제 전 이력 경로","광자 기운","보류","공격·지원 동작과 적용 대상이 불명확"
"근접/Slash","지면 공격","물리","ParticleSystem","RPGEffects","/Game/RPGEffects/Particles","P_Warrior_Earth_Slam","이름: P_Warrior_Earth_Slam","2026-10-03 삭제 완료; 삭제 전 이력 경로","대지 강타 1","근접공격","생성 프로필 slash · 접근 후 베기/타격 · 대상별 1회"
"근접/Slash","지면 공격","물리","ParticleSystem","RPGEffects","/Game/RPGEffects/Particles","P_Warrior_EarthCrack","이름: P_Warrior_EarthCrack","2026-10-03 삭제 완료; 삭제 전 이력 경로","대지의 균열 1","근접공격","생성 프로필 slash · 접근 후 베기/타격 · 대상별 1회"
"근접/Slash","지면 공격","물리","NiagaraSystem","RPGEffects","/Game/RPGEffects/ParticlesNiagara/Warrior/EarthCrack","NS_Warrior_EarthCrack","이름: NS_Warrior_EarthCrack","2026-10-03 삭제 완료; 삭제 전 이력 경로","대지의 균열 2","근접공격","생성 프로필 slash · 접근 후 베기/타격 · 대상별 1회"
"근접/Slash","지면 공격","물리","NiagaraSystem","RPGEffects","/Game/RPGEffects/ParticlesNiagara/Warrior/EarthSlam","NS_Warrior_EarthSlam","이름: NS_Warrior_EarthSlam","2026-10-03 삭제 완료; 삭제 전 이력 경로","대지 강타 2","근접공격","생성 프로필 slash · 접근 후 베기/타격 · 대상별 1회"
"근접/Slash","지면 Slash","물리","NiagaraSystem","Hack_And_Slash_FX","/Game/Hack_And_Slash_FX/VFX_Niagara/Slashes","NS_Claws_Floor","이름: NS_Claws_Floor","2026-10-03 삭제 완료; 삭제 전 이력 경로","지면의 발톱 자국","근접공격","생성 프로필 slash · 접근 후 베기/타격 · 대상별 1회"
"근접/Slash","피격","물리","NiagaraSystem","SlashTrail_SoftTofu","/Game/SlashTrail_SoftTofu/Niagara/Basic","NS_Hit_Basic","이름: NS_Hit_Basic; 테마 폴더: Basic","2026-10-03 삭제 완료; 삭제 전 이력 경로","격돌","보조 효과","기존 에셋 분류 피격 · 독립 스킬 제외"
"근접/Slash","피격","물리","NiagaraSystem","SlashTrail_SoftTofu","/Game/SlashTrail_SoftTofu/Niagara/Basic","NS_Hit_Basic_Once","이름: NS_Hit_Basic_Once; 테마 폴더: Basic","2026-10-03 삭제 완료; 삭제 전 이력 경로","순간의 격돌","보조 효과","기존 에셋 분류 피격 · 독립 스킬 제외"
"근접/Slash","피격","번개","NiagaraSystem","SlashTrail_SoftTofu","/Game/SlashTrail_SoftTofu/Niagara/LightSaber","NS_Hit_LightSaber","이름: NS_Hit_LightSaber; 테마 폴더: LightSaber","2026-10-03 삭제 완료; 삭제 전 이력 경로","광휘 격돌","보조 효과","기존 에셋 분류 피격 · 독립 스킬 제외"
"근접/Slash","피격","번개","NiagaraSystem","SlashTrail_SoftTofu","/Game/SlashTrail_SoftTofu/Niagara/LightSaber","NS_Hit_LightSaber_Once","이름: NS_Hit_LightSaber_Once; 테마 폴더: LightSaber","2026-10-03 삭제 완료; 삭제 전 이력 경로","순간의 광휘 격돌","보조 효과","기존 에셋 분류 피격 · 독립 스킬 제외"
"근접/Slash","피격","카오스","ParticleSystem","TrailPack","/Game/TrailPack/Particles/Cascade/Magic/Hit","P_MagicHitFinisher","유형 폴더: Magic/Hit","2026-10-03 삭제 완료; 삭제 전 이력 경로","마력의 종결타","보조 효과","기존 에셋 분류 피격 · 독립 스킬 제외"
"근접/Slash","피격","카오스","ParticleSystem","TrailPack","/Game/TrailPack/Particles/Cascade/Magic/Hit","P_MagicHitSoft","유형 폴더: Magic/Hit","2026-10-03 삭제 완료; 삭제 전 이력 경로","마력의 타격","보조 효과","기존 에셋 분류 피격 · 독립 스킬 제외"
"근접/Slash","피격","카오스","NiagaraSystem","SlashTrail_SoftTofu","/Game/SlashTrail_SoftTofu/Niagara/Matrix","NS_Hit_Matrix","이름: NS_Hit_Matrix; 테마 폴더: Matrix","2026-10-03 삭제 완료; 삭제 전 이력 경로","문자 격돌","보조 효과","기존 에셋 분류 피격 · 독립 스킬 제외"
"근접/Slash","피격","카오스","NiagaraSystem","SlashTrail_SoftTofu","/Game/SlashTrail_SoftTofu/Niagara/Matrix","NS_Hit_Matrix_Once","이름: NS_Hit_Matrix_Once; 테마 폴더: Matrix","2026-10-03 삭제 완료; 삭제 전 이력 경로","순간의 문자 격돌","보조 효과","기존 에셋 분류 피격 · 독립 스킬 제외"
"근접/Slash","피격","물리","NiagaraSystem","SlashTrail_SoftTofu","/Game/SlashTrail_SoftTofu/Niagara/Sand","NS_Hit_Sand","이름: NS_Hit_Sand; 테마 폴더: Sand","2026-10-03 삭제 완료; 삭제 전 이력 경로","모래 격돌","보조 효과","기존 에셋 분류 피격 · 독립 스킬 제외"
"근접/Slash","피격","물리","NiagaraSystem","SlashTrail_SoftTofu","/Game/SlashTrail_SoftTofu/Niagara/Sand","NS_Hit_Sand_Once","이름: NS_Hit_Sand_Once; 테마 폴더: Sand","2026-10-03 삭제 완료; 삭제 전 이력 경로","순간의 모래 격돌","보조 효과","기존 에셋 분류 피격 · 독립 스킬 제외"
"근접/Slash","피격","냉기","NiagaraSystem","SlashTrail_SoftTofu","/Game/SlashTrail_SoftTofu/Niagara/Water","NS_Hit_water","이름: NS_Hit_water; 테마 폴더: Water","2026-10-03 삭제 완료; 삭제 전 이력 경로","물결 격돌","보조 효과","기존 에셋 분류 피격 · 독립 스킬 제외"
"근접/Slash","피격","냉기","NiagaraSystem","SlashTrail_SoftTofu","/Game/SlashTrail_SoftTofu/Niagara/Water","NS_Hit_water_Once","이름: NS_Hit_water_Once; 테마 폴더: Water","2026-10-03 삭제 완료; 삭제 전 이력 경로","순간의 물결 격돌","보조 효과","기존 에셋 분류 피격 · 독립 스킬 제외"
"근접/Slash","피격","물리","NiagaraSystem","Hack_And_Slash_FX","/Game/Hack_And_Slash_FX/VFX_Niagara/Impacts","NS_Claws_Impact","이름: NS_Claws_Impact","2026-10-03 삭제 완료; 삭제 전 이력 경로","발톱의 격돌","보조 효과","기존 에셋 분류 피격 · 독립 스킬 제외"
"근접/Slash","피격","물리","ParticleSystem","RPGEffects","/Game/RPGEffects/Particles","P_Warrior_ChainHit","이름: P_Warrior_ChainHit","2026-10-03 삭제 완료; 삭제 전 이력 경로","연격의 충돌 1","보조 효과","기존 에셋 분류 피격 · 독립 스킬 제외"
"근접/Slash","피격","물리","ParticleSystem","RPGEffects","/Game/RPGEffects/Particles","P_Warrior_HeavyImpact","이름: P_Warrior_HeavyImpact","2026-10-03 삭제 완료; 삭제 전 이력 경로","강타의 충격 1","보조 효과","기존 에셋 분류 피격 · 독립 스킬 제외"
"근접/Slash","피격","물리","NiagaraSystem","RPGEffects","/Game/RPGEffects/ParticlesNiagara/Warrior/ChainHit","NS_Warrior_ChainHit","이름: NS_Warrior_ChainHit","2026-10-03 삭제 완료; 삭제 전 이력 경로","연격의 충돌 2","보조 효과","기존 에셋 분류 피격 · 독립 스킬 제외"
"근접/Slash","피격","물리","NiagaraSystem","RPGEffects","/Game/RPGEffects/ParticlesNiagara/Warrior/HeavyImpact","NS_Warrior_HeavyImpact","이름: NS_Warrior_HeavyImpact","2026-10-03 삭제 완료; 삭제 전 이력 경로","강타의 충격 2","보조 효과","기존 에셋 분류 피격 · 독립 스킬 제외"
"근접/Slash","피격","물리","NiagaraSystem","SlashTrail_SoftTofu","/Game/SlashTrail_SoftTofu/Niagara/Wind","NS_Hit_Wind","이름: NS_Hit_Wind; 테마 폴더: Wind","2026-10-03 삭제 완료; 삭제 전 이력 경로","바람 격돌","보조 효과","기존 에셋 분류 피격 · 독립 스킬 제외"
"근접/Slash","피격","물리","NiagaraSystem","SlashTrail_SoftTofu","/Game/SlashTrail_SoftTofu/Niagara/Wind","NS_Hit_Wind_Once","이름: NS_Hit_Wind_Once; 테마 폴더: Wind","2026-10-03 삭제 완료; 삭제 전 이력 경로","순간의 바람 격돌","보조 효과","기존 에셋 분류 피격 · 독립 스킬 제외"
"근접/Slash","피격","번개","NiagaraSystem","Hack_And_Slash_FX","/Game/Hack_And_Slash_FX/VFX_Niagara/Impacts","NS_Lightning_Slash_Impact","이름: NS_Lightning_Slash_Impact","2026-10-03 삭제 완료; 삭제 전 이력 경로","뇌전 베기의 격돌","보조 효과","기존 에셋 분류 피격 · 독립 스킬 제외"
"근접/Slash","피격","번개","NiagaraSystem","SlashTrail_SoftTofu","/Game/SlashTrail_SoftTofu/Niagara/Lightning","NS_Hit_Lightning","이름: NS_Hit_Lightning; 테마 폴더: Lightning","2026-10-03 삭제 완료; 삭제 전 이력 경로","뇌전 격돌","보조 효과","기존 에셋 분류 피격 · 독립 스킬 제외"
"근접/Slash","피격","번개","NiagaraSystem","SlashTrail_SoftTofu","/Game/SlashTrail_SoftTofu/Niagara/Lightning","NS_Hit_Lightning_once","이름: NS_Hit_Lightning_once; 테마 폴더: Lightning","2026-10-03 삭제 완료; 삭제 전 이력 경로","순간의 뇌전 격돌","보조 효과","기존 에셋 분류 피격 · 독립 스킬 제외"
"근접/Slash","피격","물리","NiagaraSystem","Hack_And_Slash_FX","/Game/Hack_And_Slash_FX/VFX_Niagara/Impacts","NS_Sakura_Slash_Impact","이름: NS_Sakura_Slash_Impact","2026-10-03 삭제 완료; 삭제 전 이력 경로","벚꽃 베기의 격돌","보조 효과","기존 에셋 분류 피격 · 독립 스킬 제외"
"근접/Slash","피격","번개","NiagaraSystem","Hack_And_Slash_FX","/Game/Hack_And_Slash_FX/VFX_Niagara/Impacts","NS_Cyber_Slash_Impact","이름: NS_Cyber_Slash_Impact","2026-10-03 삭제 완료; 삭제 전 이력 경로","전광 베기의 격돌","보조 효과","기존 에셋 분류 피격 · 독립 스킬 제외"
"근접/Slash","피격","번개","NiagaraSystem","SlashTrail_SoftTofu","/Game/SlashTrail_SoftTofu/Niagara/Cyberpunk","NS_Hit_CyberPunk","이름: NS_Hit_CyberPunk; 테마 폴더: Cyberpunk","2026-10-03 삭제 완료; 삭제 전 이력 경로","전광 격돌","보조 효과","기존 에셋 분류 피격 · 독립 스킬 제외"
"근접/Slash","피격","번개","NiagaraSystem","SlashTrail_SoftTofu","/Game/SlashTrail_SoftTofu/Niagara/Cyberpunk","NS_Hit_CyberPunk_Once","이름: NS_Hit_CyberPunk_Once; 테마 폴더: Cyberpunk","2026-10-03 삭제 완료; 삭제 전 이력 경로","순간의 전광 격돌","보조 효과","기존 에셋 분류 피격 · 독립 스킬 제외"
"근접/Slash","피격","물리","ParticleSystem","TrailPack","/Game/TrailPack/Particles/Cascade/Speed/Hit","P_SpeedHit","유형 폴더: Speed/Hit","2026-10-03 삭제 완료; 삭제 전 이력 경로","질풍 타격 1","보조 효과","기존 에셋 분류 피격 · 독립 스킬 제외"
"근접/Slash","피격","물리","NiagaraSystem","TrailPack","/Game/TrailPack/Particles/Niagara/Speed/Hit","NS_SpeedHit","유형 폴더: Speed/Hit","2026-10-03 삭제 완료; 삭제 전 이력 경로","질풍 타격 2","보조 효과","기존 에셋 분류 피격 · 독립 스킬 제외"
"근접/Slash","피격","카오스","NiagaraSystem","SlashTrail_SoftTofu","/Game/SlashTrail_SoftTofu/Niagara/Mystic","NS_Hit_Mystic","이름: NS_Hit_Mystic; 테마 폴더: Mystic","2026-10-03 삭제 완료; 삭제 전 이력 경로","신비 격돌","보조 효과","기존 에셋 분류 피격 · 독립 스킬 제외"
"근접/Slash","피격","카오스","NiagaraSystem","SlashTrail_SoftTofu","/Game/SlashTrail_SoftTofu/Niagara/Mystic","NS_Hit_Mystic_Once","이름: NS_Hit_Mystic_Once; 테마 폴더: Mystic","2026-10-03 삭제 완료; 삭제 전 이력 경로","순간의 신비 격돌","보조 효과","기존 에셋 분류 피격 · 독립 스킬 제외"
"근접/Slash","피격","번개","NiagaraSystem","Hack_And_Slash_FX","/Game/Hack_And_Slash_FX/VFX_Niagara/Impacts","NS_Holy_Slash_Impact","이름: NS_Holy_Slash_Impact","2026-10-03 삭제 완료; 삭제 전 이력 경로","성광 베기의 격돌","보조 효과","기존 에셋 분류 피격 · 독립 스킬 제외"
"근접/Slash","피격","카오스","NiagaraSystem","Hack_And_Slash_FX","/Game/Hack_And_Slash_FX/VFX_Niagara/Impacts","NS_Demon_Slash_Impact","이름: NS_Demon_Slash_Impact","2026-10-03 삭제 완료; 삭제 전 이력 경로","마성 베기의 격돌","보조 효과","기존 에셋 분류 피격 · 독립 스킬 제외"
"근접/Slash","피격","카오스","NiagaraSystem","SlashTrail_SoftTofu","/Game/SlashTrail_SoftTofu/Niagara/Dark","NS_Hit_Dark","이름: NS_Hit_Dark; 테마 폴더: Dark","2026-10-03 삭제 완료; 삭제 전 이력 경로","어둠 격돌","보조 효과","기존 에셋 분류 피격 · 독립 스킬 제외"
"근접/Slash","피격","카오스","NiagaraSystem","SlashTrail_SoftTofu","/Game/SlashTrail_SoftTofu/Niagara/Dark","NS_Hit_Dark_Once","이름: NS_Hit_Dark_Once; 테마 폴더: Dark","2026-10-03 삭제 완료; 삭제 전 이력 경로","순간의 어둠 격돌","보조 효과","기존 에셋 분류 피격 · 독립 스킬 제외"
"근접/Slash","피격","냉기","NiagaraSystem","SlashTrail_SoftTofu","/Game/SlashTrail_SoftTofu/Niagara/Ice","NS_Hit_Ice","이름: NS_Hit_Ice; 테마 폴더: Ice","2026-10-03 삭제 완료; 삭제 전 이력 경로","서리 격돌","보조 효과","기존 에셋 분류 피격 · 독립 스킬 제외"
"근접/Slash","피격","냉기","NiagaraSystem","SlashTrail_SoftTofu","/Game/SlashTrail_SoftTofu/Niagara/Ice","NS_Hit_Ice_Once","이름: NS_Hit_Ice_Once; 테마 폴더: Ice","2026-10-03 삭제 완료; 삭제 전 이력 경로","순간의 서리 격돌","보조 효과","기존 에셋 분류 피격 · 독립 스킬 제외"
"근접/Slash","피격","카오스","NiagaraSystem","SlashTrail_SoftTofu","/Game/SlashTrail_SoftTofu/Niagara/Distortion_Only","NS_Hit_Distortion","이름: NS_Hit_Distortion; 테마 폴더: Distortion_Only","2026-10-03 삭제 완료; 삭제 전 이력 경로","왜곡 격돌","보조 효과","기존 에셋 분류 피격 · 독립 스킬 제외"
"근접/Slash","피격","카오스","NiagaraSystem","SlashTrail_SoftTofu","/Game/SlashTrail_SoftTofu/Niagara/Distortion_Only","NS_Hit_Distortion_Once","이름: NS_Hit_Distortion_Once; 테마 폴더: Distortion_Only","2026-10-03 삭제 완료; 삭제 전 이력 경로","순간의 왜곡 격돌","보조 효과","기존 에셋 분류 피격 · 독립 스킬 제외"
"근접/Slash","피격","물리","NiagaraSystem","SlashTrail_SoftTofu","/Game/SlashTrail_SoftTofu/Niagara/Music","NS_Hit_Music","이름: NS_Hit_Music; 테마 폴더: Music","2026-10-03 삭제 완료; 삭제 전 이력 경로","선율 격돌","보조 효과","기존 에셋 분류 피격 · 독립 스킬 제외"
"근접/Slash","피격","물리","NiagaraSystem","SlashTrail_SoftTofu","/Game/SlashTrail_SoftTofu/Niagara/Music","NS_Hit_Music_Once","이름: NS_Hit_Music_Once; 테마 폴더: Music","2026-10-03 삭제 완료; 삭제 전 이력 경로","순간의 선율 격돌","보조 효과","기존 에셋 분류 피격 · 독립 스킬 제외"
"근접/Slash","피격","물리","NiagaraSystem","Hack_And_Slash_FX","/Game/Hack_And_Slash_FX/VFX_Niagara/Impacts","NS_Nature_Slash_Impact","이름: NS_Nature_Slash_Impact","2026-10-03 삭제 완료; 삭제 전 이력 경로","자연 참격의 격돌","보조 효과","기존 에셋 분류 피격 · 독립 스킬 제외"
"근접/Slash","피격","물리","NiagaraSystem","SlashTrail_SoftTofu","/Game/SlashTrail_SoftTofu/Niagara/Nature","NS_Hit_Nature","이름: NS_Hit_Nature; 테마 폴더: Nature","2026-10-03 삭제 완료; 삭제 전 이력 경로","숲 격돌","보조 효과","기존 에셋 분류 피격 · 독립 스킬 제외"
"근접/Slash","피격","물리","NiagaraSystem","SlashTrail_SoftTofu","/Game/SlashTrail_SoftTofu/Niagara/Nature","NS_Hit_Nature_Once","이름: NS_Hit_Nature_Once; 테마 폴더: Nature","2026-10-03 삭제 완료; 삭제 전 이력 경로","순간의 숲 격돌","보조 효과","기존 에셋 분류 피격 · 독립 스킬 제외"
"근접/Slash","피격","카오스","NiagaraSystem","Hack_And_Slash_FX","/Game/Hack_And_Slash_FX/VFX_Niagara/Impacts","NS_Curse_Slash_Impact","이름: NS_Curse_Slash_Impact","2026-10-03 삭제 완료; 삭제 전 이력 경로","저주 베기의 격돌","보조 효과","기존 에셋 분류 피격 · 독립 스킬 제외"
"근접/Slash","피격","불","NiagaraSystem","Hack_And_Slash_FX","/Game/Hack_And_Slash_FX/VFX_Niagara/Impacts","NS_Fire_Slash_Impact","이름: NS_Fire_Slash_Impact","2026-10-03 삭제 완료; 삭제 전 이력 경로","화염 베기의 격돌","보조 효과","기존 에셋 분류 피격 · 독립 스킬 제외"
"근접/Slash","피격","불","NiagaraSystem","SlashTrail_SoftTofu","/Game/SlashTrail_SoftTofu/Niagara/Fire","NS_Hit_Fire","이름: NS_Hit_Fire; 테마 폴더: Fire","2026-10-03 삭제 완료; 삭제 전 이력 경로","화염 격돌","보조 효과","기존 에셋 분류 피격 · 독립 스킬 제외"
"근접/Slash","피격","불","NiagaraSystem","SlashTrail_SoftTofu","/Game/SlashTrail_SoftTofu/Niagara/Fire","NS_Hit_Fire_Once","이름: NS_Hit_Fire_Once; 테마 폴더: Fire","2026-10-03 삭제 완료; 삭제 전 이력 경로","순간의 화염 격돌","보조 효과","기존 에셋 분류 피격 · 독립 스킬 제외"
"근접/Slash","피격","물리","NiagaraSystem","Hack_And_Slash_FX","/Game/Hack_And_Slash_FX/VFX_Niagara/Impacts","NS_Prestige_Slash_Impact","이름: NS_Prestige_Slash_Impact","2026-10-03 삭제 완료; 삭제 전 이력 경로","위엄 참격의 격돌","보조 효과","기존 에셋 분류 피격 · 독립 스킬 제외"
"근접/Slash","피격","번개","NiagaraSystem","SlashTrail_SoftTofu","/Game/SlashTrail_SoftTofu/Niagara/Scifi","NS_Hit_Scifi","이름: NS_Hit_Scifi; 테마 폴더: Scifi","2026-10-03 삭제 완료; 삭제 전 이력 경로","광자 격돌","보조 효과","기존 에셋 분류 피격 · 독립 스킬 제외"
"근접/Slash","피격","번개","NiagaraSystem","SlashTrail_SoftTofu","/Game/SlashTrail_SoftTofu/Niagara/Scifi","NS_Hit_Scifi_Once","이름: NS_Hit_Scifi_Once; 테마 폴더: Scifi","2026-10-03 삭제 완료; 삭제 전 이력 경로","순간의 광자 격돌","보조 효과","기존 에셋 분류 피격 · 독립 스킬 제외"
"근접/Slash","회전 공격","물리","ParticleSystem","RPGEffects","/Game/RPGEffects/Particles","P_Warrior_Spin","이름: P_Warrior_Spin","2026-10-03 삭제 완료; 삭제 전 이력 경로","회전 베기 1","근접공격","생성 프로필 spin · 접근 후 주변 회전 공격 · 대상별 1회"
"근접/Slash","회전 공격","물리","NiagaraSystem","RPGEffects","/Game/RPGEffects/ParticlesNiagara/Warrior/Spin","NS_Warrior_Spin","이름: NS_Warrior_Spin","2026-10-03 삭제 완료; 삭제 전 이력 경로","회전 베기 2","근접공격","생성 프로필 spin · 접근 후 주변 회전 공격 · 대상별 1회"
"근접/Slash","Slash","물리","NiagaraSystem","Hack_And_Slash_FX","/Game/Hack_And_Slash_FX/VFX_Niagara/Slashes","NS_Claws","이름: NS_Claws","2026-10-03 삭제 완료; 삭제 전 이력 경로","발톱 베기","근접공격","생성 프로필 slash · 접근 후 베기/타격 · 대상별 1회"
"근접/Slash","Slash","물리","NiagaraSystem","Knife_light","/Game/Knife_light/VFX","NE_attack01","팩: Knife_light","2026-10-03 삭제 완료; 삭제 전 이력 경로; 확인 필요: 번호별 모양·속성; NE 접두지만 NiagaraSystem","베기","근접공격","생성 프로필 slash · 접근 후 베기/타격 · 대상별 1회"
"근접/Slash","Slash","물리","NiagaraSystem","Knife_light","/Game/Knife_light/VFX","NE_attack02","팩: Knife_light","2026-10-03 삭제 완료; 삭제 전 이력 경로; 확인 필요: 번호별 모양·속성; NE 접두지만 NiagaraSystem","참격","근접공격","생성 프로필 slash · 접근 후 베기/타격 · 대상별 1회"
"근접/Slash","Slash","물리","NiagaraSystem","Knife_light","/Game/Knife_light/VFX","NE_attack03","팩: Knife_light","2026-10-03 삭제 완료; 삭제 전 이력 경로; 확인 필요: 번호별 모양·속성; NE 접두지만 NiagaraSystem","일섬","근접공격","생성 프로필 slash · 접근 후 베기/타격 · 대상별 1회"
"근접/Slash","Slash","물리","NiagaraSystem","Knife_light","/Game/Knife_light/VFX","NE_attack04","팩: Knife_light","2026-10-03 삭제 완료; 삭제 전 이력 경로; 확인 필요: 번호별 모양·속성; NE 접두지만 NiagaraSystem","칼날의 춤","근접공격","생성 프로필 slash · 접근 후 베기/타격 · 대상별 1회"
"근접/Slash","Slash","물리","NiagaraSystem","Knife_light","/Game/Knife_light/VFX","NE_attack05","팩: Knife_light","2026-10-03 삭제 완료; 삭제 전 이력 경로; 확인 필요: 번호별 모양·속성; NE 접두지만 NiagaraSystem","검의 춤","근접공격","생성 프로필 slash · 접근 후 베기/타격 · 대상별 1회"
"근접/Slash","Slash","물리","ParticleSystem","RPGEffects","/Game/RPGEffects/Particles","P_Warrior_Swipe","이름: P_Warrior_Swipe","2026-10-03 삭제 완료; 삭제 전 이력 경로; 패키지 파일명: P_Warrior_sWIPE; 표시 이름은 저장된 객체명","전사의 베기 1","근접공격","생성 프로필 slash · 접근 후 베기/타격 · 대상별 1회"
"근접/Slash","Slash","물리","NiagaraSystem","RPGEffects","/Game/RPGEffects/ParticlesNiagara/Warrior/Swipe","NS_Warrior_Swipe","이름: NS_Warrior_Swipe","2026-10-03 삭제 완료; 삭제 전 이력 경로","전사의 베기 2","근접공격","생성 프로필 slash · 접근 후 베기/타격 · 대상별 1회"
"근접/Slash","Slash","번개","NiagaraSystem","Hack_And_Slash_FX","/Game/Hack_And_Slash_FX/VFX_Niagara/Slashes","NS_Lightning_Slash","이름: NS_Lightning_Slash","2026-10-03 삭제 완료; 삭제 전 이력 경로","뇌전 베기","근접공격","생성 프로필 slash · 접근 후 베기/타격 · 대상별 1회"
"근접/Slash","Slash","물리","NiagaraSystem","Hack_And_Slash_FX","/Game/Hack_And_Slash_FX/VFX_Niagara/Slashes","NS_Sakura_Slash","이름: NS_Sakura_Slash","2026-10-03 삭제 완료; 삭제 전 이력 경로","벚꽃 베기","근접공격","생성 프로필 slash · 접근 후 베기/타격 · 대상별 1회"
"근접/Slash","Slash","번개","NiagaraSystem","Hack_And_Slash_FX","/Game/Hack_And_Slash_FX/VFX_Niagara/Slashes","NS_Cyber_Slash","이름: NS_Cyber_Slash","2026-10-03 삭제 완료; 삭제 전 이력 경로","전광 베기","근접공격","생성 프로필 slash · 접근 후 베기/타격 · 대상별 1회"
"근접/Slash","Slash","번개","NiagaraSystem","Hack_And_Slash_FX","/Game/Hack_And_Slash_FX/VFX_Niagara/Slashes","NS_Holy_Slash","이름: NS_Holy_Slash","2026-10-03 삭제 완료; 삭제 전 이력 경로","성광 베기","근접공격","생성 프로필 slash · 접근 후 베기/타격 · 대상별 1회"
"근접/Slash","Slash","카오스","NiagaraSystem","Hack_And_Slash_FX","/Game/Hack_And_Slash_FX/VFX_Niagara/Slashes","NS_Demon_Slash","이름: NS_Demon_Slash","2026-10-03 삭제 완료; 삭제 전 이력 경로","마성 베기","근접공격","생성 프로필 slash · 접근 후 베기/타격 · 대상별 1회"
"근접/Slash","Slash","물리","NiagaraSystem","Hack_And_Slash_FX","/Game/Hack_And_Slash_FX/VFX_Niagara/Slashes","NS_Nature_Slash","이름: NS_Nature_Slash","2026-10-03 삭제 완료; 삭제 전 이력 경로","자연의 참격","근접공격","생성 프로필 slash · 접근 후 베기/타격 · 대상별 1회"
"근접/Slash","Slash","카오스","NiagaraSystem","Hack_And_Slash_FX","/Game/Hack_And_Slash_FX/VFX_Niagara/Slashes","NS_Curse_Slash","이름: NS_Curse_Slash","2026-10-03 삭제 완료; 삭제 전 이력 경로","저주 베기","근접공격","생성 프로필 slash · 접근 후 베기/타격 · 대상별 1회"
"근접/Slash","Slash","불","NiagaraSystem","Hack_And_Slash_FX","/Game/Hack_And_Slash_FX/VFX_Niagara/Slashes","NS_Fire_Slash","이름: NS_Fire_Slash","2026-10-03 삭제 완료; 삭제 전 이력 경로","화염 베기","근접공격","생성 프로필 slash · 접근 후 베기/타격 · 대상별 1회"
"근접/Slash","Slash","물리","NiagaraSystem","Hack_And_Slash_FX","/Game/Hack_And_Slash_FX/VFX_Niagara/Slashes","NS_Prestige_Slash","이름: NS_Prestige_Slash","2026-10-03 삭제 완료; 삭제 전 이력 경로","위엄의 참격","근접공격","생성 프로필 slash · 접근 후 베기/타격 · 대상별 1회"
"근접/Slash","Slash 투사체","물리","Blueprint","SlashTrail_SoftTofu","/Game/SlashTrail_SoftTofu/Blueprint/Basic","BP_Slash_Projectile_Rotate_Basic","이름: BP_Slash_Projectile_Rotate_Basic; 테마 폴더: Basic","2026-10-03 삭제 완료; 삭제 전 이력 경로; 효과 BP; 시스템 본체와 별도 항목","회전하는 검파 1","투사체","기존 에셋 분류 Slash 투사체 · 실행 보류: 원본 Blueprint의 실행 로직·부품 관계 미확인; 직접 실행하지 않음"
"근접/Slash","Slash 투사체","물리","Blueprint","SlashTrail_SoftTofu","/Game/SlashTrail_SoftTofu/Blueprint/Basic","BP_Slash_Projectile_Start_Basic","이름: BP_Slash_Projectile_Start_Basic; 테마 폴더: Basic","2026-10-03 삭제 완료; 삭제 전 이력 경로; 효과 BP; 시스템 본체와 별도 항목","검파의 발현","투사체","기존 에셋 분류 Slash 투사체 · 실행 보류: 원본 Blueprint의 실행 로직·부품 관계 미확인; 직접 실행하지 않음"
"근접/Slash","Slash 투사체","번개","Blueprint","SlashTrail_SoftTofu","/Game/SlashTrail_SoftTofu/Blueprint/LightSaber","BP_Slash_Projectile_Rotate_LightSaber","이름: BP_Slash_Projectile_Rotate_LightSaber; 테마 폴더: LightSaber","2026-10-03 삭제 완료; 삭제 전 이력 경로; 효과 BP; 시스템 본체와 별도 항목","회전하는 광휘 검파","투사체","기존 에셋 분류 Slash 투사체 · 실행 보류: 원본 Blueprint의 실행 로직·부품 관계 미확인; 직접 실행하지 않음"
"근접/Slash","Slash 투사체","번개","Blueprint","SlashTrail_SoftTofu","/Game/SlashTrail_SoftTofu/Blueprint/LightSaber","BP_Slash_Projectile_Start_LightSaber","이름: BP_Slash_Projectile_Start_LightSaber; 테마 폴더: LightSaber","2026-10-03 삭제 완료; 삭제 전 이력 경로; 효과 BP; 시스템 본체와 별도 항목","광휘 검파의 발현","투사체","기존 에셋 분류 Slash 투사체 · 실행 보류: 원본 Blueprint의 실행 로직·부품 관계 미확인; 직접 실행하지 않음"
"근접/Slash","Slash 투사체","카오스","Blueprint","SlashTrail_SoftTofu","/Game/SlashTrail_SoftTofu/Blueprint/Matrix","BP_Slash_Projectile_Rotate_Matrix","이름: BP_Slash_Projectile_Rotate_Matrix; 테마 폴더: Matrix","2026-10-03 삭제 완료; 삭제 전 이력 경로; 효과 BP; 시스템 본체와 별도 항목","회전하는 문자 검파","투사체","기존 에셋 분류 Slash 투사체 · 실행 보류: 원본 Blueprint의 실행 로직·부품 관계 미확인; 직접 실행하지 않음"
"근접/Slash","Slash 투사체","카오스","Blueprint","SlashTrail_SoftTofu","/Game/SlashTrail_SoftTofu/Blueprint/Matrix","BP_Slash_Projectile_Start_Matrix","이름: BP_Slash_Projectile_Start_Matrix; 테마 폴더: Matrix","2026-10-03 삭제 완료; 삭제 전 이력 경로; 효과 BP; 시스템 본체와 별도 항목","문자 검파의 발현","투사체","기존 에셋 분류 Slash 투사체 · 실행 보류: 원본 Blueprint의 실행 로직·부품 관계 미확인; 직접 실행하지 않음"
"근접/Slash","Slash 투사체","물리","Blueprint","SlashTrail_SoftTofu","/Game/SlashTrail_SoftTofu/Blueprint/Sand","BP_Slash_Projectile_Rotate_Sand","이름: BP_Slash_Projectile_Rotate_Sand; 테마 폴더: Sand","2026-10-03 삭제 완료; 삭제 전 이력 경로; 효과 BP; 시스템 본체와 별도 항목","회전하는 모래 검파","투사체","기존 에셋 분류 Slash 투사체 · 실행 보류: 원본 Blueprint의 실행 로직·부품 관계 미확인; 직접 실행하지 않음"
"근접/Slash","Slash 투사체","물리","Blueprint","SlashTrail_SoftTofu","/Game/SlashTrail_SoftTofu/Blueprint/Sand","BP_Slash_Projectile_Start_Sand","이름: BP_Slash_Projectile_Start_Sand; 테마 폴더: Sand","2026-10-03 삭제 완료; 삭제 전 이력 경로; 효과 BP; 시스템 본체와 별도 항목","모래 검파의 발현","투사체","기존 에셋 분류 Slash 투사체 · 실행 보류: 원본 Blueprint의 실행 로직·부품 관계 미확인; 직접 실행하지 않음"
"근접/Slash","Slash 투사체","냉기","Blueprint","SlashTrail_SoftTofu","/Game/SlashTrail_SoftTofu/Blueprint/water","BP_Slash_Projectile_Rotate_Water","이름: BP_Slash_Projectile_Rotate_Water; 테마 폴더: water","2026-10-03 삭제 완료; 삭제 전 이력 경로; 효과 BP; 시스템 본체와 별도 항목","회전하는 물결 검파","투사체","기존 에셋 분류 Slash 투사체 · 실행 보류: 원본 Blueprint의 실행 로직·부품 관계 미확인; 직접 실행하지 않음"
"근접/Slash","Slash 투사체","냉기","Blueprint","SlashTrail_SoftTofu","/Game/SlashTrail_SoftTofu/Blueprint/water","BP_Slash_Projectile_Start_Water","이름: BP_Slash_Projectile_Start_Water; 테마 폴더: water","2026-10-03 삭제 완료; 삭제 전 이력 경로; 효과 BP; 시스템 본체와 별도 항목","물결 검파의 발현","투사체","기존 에셋 분류 Slash 투사체 · 실행 보류: 원본 Blueprint의 실행 로직·부품 관계 미확인; 직접 실행하지 않음"
"근접/Slash","Slash 투사체","불","Blueprint","SlashTrail_SoftTofu","/Game/SlashTrail_SoftTofu/Blueprint","BP_Slash_Projectile_Rotate","이름: BP_Slash_Projectile_Rotate; 테마 폴더: Blueprint","2026-10-03 삭제 완료; 삭제 전 이력 경로; 효과 BP; 시스템 본체와 별도 항목; 기반 BP; 구체 효과 설정 확인 필요","회전하는 검파 2","투사체","기존 에셋 분류 Slash 투사체 · 실행 보류: 원본 Blueprint의 실행 로직·부품 관계 미확인; 직접 실행하지 않음"
"근접/Slash","Slash 투사체","물리","Blueprint","SlashTrail_SoftTofu","/Game/SlashTrail_SoftTofu/Blueprint/Wind","BP_Slash_Projectile_Rotate_Wind","이름: BP_Slash_Projectile_Rotate_Wind; 테마 폴더: Wind","2026-10-03 삭제 완료; 삭제 전 이력 경로; 효과 BP; 시스템 본체와 별도 항목","회전하는 바람 검파","투사체","기존 에셋 분류 Slash 투사체 · 실행 보류: 원본 Blueprint의 실행 로직·부품 관계 미확인; 직접 실행하지 않음"
"근접/Slash","Slash 투사체","물리","Blueprint","SlashTrail_SoftTofu","/Game/SlashTrail_SoftTofu/Blueprint/Wind","BP_Slash_Projectile_Start_Wind","이름: BP_Slash_Projectile_Start_Wind; 테마 폴더: Wind","2026-10-03 삭제 완료; 삭제 전 이력 경로; 효과 BP; 시스템 본체와 별도 항목","바람 검파의 발현","투사체","기존 에셋 분류 Slash 투사체 · 실행 보류: 원본 Blueprint의 실행 로직·부품 관계 미확인; 직접 실행하지 않음"
"근접/Slash","Slash 투사체","번개","Blueprint","SlashTrail_SoftTofu","/Game/SlashTrail_SoftTofu/Blueprint/Lightning","BP_Slash_Projectile_Rotate_Lightning","이름: BP_Slash_Projectile_Rotate_Lightning; 테마 폴더: Lightning","2026-10-03 삭제 완료; 삭제 전 이력 경로; 효과 BP; 시스템 본체와 별도 항목","회전하는 뇌전 검파","투사체","기존 에셋 분류 Slash 투사체 · 실행 보류: 원본 Blueprint의 실행 로직·부품 관계 미확인; 직접 실행하지 않음"
"근접/Slash","Slash 투사체","번개","Blueprint","SlashTrail_SoftTofu","/Game/SlashTrail_SoftTofu/Blueprint/Lightning","BP_Slash_Projectile_Start_Lightning","이름: BP_Slash_Projectile_Start_Lightning; 테마 폴더: Lightning","2026-10-03 삭제 완료; 삭제 전 이력 경로; 효과 BP; 시스템 본체와 별도 항목","뇌전 검파의 발현","투사체","기존 에셋 분류 Slash 투사체 · 실행 보류: 원본 Blueprint의 실행 로직·부품 관계 미확인; 직접 실행하지 않음"
"근접/Slash","Slash 투사체","번개","Blueprint","SlashTrail_SoftTofu","/Game/SlashTrail_SoftTofu/Blueprint/CyberPunk","BP_Slash_Projectile_Rotate_CyberPunk","이름: BP_Slash_Projectile_Rotate_CyberPunk; 테마 폴더: CyberPunk","2026-10-03 삭제 완료; 삭제 전 이력 경로; 효과 BP; 시스템 본체와 별도 항목","회전하는 전광 검파","투사체","기존 에셋 분류 Slash 투사체 · 실행 보류: 원본 Blueprint의 실행 로직·부품 관계 미확인; 직접 실행하지 않음"
"근접/Slash","Slash 투사체","번개","Blueprint","SlashTrail_SoftTofu","/Game/SlashTrail_SoftTofu/Blueprint/CyberPunk","BP_Slash_Projectile_Start_Cyberpunk","이름: BP_Slash_Projectile_Start_Cyberpunk; 테마 폴더: CyberPunk","2026-10-03 삭제 완료; 삭제 전 이력 경로; 효과 BP; 시스템 본체와 별도 항목","전광 검파의 발현","투사체","기존 에셋 분류 Slash 투사체 · 실행 보류: 원본 Blueprint의 실행 로직·부품 관계 미확인; 직접 실행하지 않음"
"근접/Slash","Slash 투사체","카오스","Blueprint","SlashTrail_SoftTofu","/Game/SlashTrail_SoftTofu/Blueprint/Mystic","BP_Slash_Projectile_Rotate_Mystic","이름: BP_Slash_Projectile_Rotate_Mystic; 테마 폴더: Mystic","2026-10-03 삭제 완료; 삭제 전 이력 경로; 효과 BP; 시스템 본체와 별도 항목","회전하는 신비 검파","투사체","기존 에셋 분류 Slash 투사체 · 실행 보류: 원본 Blueprint의 실행 로직·부품 관계 미확인; 직접 실행하지 않음"
"근접/Slash","Slash 투사체","카오스","Blueprint","SlashTrail_SoftTofu","/Game/SlashTrail_SoftTofu/Blueprint/Mystic","BP_Slash_Projectile_Start_Mystic","이름: BP_Slash_Projectile_Start_Mystic; 테마 폴더: Mystic","2026-10-03 삭제 완료; 삭제 전 이력 경로; 효과 BP; 시스템 본체와 별도 항목","신비 검파의 발현","투사체","기존 에셋 분류 Slash 투사체 · 실행 보류: 원본 Blueprint의 실행 로직·부품 관계 미확인; 직접 실행하지 않음"
"근접/Slash","Slash 투사체","카오스","Blueprint","SlashTrail_SoftTofu","/Game/SlashTrail_SoftTofu/Blueprint/Dark","BP_Slash_Projectile_Rotate_Dark","이름: BP_Slash_Projectile_Rotate_Dark; 테마 폴더: Dark","2026-10-03 삭제 완료; 삭제 전 이력 경로; 효과 BP; 시스템 본체와 별도 항목","회전하는 어둠 검파","투사체","기존 에셋 분류 Slash 투사체 · 실행 보류: 원본 Blueprint의 실행 로직·부품 관계 미확인; 직접 실행하지 않음"
"근접/Slash","Slash 투사체","카오스","Blueprint","SlashTrail_SoftTofu","/Game/SlashTrail_SoftTofu/Blueprint/Dark","BP_Slash_Projectile_Start_Dark","이름: BP_Slash_Projectile_Start_Dark; 테마 폴더: Dark","2026-10-03 삭제 완료; 삭제 전 이력 경로; 효과 BP; 시스템 본체와 별도 항목","어둠 검파의 발현","투사체","기존 에셋 분류 Slash 투사체 · 실행 보류: 원본 Blueprint의 실행 로직·부품 관계 미확인; 직접 실행하지 않음"
"근접/Slash","Slash 투사체","냉기","Blueprint","SlashTrail_SoftTofu","/Game/SlashTrail_SoftTofu/Blueprint/Ice","BP_Slash_Projectile_Rotate_Ice","이름: BP_Slash_Projectile_Rotate_Ice; 테마 폴더: Ice","2026-10-03 삭제 완료; 삭제 전 이력 경로; 효과 BP; 시스템 본체와 별도 항목","회전하는 서리 검파","투사체","기존 에셋 분류 Slash 투사체 · 실행 보류: 원본 Blueprint의 실행 로직·부품 관계 미확인; 직접 실행하지 않음"
"근접/Slash","Slash 투사체","냉기","Blueprint","SlashTrail_SoftTofu","/Game/SlashTrail_SoftTofu/Blueprint/Ice","BP_Slash_Projectile_Start_Ice","이름: BP_Slash_Projectile_Start_Ice; 테마 폴더: Ice","2026-10-03 삭제 완료; 삭제 전 이력 경로; 효과 BP; 시스템 본체와 별도 항목","서리 검파의 발현","투사체","기존 에셋 분류 Slash 투사체 · 실행 보류: 원본 Blueprint의 실행 로직·부품 관계 미확인; 직접 실행하지 않음"
"근접/Slash","Slash 투사체","카오스","Blueprint","SlashTrail_SoftTofu","/Game/SlashTrail_SoftTofu/Blueprint/Distortion","BP_Slash_Projectile_Rotate_Distortion","이름: BP_Slash_Projectile_Rotate_Distortion; 테마 폴더: Distortion","2026-10-03 삭제 완료; 삭제 전 이력 경로; 효과 BP; 시스템 본체와 별도 항목","회전하는 왜곡 검파","투사체","기존 에셋 분류 Slash 투사체 · 실행 보류: 원본 Blueprint의 실행 로직·부품 관계 미확인; 직접 실행하지 않음"
"근접/Slash","Slash 투사체","카오스","Blueprint","SlashTrail_SoftTofu","/Game/SlashTrail_SoftTofu/Blueprint/Distortion","BP_Slash_Projectile_Start_Distortion","이름: BP_Slash_Projectile_Start_Distortion; 테마 폴더: Distortion","2026-10-03 삭제 완료; 삭제 전 이력 경로; 효과 BP; 시스템 본체와 별도 항목","왜곡 검파의 발현","투사체","기존 에셋 분류 Slash 투사체 · 실행 보류: 원본 Blueprint의 실행 로직·부품 관계 미확인; 직접 실행하지 않음"
"근접/Slash","Slash 투사체","물리","Blueprint","SlashTrail_SoftTofu","/Game/SlashTrail_SoftTofu/Blueprint/Music","BP_Slash_Projectile_Rotate_Music","이름: BP_Slash_Projectile_Rotate_Music; 테마 폴더: Music","2026-10-03 삭제 완료; 삭제 전 이력 경로; 효과 BP; 시스템 본체와 별도 항목","회전하는 선율 검파","투사체","기존 에셋 분류 Slash 투사체 · 실행 보류: 원본 Blueprint의 실행 로직·부품 관계 미확인; 직접 실행하지 않음"
"근접/Slash","Slash 투사체","물리","Blueprint","SlashTrail_SoftTofu","/Game/SlashTrail_SoftTofu/Blueprint/Music","BP_Slash_Projectile_Start_Music","이름: BP_Slash_Projectile_Start_Music; 테마 폴더: Music","2026-10-03 삭제 완료; 삭제 전 이력 경로; 효과 BP; 시스템 본체와 별도 항목","선율 검파의 발현","투사체","기존 에셋 분류 Slash 투사체 · 실행 보류: 원본 Blueprint의 실행 로직·부품 관계 미확인; 직접 실행하지 않음"
"근접/Slash","Slash 투사체","물리","Blueprint","SlashTrail_SoftTofu","/Game/SlashTrail_SoftTofu/Blueprint/Nature","BP_Slash_Projectile_Rotate_Nature","이름: BP_Slash_Projectile_Rotate_Nature; 테마 폴더: Nature","2026-10-03 삭제 완료; 삭제 전 이력 경로; 효과 BP; 시스템 본체와 별도 항목","회전하는 숲 검파","투사체","기존 에셋 분류 Slash 투사체 · 실행 보류: 원본 Blueprint의 실행 로직·부품 관계 미확인; 직접 실행하지 않음"
"근접/Slash","Slash 투사체","물리","Blueprint","SlashTrail_SoftTofu","/Game/SlashTrail_SoftTofu/Blueprint/Nature","BP_Slash_Projectile_Start_Nature","이름: BP_Slash_Projectile_Start_Nature; 테마 폴더: Nature","2026-10-03 삭제 완료; 삭제 전 이력 경로; 효과 BP; 시스템 본체와 별도 항목","숲 검파의 발현","투사체","기존 에셋 분류 Slash 투사체 · 실행 보류: 원본 Blueprint의 실행 로직·부품 관계 미확인; 직접 실행하지 않음"
"근접/Slash","Slash 투사체","불","Blueprint","SlashTrail_SoftTofu","/Game/SlashTrail_SoftTofu/Blueprint/fire","BP_Slash_Projectile_Start_Fire","이름: BP_Slash_Projectile_Start_Fire; 테마 폴더: fire","2026-10-03 삭제 완료; 삭제 전 이력 경로; 효과 BP; 시스템 본체와 별도 항목","화염 검파의 발현","투사체","기존 에셋 분류 Slash 투사체 · 실행 보류: 원본 Blueprint의 실행 로직·부품 관계 미확인; 직접 실행하지 않음"
"근접/Slash","Slash 투사체","번개","Blueprint","SlashTrail_SoftTofu","/Game/SlashTrail_SoftTofu/Blueprint/Scifi","BP_Slash_Projectile_Rotate_Scifi","이름: BP_Slash_Projectile_Rotate_Scifi; 테마 폴더: Scifi","2026-10-03 삭제 완료; 삭제 전 이력 경로; 효과 BP; 시스템 본체와 별도 항목","회전하는 광자 검파","투사체","기존 에셋 분류 Slash 투사체 · 실행 보류: 원본 Blueprint의 실행 로직·부품 관계 미확인; 직접 실행하지 않음"
"근접/Slash","Slash 투사체","번개","Blueprint","SlashTrail_SoftTofu","/Game/SlashTrail_SoftTofu/Blueprint/Scifi","BP_Slash_Projectile_Start_Scifi","이름: BP_Slash_Projectile_Start_Scifi; 테마 폴더: Scifi","2026-10-03 삭제 완료; 삭제 전 이력 경로; 효과 BP; 시스템 본체와 별도 항목","광자 검파의 발현","투사체","기존 에셋 분류 Slash 투사체 · 실행 보류: 원본 Blueprint의 실행 로직·부품 관계 미확인; 직접 실행하지 않음"
"근접/Slash","Slash Trail","물리","NiagaraSystem","SlashTrail_SoftTofu","/Game/SlashTrail_SoftTofu/Niagara/Basic","NS_SlashTrail_Basic","이름: NS_SlashTrail_Basic; 테마 폴더: Basic","2026-10-03 삭제 완료; 삭제 전 이력 경로","검흔 2","보조 효과","기존 에셋 분류 Slash Trail · 독립 스킬 제외"
"근접/Slash","Slash Trail","물리","NiagaraSystem","SlashTrail_SoftTofu","/Game/SlashTrail_SoftTofu/Niagara/Basic","NS_SlashTrail_Basic_Loop","이름: NS_SlashTrail_Basic_Loop; 테마 폴더: Basic","2026-10-03 삭제 완료; 삭제 전 이력 경로","이어지는 검흔","보조 효과","기존 에셋 분류 Slash Trail · 독립 스킬 제외"
"근접/Slash","Slash Trail","번개","NiagaraSystem","SlashTrail_SoftTofu","/Game/SlashTrail_SoftTofu/Niagara/LightSaber","NS_SlashTrail_LightSaber","이름: NS_SlashTrail_LightSaber; 테마 폴더: LightSaber","2026-10-03 삭제 완료; 삭제 전 이력 경로","광휘 검흔","보조 효과","기존 에셋 분류 Slash Trail · 독립 스킬 제외"
"근접/Slash","Slash Trail","번개","NiagaraSystem","SlashTrail_SoftTofu","/Game/SlashTrail_SoftTofu/Niagara/LightSaber","NS_SlashTrail_LightSaber_Loop","이름: NS_SlashTrail_LightSaber_Loop; 테마 폴더: LightSaber","2026-10-03 삭제 완료; 삭제 전 이력 경로","이어지는 광휘 검흔","보조 효과","기존 에셋 분류 Slash Trail · 독립 스킬 제외"
"근접/Slash","Slash Trail","카오스","NiagaraSystem","SlashTrail_SoftTofu","/Game/SlashTrail_SoftTofu/Niagara/Matrix","NS_SlashTrail_Matrix","이름: NS_SlashTrail_Matrix; 테마 폴더: Matrix","2026-10-03 삭제 완료; 삭제 전 이력 경로","문자 검흔","보조 효과","기존 에셋 분류 Slash Trail · 독립 스킬 제외"
"근접/Slash","Slash Trail","카오스","NiagaraSystem","SlashTrail_SoftTofu","/Game/SlashTrail_SoftTofu/Niagara/Matrix","NS_SlashTrail_Matrix_Loop","이름: NS_SlashTrail_Matrix_Loop; 테마 폴더: Matrix","2026-10-03 삭제 완료; 삭제 전 이력 경로","이어지는 문자 검흔","보조 효과","기존 에셋 분류 Slash Trail · 독립 스킬 제외"
"근접/Slash","Slash Trail","물리","NiagaraSystem","SlashTrail_SoftTofu","/Game/SlashTrail_SoftTofu/Niagara/Sand","NS_SlashTrail_Sand_","이름: NS_SlashTrail_Sand_; 테마 폴더: Sand","2026-10-03 삭제 완료; 삭제 전 이력 경로","모래 검흔","보조 효과","기존 에셋 분류 Slash Trail · 독립 스킬 제외"
"근접/Slash","Slash Trail","물리","NiagaraSystem","SlashTrail_SoftTofu","/Game/SlashTrail_SoftTofu/Niagara/Sand","NS_SlashTrail_Sand_Loop","이름: NS_SlashTrail_Sand_Loop; 테마 폴더: Sand","2026-10-03 삭제 완료; 삭제 전 이력 경로","이어지는 모래 검흔","보조 효과","기존 에셋 분류 Slash Trail · 독립 스킬 제외"
"근접/Slash","Slash Trail","냉기","NiagaraSystem","SlashTrail_SoftTofu","/Game/SlashTrail_SoftTofu/Niagara/Water","NS_SlashTrail_Water","이름: NS_SlashTrail_Water; 테마 폴더: Water","2026-10-03 삭제 완료; 삭제 전 이력 경로","물결 검흔","보조 효과","기존 에셋 분류 Slash Trail · 독립 스킬 제외"
"근접/Slash","Slash Trail","냉기","NiagaraSystem","SlashTrail_SoftTofu","/Game/SlashTrail_SoftTofu/Niagara/Water","NS_SlashTrail_Water_Loop","이름: NS_SlashTrail_Water_Loop; 테마 폴더: Water","2026-10-03 삭제 완료; 삭제 전 이력 경로","이어지는 물결 검흔","보조 효과","기존 에셋 분류 Slash Trail · 독립 스킬 제외"
"근접/Slash","Slash Trail","물리","NiagaraSystem","SlashTrail_SoftTofu","/Game/SlashTrail_SoftTofu/Niagara/Wind","NS_SlashTrail_Wind","이름: NS_SlashTrail_Wind; 테마 폴더: Wind","2026-10-03 삭제 완료; 삭제 전 이력 경로","바람 검흔","보조 효과","기존 에셋 분류 Slash Trail · 독립 스킬 제외"
"근접/Slash","Slash Trail","물리","NiagaraSystem","SlashTrail_SoftTofu","/Game/SlashTrail_SoftTofu/Niagara/Wind","NS_SlashTrail_WindNS_SlashTrail_Water_Loop","이름: NS_SlashTrail_WindNS_SlashTrail_Water_Loop; 테마 폴더: Wind","2026-10-03 삭제 완료; 삭제 전 이력 경로; 원본 이름에 Wind/Water 혼재; Wind 폴더 기준","이어지는 바람 검흔","보조 효과","기존 에셋 분류 Slash Trail · 독립 스킬 제외"
"근접/Slash","Slash Trail","번개","NiagaraSystem","SlashTrail_SoftTofu","/Game/SlashTrail_SoftTofu/Niagara/Lightning","NS_SlashTrail_Lightning","이름: NS_SlashTrail_Lightning; 테마 폴더: Lightning","2026-10-03 삭제 완료; 삭제 전 이력 경로","뇌전 검흔","보조 효과","기존 에셋 분류 Slash Trail · 독립 스킬 제외"
"근접/Slash","Slash Trail","번개","NiagaraSystem","SlashTrail_SoftTofu","/Game/SlashTrail_SoftTofu/Niagara/Lightning","NS_SlashTrail_Lightning_Loop","이름: NS_SlashTrail_Lightning_Loop; 테마 폴더: Lightning","2026-10-03 삭제 완료; 삭제 전 이력 경로","이어지는 뇌전 검흔","보조 효과","기존 에셋 분류 Slash Trail · 독립 스킬 제외"
"근접/Slash","Slash Trail","번개","NiagaraSystem","SlashTrail_SoftTofu","/Game/SlashTrail_SoftTofu/Niagara/Cyberpunk","NS_SlashTrail_CyberPunk","이름: NS_SlashTrail_CyberPunk; 테마 폴더: Cyberpunk","2026-10-03 삭제 완료; 삭제 전 이력 경로","전광 검흔","보조 효과","기존 에셋 분류 Slash Trail · 독립 스킬 제외"
"근접/Slash","Slash Trail","번개","NiagaraSystem","SlashTrail_SoftTofu","/Game/SlashTrail_SoftTofu/Niagara/Cyberpunk","NS_SlashTrail_CyberPunk_Loop","이름: NS_SlashTrail_CyberPunk_Loop; 테마 폴더: Cyberpunk","2026-10-03 삭제 완료; 삭제 전 이력 경로","이어지는 전광 검흔","보조 효과","기존 에셋 분류 Slash Trail · 독립 스킬 제외"
"근접/Slash","Slash Trail","카오스","NiagaraSystem","SlashTrail_SoftTofu","/Game/SlashTrail_SoftTofu/Niagara/Mystic","NS_SlashTrail_Mystic","이름: NS_SlashTrail_Mystic; 테마 폴더: Mystic","2026-10-03 삭제 완료; 삭제 전 이력 경로","신비 검흔","보조 효과","기존 에셋 분류 Slash Trail · 독립 스킬 제외"
"근접/Slash","Slash Trail","카오스","NiagaraSystem","SlashTrail_SoftTofu","/Game/SlashTrail_SoftTofu/Niagara/Mystic","NS_SlashTrail_Mystic_Loop","이름: NS_SlashTrail_Mystic_Loop; 테마 폴더: Mystic","2026-10-03 삭제 완료; 삭제 전 이력 경로","이어지는 신비 검흔","보조 효과","기존 에셋 분류 Slash Trail · 독립 스킬 제외"
"근접/Slash","Slash Trail","카오스","NiagaraSystem","SlashTrail_SoftTofu","/Game/SlashTrail_SoftTofu/Niagara/Dark","NS_SlashTrail_Dark","이름: NS_SlashTrail_Dark; 테마 폴더: Dark","2026-10-03 삭제 완료; 삭제 전 이력 경로","어둠 검흔","보조 효과","기존 에셋 분류 Slash Trail · 독립 스킬 제외"
"근접/Slash","Slash Trail","카오스","NiagaraSystem","SlashTrail_SoftTofu","/Game/SlashTrail_SoftTofu/Niagara/Dark","NS_SlashTrail_Dark_Loop","이름: NS_SlashTrail_Dark_Loop; 테마 폴더: Dark","2026-10-03 삭제 완료; 삭제 전 이력 경로","이어지는 어둠 검흔","보조 효과","기존 에셋 분류 Slash Trail · 독립 스킬 제외"
"근접/Slash","Slash Trail","냉기","NiagaraSystem","SlashTrail_SoftTofu","/Game/SlashTrail_SoftTofu/Niagara/Ice","NS_SlashTrail_Ice","이름: NS_SlashTrail_Ice; 테마 폴더: Ice","2026-10-03 삭제 완료; 삭제 전 이력 경로","서리 검흔","보조 효과","기존 에셋 분류 Slash Trail · 독립 스킬 제외"
"근접/Slash","Slash Trail","냉기","NiagaraSystem","SlashTrail_SoftTofu","/Game/SlashTrail_SoftTofu/Niagara/Ice","NS_SlashTrail_Ice_Loop","이름: NS_SlashTrail_Ice_Loop; 테마 폴더: Ice","2026-10-03 삭제 완료; 삭제 전 이력 경로","이어지는 서리 검흔","보조 효과","기존 에셋 분류 Slash Trail · 독립 스킬 제외"
"근접/Slash","Slash Trail","카오스","NiagaraSystem","SlashTrail_SoftTofu","/Game/SlashTrail_SoftTofu/Niagara/Distortion_Only","NS_SlashTrail_Distortion_Only","이름: NS_SlashTrail_Distortion_Only; 테마 폴더: Distortion_Only","2026-10-03 삭제 완료; 삭제 전 이력 경로","왜곡 검흔","보조 효과","기존 에셋 분류 Slash Trail · 독립 스킬 제외"
"근접/Slash","Slash Trail","카오스","NiagaraSystem","SlashTrail_SoftTofu","/Game/SlashTrail_SoftTofu/Niagara/Distortion_Only","NS_SlashTrail_Distortion_Only_Loop","이름: NS_SlashTrail_Distortion_Only_Loop; 테마 폴더: Distortion_Only","2026-10-03 삭제 완료; 삭제 전 이력 경로","이어지는 왜곡 검흔","보조 효과","기존 에셋 분류 Slash Trail · 독립 스킬 제외"
"근접/Slash","Slash Trail","물리","NiagaraSystem","SlashTrail_SoftTofu","/Game/SlashTrail_SoftTofu/Niagara/Music","NS_SlashTrail_Music","이름: NS_SlashTrail_Music; 테마 폴더: Music","2026-10-03 삭제 완료; 삭제 전 이력 경로","선율 검흔","보조 효과","기존 에셋 분류 Slash Trail · 독립 스킬 제외"
"근접/Slash","Slash Trail","물리","NiagaraSystem","SlashTrail_SoftTofu","/Game/SlashTrail_SoftTofu/Niagara/Music","NS_SlashTrail_Music_Loop","이름: NS_SlashTrail_Music_Loop; 테마 폴더: Music","2026-10-03 삭제 완료; 삭제 전 이력 경로","이어지는 선율 검흔","보조 효과","기존 에셋 분류 Slash Trail · 독립 스킬 제외"
"근접/Slash","Slash Trail","물리","NiagaraSystem","SlashTrail_SoftTofu","/Game/SlashTrail_SoftTofu/Niagara/Nature","NS_SlashTrail_Nature","이름: NS_SlashTrail_Nature; 테마 폴더: Nature","2026-10-03 삭제 완료; 삭제 전 이력 경로","숲 검흔","보조 효과","기존 에셋 분류 Slash Trail · 독립 스킬 제외"
"근접/Slash","Slash Trail","물리","NiagaraSystem","SlashTrail_SoftTofu","/Game/SlashTrail_SoftTofu/Niagara/Nature","NS_SlashTrail_Nature_Loop","이름: NS_SlashTrail_Nature_Loop; 테마 폴더: Nature","2026-10-03 삭제 완료; 삭제 전 이력 경로","이어지는 숲 검흔","보조 효과","기존 에셋 분류 Slash Trail · 독립 스킬 제외"
"근접/Slash","Slash Trail","불","NiagaraSystem","SlashTrail_SoftTofu","/Game/SlashTrail_SoftTofu/Niagara/Fire","NS_SlashTrail_Fire","이름: NS_SlashTrail_Fire; 테마 폴더: Fire","2026-10-03 삭제 완료; 삭제 전 이력 경로","화염 검흔","보조 효과","기존 에셋 분류 Slash Trail · 독립 스킬 제외"
"근접/Slash","Slash Trail","불","NiagaraSystem","SlashTrail_SoftTofu","/Game/SlashTrail_SoftTofu/Niagara/Fire","NS_SlashTrail_Fire_Loop","이름: NS_SlashTrail_Fire_Loop; 테마 폴더: Fire","2026-10-03 삭제 완료; 삭제 전 이력 경로","이어지는 화염 검흔","보조 효과","기존 에셋 분류 Slash Trail · 독립 스킬 제외"
"근접/Slash","Slash Trail","번개","NiagaraSystem","SlashTrail_SoftTofu","/Game/SlashTrail_SoftTofu/Niagara/Scifi","NS_SlashTrail_Scifi","이름: NS_SlashTrail_Scifi; 테마 폴더: Scifi","2026-10-03 삭제 완료; 삭제 전 이력 경로","광자 검흔","보조 효과","기존 에셋 분류 Slash Trail · 독립 스킬 제외"
"근접/Slash","Slash Trail","번개","NiagaraSystem","SlashTrail_SoftTofu","/Game/SlashTrail_SoftTofu/Niagara/Scifi","NS_SlashTrail_Scifi_Loop","이름: NS_SlashTrail_Scifi_Loop; 테마 폴더: Scifi","2026-10-03 삭제 완료; 삭제 전 이력 경로","이어지는 광자 검흔","보조 효과","기존 에셋 분류 Slash Trail · 독립 스킬 제외"
"근접/Slash","Trail 보조 입자","카오스","ParticleSystem","TrailPack","/Game/TrailPack/Particles/Cascade/Magic/Trail_Sparks","P_Magic_SparksSoft","유형 폴더: Magic/Trail_Sparks","2026-10-03 삭제 완료; 삭제 전 이력 경로","은은한 마력 파편 1","보조 효과","기존 에셋 분류 Trail 보조 입자 · 독립 스킬 제외"
"근접/Slash","Trail 보조 입자","카오스","ParticleSystem","TrailPack","/Game/TrailPack/Particles/Cascade/Magic/Trail_Sparks","P_Magic_SparksStrong","유형 폴더: Magic/Trail_Sparks","2026-10-03 삭제 완료; 삭제 전 이력 경로","선명한 마력 파편 1","보조 효과","기존 에셋 분류 Trail 보조 입자 · 독립 스킬 제외"
"근접/Slash","Trail 보조 입자","카오스","NiagaraSystem","TrailPack","/Game/TrailPack/Particles/Niagara/Magic/Spark","NS_Magic_SparksSoft","유형 폴더: Magic/Spark","2026-10-03 삭제 완료; 삭제 전 이력 경로","은은한 마력 파편 2","보조 효과","기존 에셋 분류 Trail 보조 입자 · 독립 스킬 제외"
"근접/Slash","Trail 보조 입자","카오스","NiagaraSystem","TrailPack","/Game/TrailPack/Particles/Niagara/Magic/Spark","NS_Magic_SparksStrong","유형 폴더: Magic/Spark","2026-10-03 삭제 완료; 삭제 전 이력 경로","선명한 마력 파편 2","보조 효과","기존 에셋 분류 Trail 보조 입자 · 독립 스킬 제외"
"근접/Slash","Trail 보조 입자","카오스","ParticleSystem","TrailPack","/Game/TrailPack/Particles/Cascade/Corrosion/SwordTrail","P_Corrosion_Smoke","유형 폴더: Corrosion/SwordTrail","2026-10-03 삭제 완료; 삭제 전 이력 경로; 연기 보조 효과; 실제 형태 확인 필요","침식의 연무 1","보조 효과","기존 에셋 분류 Trail 보조 입자 · 독립 스킬 제외"
"근접/Slash","Trail 보조 입자","카오스","NiagaraSystem","TrailPack","/Game/TrailPack/Particles/Niagara/Corrosion/Spark","NS_Corrosion_Smoke","유형 폴더: Corrosion/Spark","2026-10-03 삭제 완료; 삭제 전 이력 경로; 연기 보조 효과; 실제 형태 확인 필요","침식의 연무 2","보조 효과","기존 에셋 분류 Trail 보조 입자 · 독립 스킬 제외"
"근접/Slash","Trail 보조 입자","불","ParticleSystem","TrailPack","/Game/TrailPack/Particles/Cascade/Phoenix/Spark","P_PhoenixSparks","유형 폴더: Phoenix/Spark","2026-10-03 삭제 완료; 삭제 전 이력 경로","불사조의 깃불 1","보조 효과","기존 에셋 분류 Trail 보조 입자 · 독립 스킬 제외"
"근접/Slash","Trail 보조 입자","불","NiagaraSystem","TrailPack","/Game/TrailPack/Particles/Niagara/Phoenix/Spark","NS_PhoenixSparks","유형 폴더: Phoenix/Spark","2026-10-03 삭제 완료; 삭제 전 이력 경로","불사조의 깃불 2","보조 효과","기존 에셋 분류 Trail 보조 입자 · 독립 스킬 제외"
"근접/Slash","Trail 보조 입자","물리","ParticleSystem","TrailPack","/Game/TrailPack/Particles/Cascade/Speed/Trail_Sparks","P_SpeedDust","유형 폴더: Speed/Trail_Sparks","2026-10-03 삭제 완료; 삭제 전 이력 경로","질주의 먼지","보조 효과","기존 에셋 분류 Trail 보조 입자 · 독립 스킬 제외"
"근접/Slash","Trail 보조 입자","물리","NiagaraSystem","TrailPack","/Game/TrailPack/Particles/Niagara/Speed/Spark","NS_SpeedSpark","유형 폴더: Speed/Spark","2026-10-03 삭제 완료; 삭제 전 이력 경로","질주의 불티","보조 효과","기존 에셋 분류 Trail 보조 입자 · 독립 스킬 제외"
"근접/Slash","Trail 보조 입자","카오스","ParticleSystem","TrailPack","/Game/TrailPack/Particles/Cascade/Dark/Trail_Sparks","P_DarkSpark_Up","유형 폴더: Dark/Trail_Sparks","2026-10-03 삭제 완료; 삭제 전 이력 경로","피어나는 어둠 1","보조 효과","기존 에셋 분류 Trail 보조 입자 · 독립 스킬 제외"
"근접/Slash","Trail 보조 입자","카오스","ParticleSystem","TrailPack","/Game/TrailPack/Particles/Cascade/Dark/Trail_Sparks","P_DarkSparkSide","유형 폴더: Dark/Trail_Sparks","2026-10-03 삭제 완료; 삭제 전 이력 경로","번지는 어둠","보조 효과","기존 에셋 분류 Trail 보조 입자 · 독립 스킬 제외"
"근접/Slash","Trail 보조 입자","카오스","NiagaraSystem","TrailPack","/Game/TrailPack/Particles/Niagara/Dark/Spark","NS_DarkSpark_Up","유형 폴더: Dark/Spark","2026-10-03 삭제 완료; 삭제 전 이력 경로","피어나는 어둠 2","보조 효과","기존 에셋 분류 Trail 보조 입자 · 독립 스킬 제외"
"근접/Slash","Trail 보조 입자","카오스","ParticleSystem","TrailPack","/Game/TrailPack/Particles/Cascade/Soul/Trail_Sparks","P_SoulSparkHand","유형 폴더: Soul/Trail_Sparks","2026-10-03 삭제 완료; 삭제 전 이력 경로","손끝의 영혼불","보조 효과","기존 에셋 분류 Trail 보조 입자 · 독립 스킬 제외"
"근접/Slash","Trail 보조 입자","카오스","ParticleSystem","TrailPack","/Game/TrailPack/Particles/Cascade/Soul/Trail_Sparks","P_SoulSparkSword","유형 폴더: Soul/Trail_Sparks","2026-10-03 삭제 완료; 삭제 전 이력 경로","칼날의 영혼불","보조 효과","기존 에셋 분류 Trail 보조 입자 · 독립 스킬 제외"
"근접/Slash","Trail 보조 입자","카오스","ParticleSystem","TrailPack","/Game/TrailPack/Particles/Cascade/Soul/Trail_Sparks","P_SoulSparkTrail","유형 폴더: Soul/Trail_Sparks","2026-10-03 삭제 완료; 삭제 전 이력 경로","영혼불의 여운","보조 효과","기존 에셋 분류 Trail 보조 입자 · 독립 스킬 제외"
"근접/Slash","Trail 보조 입자","카오스","NiagaraSystem","TrailPack","/Game/TrailPack/Particles/Niagara/Soul/Spark","NS_SoulSpark","유형 폴더: Soul/Spark","2026-10-03 삭제 완료; 삭제 전 이력 경로","영혼의 파편","보조 효과","기존 에셋 분류 Trail 보조 입자 · 독립 스킬 제외"
"근접/Slash","Trail 보조 입자","불 + 냉기 + 번개","ParticleSystem","TrailPack","/Game/TrailPack/Particles/Cascade/Elemental/Trail_Sparks","P_ElementalSpark","유형 폴더: Elemental/Trail_Sparks","2026-10-03 삭제 완료; 삭제 전 이력 경로","원소의 파편","보조 효과","기존 에셋 분류 Trail 보조 입자 · 독립 스킬 제외"
"근접/Slash","Trail 보조 입자","물리","ParticleSystem","TrailPack","/Game/TrailPack/Particles/Cascade/Wave/Sparks","P_WaveCores","유형 폴더: Wave/Sparks","2026-10-03 삭제 완료; 삭제 전 이력 경로","파동의 핵","보조 효과","기존 에셋 분류 Trail 보조 입자 · 독립 스킬 제외"
"근접/Slash","Trail 보조 입자","물리","NiagaraSystem","TrailPack","/Game/TrailPack/Particles/Niagara/Wave/Spark","NS_WaveSpark","유형 폴더: Wave/Spark","2026-10-03 삭제 완료; 삭제 전 이력 경로","파동의 파편","보조 효과","기존 에셋 분류 Trail 보조 입자 · 독립 스킬 제외"
"근접/Slash","Trail 보조 입자","물리","ParticleSystem","TrailPack","/Game/TrailPack/Particles/Cascade/Strong/Trail_Sparks","P_Strong_Trailin","유형 폴더: Strong/Trail_Sparks","2026-10-03 삭제 완료; 삭제 전 이력 경로","강격의 여운","보조 효과","기존 에셋 분류 Trail 보조 입자 · 독립 스킬 제외"
"근접/Slash","Trail 보조 입자","물리","NiagaraSystem","TrailPack","/Game/TrailPack/Particles/Niagara/Strong/Spark","NS_Strong_Spark","유형 폴더: Strong/Spark","2026-10-03 삭제 완료; 삭제 전 이력 경로","강격의 불티","보조 효과","기존 에셋 분류 Trail 보조 입자 · 독립 스킬 제외"
"마법","구체","카오스","ParticleSystem","RPGEffects","/Game/RPGEffects/Particles","P_Mage_MagicSphere","이름: P_Mage_MagicSphere","2026-10-03 삭제 완료; 삭제 전 이력 경로; 확인 필요: 투사체·방어·범위 역할","마력 구체 1","투사체","생성 프로필 projectile · 첫 차단 충돌 시 소멸"
"마법","구체","카오스","NiagaraSystem","RPGEffects","/Game/RPGEffects/ParticlesNiagara/Mage/MagicSphere","NS_Mage_MagicSphere","이름: NS_Mage_MagicSphere","2026-10-03 삭제 완료; 삭제 전 이력 경로; 확인 필요: 투사체·방어·범위 역할","마력 구체 2","투사체","생성 프로필 projectile · 첫 차단 충돌 시 소멸"
"마법","구체","번개","ParticleSystem","RPGEffects","/Game/RPGEffects/Particles","P_Priest_Sphere","이름: P_Priest_Sphere","2026-10-03 삭제 완료; 삭제 전 이력 경로; 확인 필요: 투사체·방어·범위 역할","기도의 구체 1","투사체","생성 프로필 projectile · 첫 차단 충돌 시 소멸"
"마법","구체","번개","NiagaraSystem","RPGEffects","/Game/RPGEffects/ParticlesNiagara/Priest/Sphere","NS_Priest_Sphere","이름: NS_Priest_Sphere","2026-10-03 삭제 완료; 삭제 전 이력 경로; 확인 필요: 투사체·방어·범위 역할","기도의 구체 2","투사체","생성 프로필 projectile · 첫 차단 충돌 시 소멸"
"마법","낙뢰","번개","Blueprint","FXVarietyPack","/Game/FXVarietyPack/Blueprints","BP_ky_lightning1","이름: BP_ky_lightning1","2026-10-03 삭제 완료; 삭제 전 이력 경로; 효과 BP; 시스템 본체와 별도 항목","벼락 1","범위형","기존 에셋 분류 낙뢰 · 실행 보류: 원본 Blueprint의 실행 로직·부품 관계 미확인; 직접 실행하지 않음"
"마법","낙뢰","번개","Blueprint","FXVarietyPack","/Game/FXVarietyPack/Blueprints","BP_ky_lightning2","이름: BP_ky_lightning2","2026-10-03 삭제 완료; 삭제 전 이력 경로; 효과 BP; 시스템 본체와 별도 항목","뇌격 1","범위형","기존 에셋 분류 낙뢰 · 실행 보류: 원본 Blueprint의 실행 로직·부품 관계 미확인; 직접 실행하지 않음"
"마법","낙뢰","번개","Blueprint","FXVarietyPack","/Game/FXVarietyPack/Blueprints","BP_ky_lightning3","이름: BP_ky_lightning3","2026-10-03 삭제 완료; 삭제 전 이력 경로; 효과 BP; 시스템 본체와 별도 항목","낙뢰 1","범위형","기존 에셋 분류 낙뢰 · 실행 보류: 원본 Blueprint의 실행 로직·부품 관계 미확인; 직접 실행하지 않음"
"마법","낙뢰","번개","ParticleSystem","FXVarietyPack","/Game/FXVarietyPack/Particles","P_ky_lightning1","이름: P_ky_lightning1","2026-10-03 삭제 완료; 삭제 전 이력 경로","벼락 2","범위형","생성 프로필 area · 선택 지점 범위 · 대상별 1회"
"마법","낙뢰","번개","ParticleSystem","FXVarietyPack","/Game/FXVarietyPack/Particles","P_ky_lightning2","이름: P_ky_lightning2","2026-10-03 삭제 완료; 삭제 전 이력 경로","뇌격 2","범위형","생성 프로필 area · 선택 지점 범위 · 대상별 1회"
"마법","낙뢰","번개","ParticleSystem","FXVarietyPack","/Game/FXVarietyPack/Particles","P_ky_lightning3","이름: P_ky_lightning3","2026-10-03 삭제 완료; 삭제 전 이력 경로","낙뢰 2","범위형","생성 프로필 area · 선택 지점 범위 · 대상별 1회"
"마법","낙뢰","번개","ParticleSystem","Luos8Elements","/Game/Luos8Elements/Particles/Lightning","Par_4E_LightningStrike_01","이름: Par_4E_LightningStrike_01","2026-10-03 삭제 완료; 삭제 전 이력 경로","뇌전의 낙하","범위형","생성 프로필 area · 선택 지점 범위 · 대상별 1회"
"마법","낙뢰","번개","NiagaraSystem","Mixed_Magic_VFX_Pack","/Game/Mixed_Magic_VFX_Pack/VFX","NS_Lightning_Strike","이름: NS_Lightning_Strike","2026-10-03 삭제 완료; 삭제 전 이력 경로","뇌전 강림","범위형","생성 프로필 area · 선택 지점 범위 · 대상별 1회"
"마법","낙뢰","번개","ParticleSystem","RPGEffects","/Game/RPGEffects/Particles","P_Mage_Lightning_Bolt","이름: P_Mage_Lightning_Bolt","2026-10-03 삭제 완료; 삭제 전 이력 경로","번개 일격 1","범위형","생성 프로필 area · 선택 지점 범위 · 대상별 1회"
"마법","낙뢰","번개","NiagaraSystem","RPGEffects","/Game/RPGEffects/ParticlesNiagara/Mage/LightningBolt","NS_Mage_LIghtning_Bolt","이름: NS_Mage_LIghtning_Bolt","2026-10-03 삭제 완료; 삭제 전 이력 경로","번개 일격 2","범위형","생성 프로필 area · 선택 지점 범위 · 대상별 1회"
"마법","낙뢰/방전","번개","NiagaraSystem","Vefects","/Game/Vefects/Zap_VFX/VFX/Zap/Particles","NS_Zap_01_Red","이름: NS_Zap_01_Red","2026-10-03 삭제 완료; 삭제 전 이력 경로; 확인 필요: 방전 모양; 색상은 원소 분류에서 제외","붉은 뇌전","범위형","생성 프로필 area · 선택 지점 범위 · 대상별 1회"
"마법","낙뢰/방전","번개","NiagaraSystem","Vefects","/Game/Vefects/Zap_VFX/VFX/Zap/Particles","NS_Zap_02_Blue","이름: NS_Zap_02_Blue","2026-10-03 삭제 완료; 삭제 전 이력 경로; 확인 필요: 방전 모양; 색상은 원소 분류에서 제외","푸른 뇌전","범위형","생성 프로필 area · 선택 지점 범위 · 대상별 1회"
"마법","낙뢰/방전","번개","NiagaraSystem","Vefects","/Game/Vefects/Zap_VFX/VFX/Zap/Particles","NS_Zap_03_Yellow","이름: NS_Zap_03_Yellow","2026-10-03 삭제 완료; 삭제 전 이력 경로; 확인 필요: 방전 모양; 색상은 원소 분류에서 제외","노란 뇌전","범위형","생성 프로필 area · 선택 지점 범위 · 대상별 1회"
"마법","낙뢰/방전","번개","NiagaraSystem","Vefects","/Game/Vefects/Zap_VFX/VFX/Zap/Particles","NS_Zap_04_Green","이름: NS_Zap_04_Green","2026-10-03 삭제 완료; 삭제 전 이력 경로; 확인 필요: 방전 모양; 색상은 원소 분류에서 제외","초록 뇌전","범위형","생성 프로필 area · 선택 지점 범위 · 대상별 1회"
"마법","낙뢰/방전","번개","NiagaraSystem","Vefects","/Game/Vefects/Zap_VFX/VFX/Zap/Particles","NS_Zap_05_Purple","이름: NS_Zap_05_Purple","2026-10-03 삭제 완료; 삭제 전 이력 경로; 확인 필요: 방전 모양; 색상은 원소 분류에서 제외","보랏빛 뇌전","범위형","생성 프로필 area · 선택 지점 범위 · 대상별 1회"
"마법","낙뢰/방전","번개","NiagaraSystem","Vefects","/Game/Vefects/Zap_VFX/VFX/Zap/Particles","NS_Zap_06_White","이름: NS_Zap_06_White","2026-10-03 삭제 완료; 삭제 전 이력 경로; 확인 필요: 방전 모양; 색상은 원소 분류에서 제외","하얀 뇌전","범위형","생성 프로필 area · 선택 지점 범위 · 대상별 1회"
"마법","낙뢰/방전","번개","NiagaraSystem","Vefects","/Game/Vefects/Zap_VFX/VFX/Zap/Particles","NS_Zap_07_Black","이름: NS_Zap_07_Black","2026-10-03 삭제 완료; 삭제 전 이력 경로; 확인 필요: 방전 모양; 색상은 원소 분류에서 제외","검은 뇌전","범위형","생성 프로필 area · 선택 지점 범위 · 대상별 1회"
"마법","낙뢰/방전","번개","ParticleSystem","Vefects","/Game/Vefects/Zap_VFX/VFX/Zap/Particles","PS_Zap_01","이름: PS_Zap_01","2026-10-03 삭제 완료; 삭제 전 이력 경로; 확인 필요: 방전 모양; 색상은 원소 분류에서 제외","뇌전의 섬광","범위형","생성 프로필 area · 선택 지점 범위 · 대상별 1회"
"마법","낙뢰/방전","번개","ParticleSystem","Vefects","/Game/Vefects/Zap_VFX/VFX/Zap/Particles","PS_Zap_02","이름: PS_Zap_02","2026-10-03 삭제 완료; 삭제 전 이력 경로; 확인 필요: 방전 모양; 색상은 원소 분류에서 제외","뇌전의 잔광","범위형","생성 프로필 area · 선택 지점 범위 · 대상별 1회"
"마법","마법 공격","카오스","NiagaraSystem","Free_Magic","/Game/Free_Magic/VFX_Niagara","NS_Free_Magic_Attack1","이름: NS_Free_Magic_Attack1","2026-10-03 삭제 완료; 삭제 전 이력 경로; 확인 필요: 세부 공격 형태","비술의 일격","보류","공격 방향·충돌 형태 확인 필요"
"마법","마법 공격","카오스","NiagaraSystem","Free_Magic","/Game/Free_Magic/VFX_Niagara","NS_Free_Magic_Attack2","이름: NS_Free_Magic_Attack2","2026-10-03 삭제 완료; 삭제 전 이력 경로; 확인 필요: 세부 공격 형태","마력의 일격","보류","공격 방향·충돌 형태 확인 필요"
"마법","마법 Trail","카오스","ParticleSystem","Luos8Elements","/Game/Luos8Elements/Particles/Dark","Par_4E_DarkRibbon_01","이름: Par_4E_DarkRibbon_01","2026-10-03 삭제 완료; 삭제 전 이력 경로","어둠의 궤적","보조 효과","기존 에셋 분류 마법 Trail · 독립 스킬 제외"
"마법","마법 Trail","카오스","NiagaraSystem","MegaMagicVFXBundle","/Game/MegaMagicVFXBundle/VFX/MagicAuraVFX/VFX/TrailsOfDeath/Systems","N_TrailsOfDeath","이름: N_TrailsOfDeath","2026-10-03 삭제 완료; 삭제 전 이력 경로","죽음의 궤적","보조 효과","기존 에셋 분류 마법 Trail · 독립 스킬 제외"
"마법","마법진","카오스","NiagaraSystem","Free_Magic","/Game/Free_Magic/VFX_Niagara","NS_Free_Magic_Circle1","이름: NS_Free_Magic_Circle1","2026-10-03 삭제 완료; 삭제 전 이력 경로","비술진","보류","공격·지원 동작과 적용 대상이 불명확"
"마법","마법진","카오스","NiagaraSystem","Free_Magic","/Game/Free_Magic/VFX_Niagara","NS_Free_Magic_Circle2","이름: NS_Free_Magic_Circle2","2026-10-03 삭제 완료; 삭제 전 이력 경로","마력진","보류","공격·지원 동작과 적용 대상이 불명확"
"마법","마법진","카오스","Blueprint","FXVarietyPack","/Game/FXVarietyPack/Blueprints","BP_ky_magicCircle1","이름: BP_ky_magicCircle1","2026-10-03 삭제 완료; 삭제 전 이력 경로; 효과 BP; 시스템 본체와 별도 항목","비전 마법진 1","보류","원본 Blueprint의 실행 로직·부품 관계 미확인; 직접 실행하지 않음"
"마법","마법진","카오스","ParticleSystem","FXVarietyPack","/Game/FXVarietyPack/Particles","P_ky_magicCircle1","이름: P_ky_magicCircle1","2026-10-03 삭제 완료; 삭제 전 이력 경로","비전 마법진 2","보류","공격·지원 동작과 적용 대상이 불명확"
"마법","범위 낙하","물리 + 카오스","NiagaraSystem","MegaMagicVFXBundle","/Game/MegaMagicVFXBundle/VFX/MagicalExplosionsVFX/VFX/MeteorShower/Systems","N_MagicalMeteorShower","이름: N_MagicalMeteorShower","2026-10-03 삭제 완료; 삭제 전 이력 경로","마력 운석우","범위형","생성 프로필 area · 선택 지점 범위 · 대상별 1회"
"마법","범위 낙하","물리 + 불","NiagaraSystem","MegaMagicVFXBundle","/Game/MegaMagicVFXBundle/VFX/MagicalExplosionsVFX/VFX/MeteorShower/Systems","N_MeteorShower","이름: N_MeteorShower","2026-10-03 삭제 완료; 삭제 전 이력 경로","운석우","범위형","생성 프로필 area · 선택 지점 범위 · 대상별 1회"
"마법","범위 폭풍","냉기","Blueprint","FXVarietyPack","/Game/FXVarietyPack/Blueprints","BP_ky_aquaStorm","이름: BP_ky_aquaStorm","2026-10-03 삭제 완료; 삭제 전 이력 경로; 효과 BP; 시스템 본체와 별도 항목","물결 폭풍 1","범위형","기존 에셋 분류 범위 폭풍 · 실행 보류: 원본 Blueprint의 실행 로직·부품 관계 미확인; 직접 실행하지 않음"
"마법","범위 폭풍","냉기","ParticleSystem","FXVarietyPack","/Game/FXVarietyPack/Particles","P_ky_aquaStorm","이름: P_ky_aquaStorm","2026-10-03 삭제 완료; 삭제 전 이력 경로","물결 폭풍 2","범위형","생성 프로필 area · 선택 지점 범위 · 대상별 1회"
"마법","범위 폭풍","물리","Blueprint","FXVarietyPack","/Game/FXVarietyPack/Blueprints","BP_ky_storm","이름: BP_ky_storm","2026-10-03 삭제 완료; 삭제 전 이력 경로; 효과 BP; 시스템 본체와 별도 항목","폭풍의 소용돌이 1","범위형","기존 에셋 분류 범위 폭풍 · 실행 보류: 원본 Blueprint의 실행 로직·부품 관계 미확인; 직접 실행하지 않음"
"마법","범위 폭풍","물리","ParticleSystem","FXVarietyPack","/Game/FXVarietyPack/Particles","P_ky_storm","이름: P_ky_storm","2026-10-03 삭제 완료; 삭제 전 이력 경로","폭풍의 소용돌이 2","범위형","생성 프로필 area · 선택 지점 범위 · 대상별 1회"
"마법","범위 폭풍","번개","Blueprint","FXVarietyPack","/Game/FXVarietyPack/Blueprints","BP_ky_thunderStorm","이름: BP_ky_thunderStorm","2026-10-03 삭제 완료; 삭제 전 이력 경로; 효과 BP; 시스템 본체와 별도 항목","뇌전 폭풍 1","범위형","기존 에셋 분류 범위 폭풍 · 실행 보류: 원본 Blueprint의 실행 로직·부품 관계 미확인; 직접 실행하지 않음"
"마법","범위 폭풍","번개","ParticleSystem","FXVarietyPack","/Game/FXVarietyPack/Particles","P_ky_thunderStorm","이름: P_ky_thunderStorm","2026-10-03 삭제 완료; 삭제 전 이력 경로","뇌전 폭풍 2","범위형","생성 프로필 area · 선택 지점 범위 · 대상별 1회"
"마법","범위 폭풍","카오스","Blueprint","FXVarietyPack","/Game/FXVarietyPack/Blueprints","BP_ky_darkStorm","이름: BP_ky_darkStorm","2026-10-03 삭제 완료; 삭제 전 이력 경로; 효과 BP; 시스템 본체와 별도 항목","어둠의 폭풍 1","범위형","기존 에셋 분류 범위 폭풍 · 실행 보류: 원본 Blueprint의 실행 로직·부품 관계 미확인; 직접 실행하지 않음"
"마법","범위 폭풍","카오스","ParticleSystem","FXVarietyPack","/Game/FXVarietyPack/Particles","P_ky_darkStorm","이름: P_ky_darkStorm","2026-10-03 삭제 완료; 삭제 전 이력 경로","어둠의 폭풍 2","범위형","생성 프로필 area · 선택 지점 범위 · 대상별 1회"
"마법","범위 폭풍","불","Blueprint","FXVarietyPack","/Game/FXVarietyPack/Blueprints","BP_ky_fireStorm","이름: BP_ky_fireStorm","2026-10-03 삭제 완료; 삭제 전 이력 경로; 효과 BP; 시스템 본체와 별도 항목","화염 폭풍 1","범위형","기존 에셋 분류 범위 폭풍 · 실행 보류: 원본 Blueprint의 실행 로직·부품 관계 미확인; 직접 실행하지 않음"
"마법","범위 폭풍","불","ParticleSystem","FXVarietyPack","/Game/FXVarietyPack/Particles","P_ky_fireStorm","이름: P_ky_fireStorm","2026-10-03 삭제 완료; 삭제 전 이력 경로","화염 폭풍 2","범위형","생성 프로필 area · 선택 지점 범위 · 대상별 1회"
"마법","보호막/장벽","물리","Blueprint","Luos8Elements","/Game/Luos8Elements/Blueprints/Earth","BP_Earth_Def_01","이름: BP_Earth_Def_01","2026-10-03 삭제 완료; 삭제 전 이력 경로; 효과 BP; 시스템 본체와 별도 항목","대지 수호막 1","지원형","기존 에셋 분류 보호막/장벽 · 실행 보류: 원본 Blueprint의 실행 로직·부품 관계 미확인; 직접 실행하지 않음"
"마법","보호막/장벽","물리","Blueprint","Luos8Elements","/Game/Luos8Elements/Blueprints/Earth","BP_Earth_Def_02","이름: BP_Earth_Def_02","2026-10-03 삭제 완료; 삭제 전 이력 경로; 효과 BP; 시스템 본체와 별도 항목","대지의 결계 1","지원형","기존 에셋 분류 보호막/장벽 · 실행 보류: 원본 Blueprint의 실행 로직·부품 관계 미확인; 직접 실행하지 않음"
"마법","보호막/장벽","물리","ParticleSystem","Luos8Elements","/Game/Luos8Elements/Particles/Earth","Par_LMagic_Earth_Def_01","이름: Par_LMagic_Earth_Def_01","2026-10-03 삭제 완료; 삭제 전 이력 경로","대지 수호막 2","지원형","생성 프로필 shield · 아군 단일 보호막"
"마법","보호막/장벽","물리","ParticleSystem","Luos8Elements","/Game/Luos8Elements/Particles/Earth","Par_LMagic_Earth_Def_02","이름: Par_LMagic_Earth_Def_02","2026-10-03 삭제 완료; 삭제 전 이력 경로","대지의 결계 2","지원형","생성 프로필 shield · 아군 단일 보호막"
"마법","보호막/장벽","카오스","NiagaraSystem","MegaMagicVFXBundle","/Game/MegaMagicVFXBundle/VFX/MagicShieldsVFX/VFX/DefaultVersions/PoisonShield/Systems","N_PoisonShield","이름: N_PoisonShield","2026-10-03 삭제 완료; 삭제 전 이력 경로","독무 결계","지원형","생성 프로필 shield · 아군 단일 보호막"
"마법","보호막/장벽","카오스","NiagaraSystem","MegaMagicVFXBundle","/Game/MegaMagicVFXBundle/VFX/MagicShieldsVFX/VFX/DefaultVersions/PoisonWall/Systems","N_PoisonWall","이름: N_PoisonWall","2026-10-03 삭제 완료; 삭제 전 이력 경로","독무 장벽","지원형","생성 프로필 shield · 아군 단일 보호막"
"마법","보호막/장벽","물리 + 불","NiagaraSystem","MegaMagicVFXBundle","/Game/MegaMagicVFXBundle/VFX/MagicShieldsVFX/VFX/DefaultVersions/MagmaShield/Systems","N_MagmaShield","이름: N_MagmaShield","2026-10-03 삭제 완료; 삭제 전 이력 경로","용암 결계","지원형","생성 프로필 shield · 아군 단일 보호막"
"마법","보호막/장벽","물리 + 불","NiagaraSystem","MegaMagicVFXBundle","/Game/MegaMagicVFXBundle/VFX/MagicShieldsVFX/VFX/DefaultVersions/MagmaWall/Systems","N_MagmaWall","이름: N_MagmaWall","2026-10-03 삭제 완료; 삭제 전 이력 경로","용암 장벽","지원형","생성 프로필 shield · 아군 단일 보호막"
"마법","보호막/장벽","카오스","NiagaraSystem","MegaMagicVFXBundle","/Game/MegaMagicVFXBundle/VFX/MagicAuraVFX/VFX/MagicalBarrier/Systems","N_MagicalBarrier","이름: N_MagicalBarrier","2026-10-03 삭제 완료; 삭제 전 이력 경로","마법 장벽","지원형","생성 프로필 shield · 아군 단일 보호막"
"마법","보호막/장벽","냉기","Blueprint","Luos8Elements","/Game/Luos8Elements/Blueprints/Aqua","BP_Aqua_Def_01","이름: BP_Aqua_Def_01","2026-10-03 삭제 완료; 삭제 전 이력 경로; 효과 BP; 시스템 본체와 별도 항목","물결 수호막 1","지원형","기존 에셋 분류 보호막/장벽 · 실행 보류: 원본 Blueprint의 실행 로직·부품 관계 미확인; 직접 실행하지 않음"
"마법","보호막/장벽","냉기","ParticleSystem","Luos8Elements","/Game/Luos8Elements/Particles/Aqua","Par_LMagic_Aqua_Def_01","이름: Par_LMagic_Aqua_Def_01","2026-10-03 삭제 완료; 삭제 전 이력 경로","물결 수호막 2","지원형","생성 프로필 shield · 아군 단일 보호막"
"마법","보호막/장벽","냉기","NiagaraSystem","MegaMagicVFXBundle","/Game/MegaMagicVFXBundle/VFX/MagicShieldsVFX/VFX/DefaultVersions/AquaShield/Systems","N_AquaShield","이름: N_AquaShield","2026-10-03 삭제 완료; 삭제 전 이력 경로","물결 결계","지원형","생성 프로필 shield · 아군 단일 보호막"
"마법","보호막/장벽","냉기","NiagaraSystem","MegaMagicVFXBundle","/Game/MegaMagicVFXBundle/VFX/MagicShieldsVFX/VFX/DefaultVersions/AquaWall/Systems","N_AquaWall","이름: N_AquaWall","2026-10-03 삭제 완료; 삭제 전 이력 경로","물결 장벽","지원형","생성 프로필 shield · 아군 단일 보호막"
"마법","보호막/장벽","물리","Blueprint","RPGEffects","/Game/RPGEffects/Blueprints","BP_Rotating_Shield","이름: BP_Rotating_Shield","2026-10-03 삭제 완료; 삭제 전 이력 경로; 효과 BP; 시스템 본체와 별도 항목","회전 수호막","지원형","기존 에셋 분류 보호막/장벽 · 실행 보류: 원본 Blueprint의 실행 로직·부품 관계 미확인; 직접 실행하지 않음"
"마법","보호막/장벽","번개","ParticleSystem","RPGEffects","/Game/RPGEffects/Particles","P_Priest_Shield","이름: P_Priest_Shield","2026-10-03 삭제 완료; 삭제 전 이력 경로","사제의 수호막 1","지원형","생성 프로필 shield · 아군 단일 보호막"
"마법","보호막/장벽","번개","NiagaraSystem","RPGEffects","/Game/RPGEffects/ParticlesNiagara/Priest/Shield","NS_Preist_Shield","이름: NS_Preist_Shield","2026-10-03 삭제 완료; 삭제 전 이력 경로","사제의 수호막 2","지원형","생성 프로필 shield · 아군 단일 보호막"
"마법","보호막/장벽","물리","Blueprint","Luos8Elements","/Game/Luos8Elements/Blueprints/Wind","BP_Wind_Def_01","이름: BP_Wind_Def_01","2026-10-03 삭제 완료; 삭제 전 이력 경로; 효과 BP; 시스템 본체와 별도 항목","바람 수호막 1","지원형","기존 에셋 분류 보호막/장벽 · 실행 보류: 원본 Blueprint의 실행 로직·부품 관계 미확인; 직접 실행하지 않음"
"마법","보호막/장벽","물리","ParticleSystem","Luos8Elements","/Game/Luos8Elements/Particles/Wind","Par_Lmagic_Wind_Def_01","이름: Par_Lmagic_Wind_Def_01","2026-10-03 삭제 완료; 삭제 전 이력 경로","바람 수호막 2","지원형","생성 프로필 shield · 아군 단일 보호막"
"마법","보호막/장벽","물리","ParticleSystem","Luos8Elements","/Game/Luos8Elements/Particles/Wind","Par_Lmagic_Wind_Def_01_Old","이름: Par_Lmagic_Wind_Def_01_Old","2026-10-03 삭제 완료; 삭제 전 이력 경로; Old 변형; 원본 보존","바람 수호막 3","지원형","생성 프로필 shield · 아군 단일 보호막"
"마법","보호막/장벽","물리","NiagaraSystem","MegaMagicVFXBundle","/Game/MegaMagicVFXBundle/VFX/MagicShieldsVFX/VFX/DefaultVersions/WindShield/Systems","N_WindShield","이름: N_WindShield","2026-10-03 삭제 완료; 삭제 전 이력 경로","바람 결계 1","지원형","생성 프로필 shield · 아군 단일 보호막"
"마법","보호막/장벽","물리","NiagaraSystem","MegaMagicVFXBundle","/Game/MegaMagicVFXBundle/VFX/MagicShieldsVFX/VFX/DefaultVersions/WindWall/Systems","N_WindWall","이름: N_WindWall","2026-10-03 삭제 완료; 삭제 전 이력 경로","바람 장벽","지원형","생성 프로필 shield · 아군 단일 보호막"
"마법","보호막/장벽","물리","NiagaraSystem","MegaMagicVFXBundle","/Game/MegaMagicVFXBundle/VFX/MagicShieldsVFX/VFX/StylizedVersions/WindShieldStylized/Systems","N_WindShieldStylized","이름: N_WindShieldStylized","2026-10-03 삭제 완료; 삭제 전 이력 경로","바람 결계 2","지원형","생성 프로필 shield · 아군 단일 보호막"
"마법","보호막/장벽","","NiagaraSystem","MegaMagicVFXBundle","/Game/MegaMagicVFXBundle/VFX/MagicShieldsVFX/VFX/DefaultVersions/TranslucentShield/Systems","N_TranslucentShield","이름: N_TranslucentShield","2026-10-03 삭제 완료; 삭제 전 이력 경로","아른거리는 결계","지원형","생성 프로필 shield · 아군 단일 보호막"
"마법","보호막/장벽","","NiagaraSystem","MegaMagicVFXBundle","/Game/MegaMagicVFXBundle/VFX/MagicShieldsVFX/VFX/DefaultVersions/TranslucentWall/Systems","N_TranslucentWall","이름: N_TranslucentWall","2026-10-03 삭제 완료; 삭제 전 이력 경로","아른거리는 장벽","지원형","생성 프로필 shield · 아군 단일 보호막"
"마법","보호막/장벽","번개","Blueprint","Luos8Elements","/Game/Luos8Elements/Blueprints/Lightning","BP_4E_Lightning_Def","이름: BP_4E_Lightning_Def","2026-10-03 삭제 완료; 삭제 전 이력 경로; 효과 BP; 시스템 본체와 별도 항목","뇌전 수호막 1","지원형","기존 에셋 분류 보호막/장벽 · 실행 보류: 원본 Blueprint의 실행 로직·부품 관계 미확인; 직접 실행하지 않음"
"마법","보호막/장벽","번개","ParticleSystem","Luos8Elements","/Game/Luos8Elements/Particles/Lightning","Par_4E_Lightning_Def_01","이름: Par_4E_Lightning_Def_01","2026-10-03 삭제 완료; 삭제 전 이력 경로","뇌전 수호막 2","지원형","생성 프로필 shield · 아군 단일 보호막"
"마법","보호막/장벽","번개","NiagaraSystem","MegaMagicVFXBundle","/Game/MegaMagicVFXBundle/VFX/MagicShieldsVFX/VFX/DefaultVersions/LightningShield/Systems","N_LightningShield","이름: N_LightningShield","2026-10-03 삭제 완료; 삭제 전 이력 경로","뇌전 결계 1","지원형","생성 프로필 shield · 아군 단일 보호막"
"마법","보호막/장벽","번개","NiagaraSystem","MegaMagicVFXBundle","/Game/MegaMagicVFXBundle/VFX/MagicShieldsVFX/VFX/DefaultVersions/LightningWall/Systems","N_LightningWall","이름: N_LightningWall","2026-10-03 삭제 완료; 삭제 전 이력 경로","뇌전 장벽 1","지원형","생성 프로필 shield · 아군 단일 보호막"
"마법","보호막/장벽","번개","NiagaraSystem","MegaMagicVFXBundle","/Game/MegaMagicVFXBundle/VFX/MagicShieldsVFX/VFX/StylizedVersions/LightningShieldStylized/Systems","N_LightningShieldStylized","이름: N_LightningShieldStylized","2026-10-03 삭제 완료; 삭제 전 이력 경로","뇌전 결계 2","지원형","생성 프로필 shield · 아군 단일 보호막"
"마법","보호막/장벽","번개","NiagaraSystem","MegaMagicVFXBundle","/Game/MegaMagicVFXBundle/VFX/MagicShieldsVFX/VFX/StylizedVersions/LightningWallStylized/Systems","N_LightningWallStylized","이름: N_LightningWallStylized","2026-10-03 삭제 완료; 삭제 전 이력 경로","뇌전 장벽 2","지원형","생성 프로필 shield · 아군 단일 보호막"
"마법","보호막/장벽","번개","ParticleSystem","RPGEffects","/Game/RPGEffects/Particles","P_Mage_Lightning_Shield","이름: P_Mage_Lightning_Shield","2026-10-03 삭제 완료; 삭제 전 이력 경로","번개 수호막 1","지원형","생성 프로필 shield · 아군 단일 보호막"
"마법","보호막/장벽","번개","NiagaraSystem","RPGEffects","/Game/RPGEffects/ParticlesNiagara/Mage/LightningShield","NS_Mage_LIghtningShield","이름: NS_Mage_LIghtningShield","2026-10-03 삭제 완료; 삭제 전 이력 경로","번개 수호막 2","지원형","생성 프로필 shield · 아군 단일 보호막"
"마법","보호막/장벽","카오스","NiagaraSystem","MegaMagicVFXBundle","/Game/MegaMagicVFXBundle/VFX/MagicShieldsVFX/VFX/DefaultVersions/ArcaneShield/Systems","N_ArcaneShield","이름: N_ArcaneShield","2026-10-03 삭제 완료; 삭제 전 이력 경로","비전 결계","지원형","생성 프로필 shield · 아군 단일 보호막"
"마법","보호막/장벽","카오스","NiagaraSystem","MegaMagicVFXBundle","/Game/MegaMagicVFXBundle/VFX/MagicShieldsVFX/VFX/DefaultVersions/ArcaneWall/Systems","N_ArcaneWall","이름: N_ArcaneWall","2026-10-03 삭제 완료; 삭제 전 이력 경로","비전 장벽","지원형","생성 프로필 shield · 아군 단일 보호막"
"마법","보호막/장벽","번개","Blueprint","Luos8Elements","/Game/Luos8Elements/Blueprints/Light","BP_4E_Light_Def","이름: BP_4E_Light_Def","2026-10-03 삭제 완료; 삭제 전 이력 경로; 효과 BP; 시스템 본체와 별도 항목","빛의 수호막 1","지원형","기존 에셋 분류 보호막/장벽 · 실행 보류: 원본 Blueprint의 실행 로직·부품 관계 미확인; 직접 실행하지 않음"
"마법","보호막/장벽","번개","ParticleSystem","Luos8Elements","/Game/Luos8Elements/Particles/Light","Par_4E_LightDef_01","이름: Par_4E_LightDef_01","2026-10-03 삭제 완료; 삭제 전 이력 경로","빛의 수호막 2","지원형","생성 프로필 shield · 아군 단일 보호막"
"마법","보호막/장벽","카오스","Blueprint","Luos8Elements","/Game/Luos8Elements/Blueprints/Dark","BP_4E_Dark_Def","이름: BP_4E_Dark_Def","2026-10-03 삭제 완료; 삭제 전 이력 경로; 효과 BP; 시스템 본체와 별도 항목","어둠 수호막 1","지원형","기존 에셋 분류 보호막/장벽 · 실행 보류: 원본 Blueprint의 실행 로직·부품 관계 미확인; 직접 실행하지 않음"
"마법","보호막/장벽","카오스","ParticleSystem","Luos8Elements","/Game/Luos8Elements/Particles/Dark","Par_4E_Dark_Def_01","이름: Par_4E_Dark_Def_01","2026-10-03 삭제 완료; 삭제 전 이력 경로","어둠 수호막 2","지원형","생성 프로필 shield · 아군 단일 보호막"
"마법","보호막/장벽","냉기","Blueprint","Luos8Elements","/Game/Luos8Elements/Blueprints/Ice","BP_4E_Ice_Def","이름: BP_4E_Ice_Def","2026-10-03 삭제 완료; 삭제 전 이력 경로; 효과 BP; 시스템 본체와 별도 항목","서리 수호막 1","지원형","기존 에셋 분류 보호막/장벽 · 실행 보류: 원본 Blueprint의 실행 로직·부품 관계 미확인; 직접 실행하지 않음"
"마법","보호막/장벽","냉기","ParticleSystem","Luos8Elements","/Game/Luos8Elements/Particles/Ice","Par_4E_Ice_Def_01","이름: Par_4E_Ice_Def_01","2026-10-03 삭제 완료; 삭제 전 이력 경로","서리 수호막 2","지원형","생성 프로필 shield · 아군 단일 보호막"
"마법","보호막/장벽","번개","NiagaraSystem","MegaMagicVFXBundle","/Game/MegaMagicVFXBundle/VFX/MagicAuraVFX/VFX/EnergyShield/Systems","N_EnergyShield","이름: N_EnergyShield","2026-10-03 삭제 완료; 삭제 전 이력 경로","원력 결계 1","지원형","생성 프로필 shield · 아군 단일 보호막"
"마법","보호막/장벽","번개","NiagaraSystem","MegaMagicVFXBundle","/Game/MegaMagicVFXBundle/VFX/MagicShieldsVFX/VFX/DefaultVersions/EnergyShield/Systems","N_EnergyShield","이름: N_EnergyShield","2026-10-03 삭제 완료; 삭제 전 이력 경로","원력 결계 2","지원형","생성 프로필 shield · 아군 단일 보호막"
"마법","보호막/장벽","번개","NiagaraSystem","MegaMagicVFXBundle","/Game/MegaMagicVFXBundle/VFX/MagicShieldsVFX/VFX/DefaultVersions/EnergyWall/Systems","N_EnergyWall","이름: N_EnergyWall","2026-10-03 삭제 완료; 삭제 전 이력 경로","원력 장벽 1","지원형","생성 프로필 shield · 아군 단일 보호막"
"마법","보호막/장벽","번개","NiagaraSystem","MegaMagicVFXBundle","/Game/MegaMagicVFXBundle/VFX/MagicShieldsVFX/VFX/StylizedVersions/EnergyShieldStylized/Systems","N_EnergyShieldStylized","이름: N_EnergyShieldStylized","2026-10-03 삭제 완료; 삭제 전 이력 경로","원력 결계 3","지원형","생성 프로필 shield · 아군 단일 보호막"
"마법","보호막/장벽","번개","NiagaraSystem","MegaMagicVFXBundle","/Game/MegaMagicVFXBundle/VFX/MagicShieldsVFX/VFX/StylizedVersions/EnergyWallStylized/Systems","N_EnergyWallStylized","이름: N_EnergyWallStylized","2026-10-03 삭제 완료; 삭제 전 이력 경로","원력 장벽 2","지원형","생성 프로필 shield · 아군 단일 보호막"
"마법","보호막/장벽","카오스","NiagaraSystem","MegaMagicVFXBundle","/Game/MegaMagicVFXBundle/VFX/MagicShieldsVFX/VFX/DefaultVersions/CurseShield/Systems","N_CurseShield","이름: N_CurseShield","2026-10-03 삭제 완료; 삭제 전 이력 경로","저주의 결계 1","지원형","생성 프로필 shield · 아군 단일 보호막"
"마법","보호막/장벽","카오스","NiagaraSystem","MegaMagicVFXBundle","/Game/MegaMagicVFXBundle/VFX/MagicShieldsVFX/VFX/DefaultVersions/CurseWall/Systems","N_CurseWall","이름: N_CurseWall","2026-10-03 삭제 완료; 삭제 전 이력 경로","저주의 장벽","지원형","생성 프로필 shield · 아군 단일 보호막"
"마법","보호막/장벽","카오스","NiagaraSystem","MegaMagicVFXBundle","/Game/MegaMagicVFXBundle/VFX/MagicShieldsVFX/VFX/StylizedVersions/CurseShieldStylized/Systems","N_CurseShieldStylized","이름: N_CurseShieldStylized","2026-10-03 삭제 완료; 삭제 전 이력 경로","저주의 결계 2","지원형","생성 프로필 shield · 아군 단일 보호막"
"마법","보호막/장벽","불","Blueprint","Luos8Elements","/Game/Luos8Elements/Blueprints/Fire","BP_Fire_Def_01","이름: BP_Fire_Def_01","2026-10-03 삭제 완료; 삭제 전 이력 경로; 효과 BP; 시스템 본체와 별도 항목","화염 수호막 1","지원형","기존 에셋 분류 보호막/장벽 · 실행 보류: 원본 Blueprint의 실행 로직·부품 관계 미확인; 직접 실행하지 않음"
"마법","보호막/장벽","불","ParticleSystem","Luos8Elements","/Game/Luos8Elements/Particles/Fire","Par_LMagic_fire_Def_01","이름: Par_LMagic_fire_Def_01","2026-10-03 삭제 완료; 삭제 전 이력 경로","화염 수호막 2","지원형","생성 프로필 shield · 아군 단일 보호막"
"마법","보호막/장벽","불","NiagaraSystem","MegaMagicVFXBundle","/Game/MegaMagicVFXBundle/VFX/MagicShieldsVFX/VFX/DefaultVersions/FlameShield/Systems","N_FlameShield","이름: N_FlameShield","2026-10-03 삭제 완료; 삭제 전 이력 경로","화염 결계","지원형","생성 프로필 shield · 아군 단일 보호막"
"마법","보호막/장벽","불","NiagaraSystem","MegaMagicVFXBundle","/Game/MegaMagicVFXBundle/VFX/MagicShieldsVFX/VFX/DefaultVersions/FlameWall/Systems","N_FlameWall","이름: N_FlameWall","2026-10-03 삭제 완료; 삭제 전 이력 경로","화염 장벽","지원형","생성 프로필 shield · 아군 단일 보호막"
"마법","보호막/장벽","불","ParticleSystem","RPGEffects","/Game/RPGEffects/Particles","P_Mage_Fire_Shield","이름: P_Mage_Fire_Shield","2026-10-03 삭제 완료; 삭제 전 이력 경로","불꽃 수호막 1","지원형","생성 프로필 shield · 아군 단일 보호막"
"마법","보호막/장벽","불","NiagaraSystem","RPGEffects","/Game/RPGEffects/ParticlesNiagara/Mage/Fireshield","NS_Mage_Fire_Shield","이름: NS_Mage_Fire_Shield","2026-10-03 삭제 완료; 삭제 전 이력 경로","불꽃 수호막 2","지원형","생성 프로필 shield · 아군 단일 보호막"
"마법","복합 효과","물리 + 불","NiagaraSystem","Mixed_Magic_VFX_Pack","/Game/Mixed_Magic_VFX_Pack/VFX","NS_Magma_Shot","이름: NS_Magma_Shot","2026-10-03 삭제 완료; 삭제 전 이력 경로; 확인 필요: 복합 효과의 세부 역할","용암의 기운","보류","여러 단계·하위 효과의 실행 순서 확인 필요"
"마법","복합 효과","카오스","NiagaraSystem","Mixed_Magic_VFX_Pack","/Game/Mixed_Magic_VFX_Pack/VFX","NS_Magic_Bubbles","이름: NS_Magic_Bubbles","2026-10-03 삭제 완료; 삭제 전 이력 경로; 확인 필요: 복합 효과의 세부 역할","마력 방울","보류","여러 단계·하위 효과의 실행 순서 확인 필요"
"마법","복합 효과","카오스","NiagaraSystem","Mixed_Magic_VFX_Pack","/Game/Mixed_Magic_VFX_Pack/VFX","NS_Gelmir_Fury","이름: NS_Gelmir_Fury","2026-10-03 삭제 완료; 삭제 전 이력 경로; 확인 필요: 복합 효과의 세부 역할","격정","보류","여러 단계·하위 효과의 실행 순서 확인 필요"
"마법","복합 효과","물리","NiagaraSystem","Mixed_Magic_VFX_Pack","/Game/Mixed_Magic_VFX_Pack/VFX","NS_Crystal_Torrent","이름: NS_Crystal_Torrent","2026-10-03 삭제 완료; 삭제 전 이력 경로; 확인 필요: 복합 효과의 세부 역할","수정의 물결","보류","여러 단계·하위 효과의 실행 순서 확인 필요"
"마법","복합 효과","물리","NiagaraSystem","Mixed_Magic_VFX_Pack","/Game/Mixed_Magic_VFX_Pack/VFX","NS_Shattering_Crystal","이름: NS_Shattering_Crystal","2026-10-03 삭제 완료; 삭제 전 이력 경로; 확인 필요: 복합 효과의 세부 역할","수정의 파편","보류","여러 단계·하위 효과의 실행 순서 확인 필요"
"마법","복합 효과","물리 + 카오스","NiagaraSystem","Mixed_Magic_VFX_Pack","/Game/Mixed_Magic_VFX_Pack/VFX","NS_Dark_Stone","이름: NS_Dark_Stone","2026-10-03 삭제 완료; 삭제 전 이력 경로; 확인 필요: 복합 효과의 세부 역할","어둠의 돌","보류","여러 단계·하위 효과의 실행 순서 확인 필요"
"마법","빔","번개","Blueprint","FXVarietyPack","/Game/FXVarietyPack/Blueprints","BP_ky_laser01","이름: BP_ky_laser01","2026-10-03 삭제 완료; 삭제 전 이력 경로; 효과 BP; 시스템 본체와 별도 항목","섬광 광선 1","범위형","기존 에셋 분류 빔 · 실행 보류: 원본 Blueprint의 실행 로직·부품 관계 미확인; 직접 실행하지 않음"
"마법","빔","번개","ParticleSystem","FXVarietyPack","/Game/FXVarietyPack/Particles","P_ky_laser01","이름: P_ky_laser01","2026-10-03 삭제 완료; 삭제 전 이력 경로","섬광 광선 2","범위형","생성 프로필 beam · 전방 직선 범위 · 대상별 1회"
"마법","빔","번개","ParticleSystem","RPGEffects","/Game/RPGEffects/Particles","P_Priest_Beam","이름: P_Priest_Beam","2026-10-03 삭제 완료; 삭제 전 이력 경로","기도의 광선 1","범위형","생성 프로필 beam · 전방 직선 범위 · 대상별 1회"
"마법","빔","번개","NiagaraSystem","RPGEffects","/Game/RPGEffects/ParticlesNiagara/Priest/Beam","NS_Priest_Beam","이름: NS_Priest_Beam","2026-10-03 삭제 완료; 삭제 전 이력 경로","기도의 광선 2","범위형","생성 프로필 beam · 전방 직선 범위 · 대상별 1회"
"마법","빔","번개","ParticleSystem","RPGEffects","/Game/RPGEffects/Particles","P_Mage_EnergyBeam","이름: P_Mage_EnergyBeam","2026-10-03 삭제 완료; 삭제 전 이력 경로","마력 광선 1","범위형","생성 프로필 beam · 전방 직선 범위 · 대상별 1회"
"마법","빔","번개","NiagaraSystem","RPGEffects","/Game/RPGEffects/ParticlesNiagara/Mage/EnergyBeam","NS_Mage_EnergyBeam","이름: NS_Mage_EnergyBeam","2026-10-03 삭제 완료; 삭제 전 이력 경로","마력 광선 2","범위형","생성 프로필 beam · 전방 직선 범위 · 대상별 1회"
"마법","선형 공격","카오스","NiagaraSystem","Free_Magic","/Game/Free_Magic/VFX_Niagara","NS_Free_Magic_Attack_Line","이름: NS_Free_Magic_Attack_Line","2026-10-03 삭제 완료; 삭제 전 이력 경로; 확인 필요: 투사체·빔 여부","뻗어가는 마력","보류","User 속도 파라미터와 공격 액터 이동의 중복·연동 확인 필요"
"마법","소환 무기 공격","물리","NiagaraSystem","Mixed_Magic_VFX_Pack","/Game/Mixed_Magic_VFX_Pack/VFX","NS_Big_Hammer","이름: NS_Big_Hammer","2026-10-03 삭제 완료; 삭제 전 이력 경로; 확인 필요: 무기 출현·공격 형태","거인의 망치","근접공격","생성 프로필 slash · 접근 후 베기/타격 · 대상별 1회"
"마법","소환 무기 공격","물리","NiagaraSystem","Mixed_Magic_VFX_Pack","/Game/Mixed_Magic_VFX_Pack/VFX","NS_Big_Sword","이름: NS_Big_Sword","2026-10-03 삭제 완료; 삭제 전 이력 경로; 확인 필요: 무기 출현·공격 형태","거인의 검","근접공격","생성 프로필 slash · 접근 후 베기/타격 · 대상별 1회"
"마법","시전","물리 + 불","NiagaraSystem","Mixed_Magic_VFX_Pack","/Game/Mixed_Magic_VFX_Pack/VFX","NS_Magma_Shot_Owner_Cast_Spell","이름: NS_Magma_Shot_Owner_Cast_Spell","2026-10-03 삭제 완료; 삭제 전 이력 경로","용암탄의 시전","보조 효과","기존 에셋 분류 시전 · 독립 스킬 제외"
"마법","시전","카오스","NiagaraSystem","Mixed_Magic_VFX_Pack","/Game/Mixed_Magic_VFX_Pack/VFX","NS_Magic_Big_Bubbles_Owner_Cast","이름: NS_Magic_Big_Bubbles_Owner_Cast","2026-10-03 삭제 완료; 삭제 전 이력 경로","거대 마력 방울의 시전","보조 효과","기존 에셋 분류 시전 · 독립 스킬 제외"
"마법","시전","카오스","NiagaraSystem","Mixed_Magic_VFX_Pack","/Game/Mixed_Magic_VFX_Pack/VFX","NS_Magic_Bubbles_Owner_Cast_Spell","이름: NS_Magic_Bubbles_Owner_Cast_Spell","2026-10-03 삭제 완료; 삭제 전 이력 경로","마력 방울의 시전","보조 효과","기존 에셋 분류 시전 · 독립 스킬 제외"
"마법","시전","번개","NiagaraSystem","Mixed_Magic_VFX_Pack","/Game/Mixed_Magic_VFX_Pack/VFX","NS_Lightning_Owner_Cast","이름: NS_Lightning_Owner_Cast","2026-10-03 삭제 완료; 삭제 전 이력 경로","뇌전의 시전","보조 효과","기존 에셋 분류 시전 · 독립 스킬 제외"
"마법","시전","물리","NiagaraSystem","Mixed_Magic_VFX_Pack","/Game/Mixed_Magic_VFX_Pack/VFX","NS_Crystal_Torrent_Owner_Cast","이름: NS_Crystal_Torrent_Owner_Cast","2026-10-03 삭제 완료; 삭제 전 이력 경로","수정 물결의 시전","보조 효과","기존 에셋 분류 시전 · 독립 스킬 제외"
"마법","시전","물리","NiagaraSystem","Mixed_Magic_VFX_Pack","/Game/Mixed_Magic_VFX_Pack/VFX","NS_Shattering_Crystal_Owner_Cast","이름: NS_Shattering_Crystal_Owner_Cast","2026-10-03 삭제 완료; 삭제 전 이력 경로","수정 파편의 시전","보조 효과","기존 에셋 분류 시전 · 독립 스킬 제외"
"마법","시전","카오스","NiagaraSystem","Mixed_Magic_VFX_Pack","/Game/Mixed_Magic_VFX_Pack/VFX","NS_Dark_Owner_Cast_Spell","이름: NS_Dark_Owner_Cast_Spell","2026-10-03 삭제 완료; 삭제 전 이력 경로","어둠의 시전","보조 효과","기존 에셋 분류 시전 · 독립 스킬 제외"
"마법","안개/범위","카오스","NiagaraSystem","Mixed_Magic_VFX_Pack","/Game/Mixed_Magic_VFX_Pack/VFX","NS_Dark_Mist","이름: NS_Dark_Mist","2026-10-03 삭제 완료; 삭제 전 이력 경로; 확인 필요: 범위와 지속 형태","어둠의 안개","범위형","기존 에셋 분류 안개/범위 · 실행 보류: 피해·지속시간·상태이상 동작 미결정"
"마법","안개/범위","냉기","NiagaraSystem","Mixed_Magic_VFX_Pack","/Game/Mixed_Magic_VFX_Pack/VFX","NS_Ice_Mist","이름: NS_Ice_Mist","2026-10-03 삭제 완료; 삭제 전 이력 경로; 확인 필요: 범위와 지속 형태","서리 안개","범위형","기존 에셋 분류 안개/범위 · 실행 보류: 피해·지속시간·상태이상 동작 미결정"
"마법","장판","카오스","NiagaraSystem","Free_Magic","/Game/Free_Magic/VFX_Niagara","NS_Free_Magic_Area1","이름: NS_Free_Magic_Area1","2026-10-03 삭제 완료; 삭제 전 이력 경로","비술의 영역","범위형","기존 에셋 분류 장판 · 실행 보류: 지속 피해·1회 피해·지원 여부 미결정"
"마법","장판","카오스","NiagaraSystem","Free_Magic","/Game/Free_Magic/VFX_Niagara","NS_Free_Magic_Area2","이름: NS_Free_Magic_Area2","2026-10-03 삭제 완료; 삭제 전 이력 경로","마력의 영역","범위형","기존 에셋 분류 장판 · 실행 보류: 지속 피해·1회 피해·지원 여부 미결정"
"마법","장판","번개","NiagaraSystem","MegaMagicVFXBundle","/Game/MegaMagicVFXBundle/VFX/MagicAuraVFX/VFX/LightningField/Systems","N_LightningField","이름: N_LightningField","2026-10-03 삭제 완료; 삭제 전 이력 경로","뇌전의 영역","범위형","기존 에셋 분류 장판 · 실행 보류: 지속 피해·1회 피해·지원 여부 미결정"
"마법","장판","카오스","NiagaraSystem","MegaMagicVFXBundle","/Game/MegaMagicVFXBundle/VFX/MagicAuraVFX/VFX/GalacticField/Systems","N_GalacticField","이름: N_GalacticField","2026-10-03 삭제 완료; 삭제 전 이력 경로","은하의 영역","범위형","기존 에셋 분류 장판 · 실행 보류: 지속 피해·1회 피해·지원 여부 미결정"
"마법","장판","불","ParticleSystem","Luos8Elements","/Game/Luos8Elements/Particles/Fire","Par_LMagic_fire_Def_Floor_01","이름: Par_LMagic_fire_Def_Floor_01","2026-10-03 삭제 완료; 삭제 전 이력 경로","화염의 터","범위형","기존 에셋 분류 장판 · 실행 보류: 지속 피해·1회 피해·지원 여부 미결정"
"마법","장판","불","NiagaraSystem","MegaMagicVFXBundle","/Game/MegaMagicVFXBundle/VFX/MagicAuraVFX/VFX/RingOfFlames/Systems","N_RingOfFlames","이름: N_RingOfFlames","2026-10-03 삭제 완료; 삭제 전 이력 경로","화염의 고리","범위형","기존 에셋 분류 장판 · 실행 보류: 지속 피해·1회 피해·지원 여부 미결정"
"마법","충격파","물리","ParticleSystem","FXVarietyPack","/Game/FXVarietyPack/Particles","P_ky_shotShockwave","이름: P_ky_shotShockwave","2026-10-03 삭제 완료; 삭제 전 이력 경로","발산하는 충격파","범위형","생성 프로필 area · 선택 지점 범위 · 대상별 1회"
"마법","투사체","물리","Blueprint","Luos8Elements","/Game/Luos8Elements/Blueprints/Earth","BP_Earth_Atk_01","이름: BP_Earth_Atk_01; 대응 BP의 투사체 부모·참조","2026-10-03 삭제 완료; 삭제 전 이력 경로; 효과 BP; 시스템 본체와 별도 항목","대지탄 1","투사체","기존 에셋 분류 투사체 · 실행 보류: 원본 Blueprint의 실행 로직·부품 관계 미확인; 직접 실행하지 않음"
"마법","투사체","물리","Blueprint","Luos8Elements","/Game/Luos8Elements/Blueprints/Earth","BP_Earth_Atk_02","이름: BP_Earth_Atk_02; 대응 BP의 투사체 부모·참조","2026-10-03 삭제 완료; 삭제 전 이력 경로; 효과 BP; 시스템 본체와 별도 항목","대지의 탄환 1","투사체","기존 에셋 분류 투사체 · 실행 보류: 원본 Blueprint의 실행 로직·부품 관계 미확인; 직접 실행하지 않음"
"마법","투사체","물리","ParticleSystem","Luos8Elements","/Game/Luos8Elements/Particles/Earth","Par_LMagic_Earth_Atk_01","이름: Par_LMagic_Earth_Atk_01; 대응 BP의 투사체 부모·참조","2026-10-03 삭제 완료; 삭제 전 이력 경로","대지탄 2","투사체","생성 프로필 projectile · 첫 차단 충돌 시 소멸"
"마법","투사체","물리","ParticleSystem","Luos8Elements","/Game/Luos8Elements/Particles/Earth","Par_LMagic_Earth_Atk_02","이름: Par_LMagic_Earth_Atk_02; 대응 BP의 투사체 부모·참조","2026-10-03 삭제 완료; 삭제 전 이력 경로","대지의 탄환 2","투사체","생성 프로필 projectile · 첫 차단 충돌 시 소멸"
"마법","투사체","물리 + 불","Blueprint","Mixed_Magic_VFX_Pack","/Game/Mixed_Magic_VFX_Pack/Blueprint","BP_Magma_Shot_Projectile","이름: BP_Magma_Shot_Projectile","2026-10-03 삭제 완료; 삭제 전 이력 경로; 효과 BP; 시스템 본체와 별도 항목","용암탄 1","투사체","기존 에셋 분류 투사체 · 실행 보류: 원본 Blueprint의 실행 로직·부품 관계 미확인; 직접 실행하지 않음"
"마법","투사체","물리 + 불","NiagaraSystem","Mixed_Magic_VFX_Pack","/Game/Mixed_Magic_VFX_Pack/VFX/Sperate_VFX","NS_Magma_Shot_Projectile","이름: NS_Magma_Shot_Projectile","2026-10-03 삭제 완료; 삭제 전 이력 경로","용암탄 2","투사체","기존 에셋 분류 투사체 · 실행 보류: User 속도 파라미터와 공격 액터 이동의 중복·연동 확인 필요"
"마법","투사체","카오스","NiagaraSystem","Free_Magic","/Game/Free_Magic/VFX_Niagara","NS_Free_Magic_Projectile1","이름: NS_Free_Magic_Projectile1","2026-10-03 삭제 완료; 삭제 전 이력 경로","비술탄 1","투사체","기존 에셋 분류 투사체 · 실행 보류: User 속도 파라미터와 공격 액터 이동의 중복·연동 확인 필요"
"마법","투사체","카오스","NiagaraSystem","Free_Magic","/Game/Free_Magic/VFX_Niagara","NS_Free_Magic_Projectile1_Base","이름: NS_Free_Magic_Projectile1_Base","2026-10-03 삭제 완료; 삭제 전 이력 경로","비술탄 2","투사체","기존 에셋 분류 투사체 · 실행 보류: User 속도 파라미터와 공격 액터 이동의 중복·연동 확인 필요"
"마법","투사체","카오스","NiagaraSystem","Free_Magic","/Game/Free_Magic/VFX_Niagara","NS_Free_Magic_Projectile2","이름: NS_Free_Magic_Projectile2","2026-10-03 삭제 완료; 삭제 전 이력 경로","마력탄 1","투사체","기존 에셋 분류 투사체 · 실행 보류: User 속도 파라미터와 공격 액터 이동의 중복·연동 확인 필요"
"마법","투사체","카오스","NiagaraSystem","Free_Magic","/Game/Free_Magic/VFX_Niagara","NS_Free_Magic_Projectile2_Base","이름: NS_Free_Magic_Projectile2_Base","2026-10-03 삭제 완료; 삭제 전 이력 경로","마력탄 2","투사체","기존 에셋 분류 투사체 · 실행 보류: User 속도 파라미터와 공격 액터 이동의 중복·연동 확인 필요"
"마법","투사체","물리 + 카오스","NiagaraSystem","MegaMagicVFXBundle","/Game/MegaMagicVFXBundle/VFX/MagicAuraVFX/VFX/MagicalAsteroid/Systems","N_MagicalAsteroid","이름: N_MagicalAsteroid","2026-10-03 삭제 완료; 삭제 전 이력 경로; 확인 필요: 투사체 이동·낙하 형태","마력 운석","투사체","생성 프로필 projectile · 첫 차단 충돌 시 소멸"
"마법","투사체","카오스","ParticleSystem","RPGEffects","/Game/RPGEffects/Particles","P_Mage_MagicBolt","이름: P_Mage_MagicBolt","2026-10-03 삭제 완료; 삭제 전 이력 경로","마력 화살 1","투사체","생성 프로필 projectile · 첫 차단 충돌 시 소멸"
"마법","투사체","카오스","ParticleSystem","RPGEffects","/Game/RPGEffects/Particles","P_Mage_MagicMissile","이름: P_Mage_MagicMissile","2026-10-03 삭제 완료; 삭제 전 이력 경로","마력탄 3","투사체","생성 프로필 projectile · 첫 차단 충돌 시 소멸"
"마법","투사체","카오스","NiagaraSystem","RPGEffects","/Game/RPGEffects/ParticlesNiagara/Mage/MagicBolt","NS_Mage_MagicBolt","이름: NS_Mage_MagicBolt","2026-10-03 삭제 완료; 삭제 전 이력 경로","마력 화살 2","투사체","생성 프로필 projectile · 첫 차단 충돌 시 소멸"
"마법","투사체","카오스","NiagaraSystem","RPGEffects","/Game/RPGEffects/ParticlesNiagara/Mage/MagicMissle","NS_Mage_MagicMissle","이름: NS_Mage_MagicMissle","2026-10-03 삭제 완료; 삭제 전 이력 경로","마력탄 4","투사체","생성 프로필 projectile · 첫 차단 충돌 시 소멸"
"마법","투사체","냉기","Blueprint","FXVarietyPack","/Game/FXVarietyPack/Blueprints","BP_ky_waterBall","이름: BP_ky_waterBall","2026-10-03 삭제 완료; 삭제 전 이력 경로; 효과 BP; 시스템 본체와 별도 항목","물방울 구슬 1","투사체","기존 에셋 분류 투사체 · 실행 보류: 원본 Blueprint의 실행 로직·부품 관계 미확인; 직접 실행하지 않음"
"마법","투사체","냉기","ParticleSystem","FXVarietyPack","/Game/FXVarietyPack/Particles","P_ky_waterBall","이름: P_ky_waterBall","2026-10-03 삭제 완료; 삭제 전 이력 경로","물방울 구슬 2","투사체","생성 프로필 projectile · 첫 차단 충돌 시 소멸"
"마법","투사체","냉기","Blueprint","Luos8Elements","/Game/Luos8Elements/Blueprints/Aqua","BP_Aqua_Atk_01","이름: BP_Aqua_Atk_01; 대응 BP의 투사체 부모·참조","2026-10-03 삭제 완료; 삭제 전 이력 경로; 효과 BP; 시스템 본체와 별도 항목","물결탄 1","투사체","기존 에셋 분류 투사체 · 실행 보류: 원본 Blueprint의 실행 로직·부품 관계 미확인; 직접 실행하지 않음"
"마법","투사체","냉기","ParticleSystem","Luos8Elements","/Game/Luos8Elements/Particles/Aqua","Par_LMagic_Aqua_Atk_01","이름: Par_LMagic_Aqua_Atk_01; 대응 BP의 투사체 부모·참조","2026-10-03 삭제 완료; 삭제 전 이력 경로","물결탄 2","투사체","생성 프로필 projectile · 첫 차단 충돌 시 소멸"
"마법","투사체","물리 + 불","Blueprint","FXVarietyPack","/Game/FXVarietyPack/Blueprints","BP_ky_shootingStar1","이름: BP_ky_shootingStar1","2026-10-03 삭제 완료; 삭제 전 이력 경로; 효과 BP; 시스템 본체와 별도 항목","별똥별 1","투사체","기존 에셋 분류 투사체 · 실행 보류: 원본 Blueprint의 실행 로직·부품 관계 미확인; 직접 실행하지 않음"
"마법","투사체","물리 + 불","ParticleSystem","FXVarietyPack","/Game/FXVarietyPack/Particles","P_ky_shootingStar1","이름: P_ky_shootingStar1","2026-10-03 삭제 완료; 삭제 전 이력 경로","별똥별 2","투사체","생성 프로필 projectile · 첫 차단 충돌 시 소멸"
"마법","투사체","","Blueprint","Luos8Elements","/Game/Luos8Elements/Blueprints","BP_4E_Base_Projectile","이름: BP_4E_Base_Projectile","2026-10-03 삭제 완료; 삭제 전 이력 경로; 효과 BP; 시스템 본체와 별도 항목; 기반 BP; 구체 효과 설정 확인 필요","마력의 탄환","투사체","기존 에셋 분류 투사체 · 실행 보류: 원본 Blueprint의 실행 로직·부품 관계 미확인; 직접 실행하지 않음"
"마법","투사체","","Blueprint","Luos8Elements","/Game/Luos8Elements/Blueprints","BP_4E_Base_ProjectileAlt","이름: BP_4E_Base_ProjectileAlt","2026-10-03 삭제 완료; 삭제 전 이력 경로; 효과 BP; 시스템 본체와 별도 항목; 기반 BP; 구체 효과 설정 확인 필요","비술의 탄환","투사체","기존 에셋 분류 투사체 · 실행 보류: 원본 Blueprint의 실행 로직·부품 관계 미확인; 직접 실행하지 않음"
"마법","투사체","","Blueprint","Luos8Elements","/Game/Luos8Elements/Blueprints","BP_4E_HomingProj","이름: BP_4E_HomingProj","2026-10-03 삭제 완료; 삭제 전 이력 경로; 효과 BP; 시스템 본체와 별도 항목; 기반 BP; 구체 효과 설정 확인 필요","쫓아가는 마력탄","투사체","기존 에셋 분류 투사체 · 실행 보류: 원본 Blueprint의 실행 로직·부품 관계 미확인; 직접 실행하지 않음"
"마법","투사체","물리 + 불","NiagaraSystem","MegaMagicVFXBundle","/Game/MegaMagicVFXBundle/VFX/MagicAuraVFX/VFX/Meteor/Systems","N_Meteor","이름: N_Meteor","2026-10-03 삭제 완료; 삭제 전 이력 경로; 확인 필요: 투사체 이동·낙하 형태","운석","투사체","생성 프로필 projectile · 첫 차단 충돌 시 소멸"
"마법","투사체","물리","Blueprint","Luos8Elements","/Game/Luos8Elements/Blueprints/Wind","BP_Wind_Atk_01","이름: BP_Wind_Atk_01; 대응 BP의 투사체 부모·참조","2026-10-03 삭제 완료; 삭제 전 이력 경로; 효과 BP; 시스템 본체와 별도 항목","바람탄 1","투사체","기존 에셋 분류 투사체 · 실행 보류: 원본 Blueprint의 실행 로직·부품 관계 미확인; 직접 실행하지 않음"
"마법","투사체","물리","ParticleSystem","Luos8Elements","/Game/Luos8Elements/Particles/Wind","Par_Lmagic_Wind_Atk_01","이름: Par_Lmagic_Wind_Atk_01; 대응 BP의 투사체 부모·참조","2026-10-03 삭제 완료; 삭제 전 이력 경로","바람탄 2","투사체","생성 프로필 projectile · 첫 차단 충돌 시 소멸"
"마법","투사체","번개","Blueprint","FXVarietyPack","/Game/FXVarietyPack/Blueprints","BP_ky_thunderBall","이름: BP_ky_thunderBall","2026-10-03 삭제 완료; 삭제 전 이력 경로; 효과 BP; 시스템 본체와 별도 항목","뇌전 구슬 1","투사체","기존 에셋 분류 투사체 · 실행 보류: 원본 Blueprint의 실행 로직·부품 관계 미확인; 직접 실행하지 않음"
"마법","투사체","번개","ParticleSystem","FXVarietyPack","/Game/FXVarietyPack/Particles","P_ky_thunderBall","이름: P_ky_thunderBall","2026-10-03 삭제 완료; 삭제 전 이력 경로","뇌전 구슬 2","투사체","생성 프로필 projectile · 첫 차단 충돌 시 소멸"
"마법","투사체","번개","Blueprint","Luos8Elements","/Game/Luos8Elements/Blueprints/Lightning","BP_4E_Base_Projectile_Lightning","이름: BP_4E_Base_Projectile_Lightning","2026-10-03 삭제 완료; 삭제 전 이력 경로; 효과 BP; 시스템 본체와 별도 항목","뇌전탄 1","투사체","기존 에셋 분류 투사체 · 실행 보류: 원본 Blueprint의 실행 로직·부품 관계 미확인; 직접 실행하지 않음"
"마법","투사체","번개","ParticleSystem","Luos8Elements","/Game/Luos8Elements/Particles/Lightning","Par_4E_OrbLightning_01","이름: Par_4E_OrbLightning_01; 대응 BP의 투사체 부모·참조","2026-10-03 삭제 완료; 삭제 전 이력 경로","뇌전탄 2","투사체","생성 프로필 projectile · 첫 차단 충돌 시 소멸"
"마법","투사체","번개","Blueprint","Luos8Elements","/Game/Luos8Elements/Blueprints/Light","BP_4E_Light_Atk","이름: BP_4E_Light_Atk; 대응 BP의 투사체 부모·참조","2026-10-03 삭제 완료; 삭제 전 이력 경로; 효과 BP; 시스템 본체와 별도 항목","광탄 1","투사체","기존 에셋 분류 투사체 · 실행 보류: 원본 Blueprint의 실행 로직·부품 관계 미확인; 직접 실행하지 않음"
"마법","투사체","번개","ParticleSystem","Luos8Elements","/Game/Luos8Elements/Particles/Light","Par_4E_LightOrb_01","이름: Par_4E_LightOrb_01; 대응 BP의 투사체 부모·참조","2026-10-03 삭제 완료; 삭제 전 이력 경로","광탄 2","투사체","생성 프로필 projectile · 첫 차단 충돌 시 소멸"
"마법","투사체","카오스","Blueprint","Luos8Elements","/Game/Luos8Elements/Blueprints/Dark","BP_4E_Base_Projectile_Dark","이름: BP_4E_Base_Projectile_Dark","2026-10-03 삭제 완료; 삭제 전 이력 경로; 효과 BP; 시스템 본체와 별도 항목","어둠탄 1","투사체","기존 에셋 분류 투사체 · 실행 보류: 원본 Blueprint의 실행 로직·부품 관계 미확인; 직접 실행하지 않음"
"마법","투사체","카오스","ParticleSystem","Luos8Elements","/Game/Luos8Elements/Particles/Dark","Par_4E_Dark_Atk_01","이름: Par_4E_Dark_Atk_01; 대응 BP의 투사체 부모·참조","2026-10-03 삭제 완료; 삭제 전 이력 경로","어둠탄 2","투사체","생성 프로필 projectile · 첫 차단 충돌 시 소멸"
"마법","투사체","카오스","NiagaraSystem","Mixed_Magic_VFX_Pack","/Game/Mixed_Magic_VFX_Pack/VFX","NS_Dark_Solo_Projectile","이름: NS_Dark_Solo_Projectile","2026-10-03 삭제 완료; 삭제 전 이력 경로","어둠탄 3","투사체","생성 프로필 projectile · 첫 차단 충돌 시 소멸"
"마법","투사체","냉기","Blueprint","Luos8Elements","/Game/Luos8Elements/Blueprints/Ice","BP_4E_Ice_Atk","이름: BP_4E_Ice_Atk; 대응 BP의 투사체 부모·참조","2026-10-03 삭제 완료; 삭제 전 이력 경로; 효과 BP; 시스템 본체와 별도 항목","서리탄 1","투사체","기존 에셋 분류 투사체 · 실행 보류: 원본 Blueprint의 실행 로직·부품 관계 미확인; 직접 실행하지 않음"
"마법","투사체","냉기","ParticleSystem","Luos8Elements","/Game/Luos8Elements/Particles/Ice","Par_4E_Ice_Atk_01","이름: Par_4E_Ice_Atk_01; 대응 BP의 투사체 부모·참조","2026-10-03 삭제 완료; 삭제 전 이력 경로","서리탄 2","투사체","생성 프로필 projectile · 첫 차단 충돌 시 소멸"
"마법","투사체","불","Blueprint","FXVarietyPack","/Game/FXVarietyPack/Blueprints","BP_ky_fireBall","이름: BP_ky_fireBall","2026-10-03 삭제 완료; 삭제 전 이력 경로; 효과 BP; 시스템 본체와 별도 항목","불꽃 구슬 1","투사체","기존 에셋 분류 투사체 · 실행 보류: 원본 Blueprint의 실행 로직·부품 관계 미확인; 직접 실행하지 않음"
"마법","투사체","불","ParticleSystem","FXVarietyPack","/Game/FXVarietyPack/Particles","P_ky_fireBall","이름: P_ky_fireBall","2026-10-03 삭제 완료; 삭제 전 이력 경로","불꽃 구슬 2","투사체","생성 프로필 projectile · 첫 차단 충돌 시 소멸"
"마법","투사체","불","Blueprint","Luos8Elements","/Game/Luos8Elements/Blueprints/Fire","BP_Fire_Atk_01","이름: BP_Fire_Atk_01; 대응 BP의 투사체 부모·참조","2026-10-03 삭제 완료; 삭제 전 이력 경로; 효과 BP; 시스템 본체와 별도 항목","화염탄 1","투사체","기존 에셋 분류 투사체 · 실행 보류: 원본 Blueprint의 실행 로직·부품 관계 미확인; 직접 실행하지 않음"
"마법","투사체","불","ParticleSystem","Luos8Elements","/Game/Luos8Elements/Particles/Fire","Par_LMagic_Fire_Atk_01","이름: Par_LMagic_Fire_Atk_01; 대응 BP의 투사체 부모·참조","2026-10-03 삭제 완료; 삭제 전 이력 경로","화염탄 2","투사체","생성 프로필 projectile · 첫 차단 충돌 시 소멸"
"마법","투사체","불","ParticleSystem","RPGEffects","/Game/RPGEffects/Particles","P_Mage_Fireball","이름: P_Mage_Fireball","2026-10-03 삭제 완료; 삭제 전 이력 경로","화염구 1","투사체","생성 프로필 projectile · 첫 차단 충돌 시 소멸"
"마법","투사체","불","NiagaraSystem","RPGEffects","/Game/RPGEffects/ParticlesNiagara/Mage/Fireball","NS_Mage_Fireball","이름: NS_Mage_Fireball","2026-10-03 삭제 완료; 삭제 전 이력 경로","화염구 2","투사체","생성 프로필 projectile · 첫 차단 충돌 시 소멸"
"마법","파동/범위","냉기","NiagaraSystem","MegaMagicVFXBundle","/Game/MegaMagicVFXBundle/VFX/MagicalExplosionsVFX/VFX/Tsunami/Systems","N_Tsunami","이름: N_Tsunami","2026-10-03 삭제 완료; 삭제 전 이력 경로","해일 1","범위형","생성 프로필 area · 선택 지점 범위 · 대상별 1회"
"마법","파동/범위","냉기","NiagaraSystem","MegaMagicVFXBundle","/Game/MegaMagicVFXBundle/VFX/MagicalExplosionsVFX/VFX/Tsunami/Systems","N_TsunamiCharged","이름: N_TsunamiCharged","2026-10-03 삭제 완료; 삭제 전 이력 경로; Charged 변형","응축된 해일","범위형","생성 프로필 area · 선택 지점 범위 · 대상별 1회"
"마법","파동/범위","냉기","NiagaraSystem","MegaMagicVFXBundle","/Game/MegaMagicVFXBundle/VFX/MagicAuraVFX/VFX/Tsunami/Systems","N_Tsunami","이름: N_Tsunami","2026-10-03 삭제 완료; 삭제 전 이력 경로","해일 2","범위형","생성 프로필 area · 선택 지점 범위 · 대상별 1회"
"마법","파동/범위","번개","ParticleSystem","RPGEffects","/Game/RPGEffects/Particles","P_Priest_Wave","이름: P_Priest_Wave","2026-10-03 삭제 완료; 삭제 전 이력 경로","기도의 파동 1","범위형","생성 프로필 area · 선택 지점 범위 · 대상별 1회"
"마법","파동/범위","번개","NiagaraSystem","RPGEffects","/Game/RPGEffects/ParticlesNiagara/Priest/Wave","NS_Priest_Wave","이름: NS_Priest_Wave","2026-10-03 삭제 완료; 삭제 전 이력 경로","기도의 파동 2","범위형","생성 프로필 area · 선택 지점 범위 · 대상별 1회"
"마법","폭발","물리","NiagaraSystem","MegaMagicVFXBundle","/Game/MegaMagicVFXBundle/VFX/MagicalExplosionsVFX/VFX/EarthExplosion/Systems","N_EarthExplosion","이름: N_EarthExplosion","2026-10-03 삭제 완료; 삭제 전 이력 경로","대지 폭발","범위형","생성 프로필 area · 선택 지점 범위 · 대상별 1회"
"마법","폭발","카오스","NiagaraSystem","MegaMagicVFXBundle","/Game/MegaMagicVFXBundle/VFX/MagicalExplosionsVFX/VFX/PoisonExplosion/Systems","N_PoisonExplosion","이름: N_PoisonExplosion","2026-10-03 삭제 완료; 삭제 전 이력 경로","독무 폭발","범위형","생성 프로필 area · 선택 지점 범위 · 대상별 1회"
"마법","폭발","카오스","NiagaraSystem","MegaMagicVFXBundle","/Game/MegaMagicVFXBundle/VFX/MagicalExplosionsVFX/VFX/PoisonExplosion/Systems","N_PoisonExplosionCharged","이름: N_PoisonExplosionCharged","2026-10-03 삭제 완료; 삭제 전 이력 경로; Charged 변형","응축된 독무 폭발","범위형","생성 프로필 area · 선택 지점 범위 · 대상별 1회"
"마법","폭발","물리 + 불","NiagaraSystem","MegaMagicVFXBundle","/Game/MegaMagicVFXBundle/VFX/MagicalExplosionsVFX/VFX/MagmaExplosion/Systems","N_MagmaExplosion","이름: N_MagmaExplosion","2026-10-03 삭제 완료; 삭제 전 이력 경로","용암 폭발","범위형","생성 프로필 area · 선택 지점 범위 · 대상별 1회"
"마법","폭발","물리 + 불","NiagaraSystem","MegaMagicVFXBundle","/Game/MegaMagicVFXBundle/VFX/MagicalExplosionsVFX/VFX/MagmaExplosion/Systems","N_MagmaExplosionCharged","이름: N_MagmaExplosionCharged","2026-10-03 삭제 완료; 삭제 전 이력 경로; Charged 변형","응축된 용암 폭발","범위형","생성 프로필 area · 선택 지점 범위 · 대상별 1회"
"마법","폭발","카오스","NiagaraSystem","MegaMagicVFXBundle","/Game/MegaMagicVFXBundle/VFX/MagicalExplosionsVFX/VFX/MagicalExplosion/Systems","N_MagicalExplosion","이름: N_MagicalExplosion","2026-10-03 삭제 완료; 삭제 전 이력 경로","마력 폭발","범위형","생성 프로필 area · 선택 지점 범위 · 대상별 1회"
"마법","폭발","카오스","NiagaraSystem","MegaMagicVFXBundle","/Game/MegaMagicVFXBundle/VFX/MagicalExplosionsVFX/VFX/MagicalExplosion/Systems","N_MagicalExplosionCharged","이름: N_MagicalExplosionCharged","2026-10-03 삭제 완료; 삭제 전 이력 경로; Charged 변형","응축된 마력 폭발","범위형","생성 프로필 area · 선택 지점 범위 · 대상별 1회"
"마법","폭발","카오스","NiagaraSystem","Mixed_Magic_VFX_Pack","/Game/Mixed_Magic_VFX_Pack/VFX","NS_Magic_Big_Bubbles_Explosion","이름: NS_Magic_Big_Bubbles_Explosion","2026-10-03 삭제 완료; 삭제 전 이력 경로","거대 마력 방울의 폭발","범위형","생성 프로필 area · 선택 지점 범위 · 대상별 1회"
"마법","폭발","냉기","ParticleSystem","Luos8Elements","/Game/Luos8Elements/Particles/Aqua","Par_LMagic_Aqua_Explosion","이름: Par_LMagic_Aqua_Explosion","2026-10-03 삭제 완료; 삭제 전 이력 경로","물결 폭발","범위형","생성 프로필 area · 선택 지점 범위 · 대상별 1회"
"마법","폭발","냉기","ParticleSystem","Luos8Elements","/Game/Luos8Elements/Particles/Aqua","Par_LMagic_Aqua_Explosion_Xaxis","이름: Par_LMagic_Aqua_Explosion_Xaxis","2026-10-03 삭제 완료; 삭제 전 이력 경로","뻗어가는 물결 폭발","범위형","생성 프로필 area · 선택 지점 범위 · 대상별 1회"
"마법","폭발","물리","Blueprint","FXVarietyPack","/Game/FXVarietyPack/Blueprints","BP_ky_explosion","이름: BP_ky_explosion","2026-10-03 삭제 완료; 삭제 전 이력 경로; 효과 BP; 시스템 본체와 별도 항목","폭발 1","범위형","기존 에셋 분류 폭발 · 실행 보류: 원본 Blueprint의 실행 로직·부품 관계 미확인; 직접 실행하지 않음"
"마법","폭발","물리","ParticleSystem","FXVarietyPack","/Game/FXVarietyPack/Particles","P_ky_explosion","이름: P_ky_explosion","2026-10-03 삭제 완료; 삭제 전 이력 경로","폭발 2","범위형","생성 프로필 area · 선택 지점 범위 · 대상별 1회"
"마법","폭발","물리","ParticleSystem","Luos8Elements","/Game/Luos8Elements/Particles/Wind","Par_LMagic_Wind_Explosion","이름: Par_LMagic_Wind_Explosion","2026-10-03 삭제 완료; 삭제 전 이력 경로","바람 폭발","범위형","생성 프로필 area · 선택 지점 범위 · 대상별 1회"
"마법","폭발","번개","NiagaraSystem","MegaMagicVFXBundle","/Game/MegaMagicVFXBundle/VFX/MagicalExplosionsVFX/VFX/LightningExplosion/Systems","N_LightningBlast","이름: N_LightningBlast","2026-10-03 삭제 완료; 삭제 전 이력 경로","뇌전 폭발","범위형","생성 프로필 area · 선택 지점 범위 · 대상별 1회"
"마법","폭발","번개","NiagaraSystem","MegaMagicVFXBundle","/Game/MegaMagicVFXBundle/VFX/MagicalExplosionsVFX/VFX/LightningExplosion/Systems","N_LightningBlastCharged","이름: N_LightningBlastCharged","2026-10-03 삭제 완료; 삭제 전 이력 경로; Charged 변형","응축된 뇌전 폭발","범위형","생성 프로필 area · 선택 지점 범위 · 대상별 1회"
"마법","폭발","카오스","NiagaraSystem","MegaMagicVFXBundle","/Game/MegaMagicVFXBundle/VFX/MagicalExplosionsVFX/VFX/BlackholeExplosion/Systems","N_BlackholeExplosion","이름: N_BlackholeExplosion","2026-10-03 삭제 완료; 삭제 전 이력 경로","공허의 폭발","범위형","생성 프로필 area · 선택 지점 범위 · 대상별 1회"
"마법","폭발","카오스","NiagaraSystem","MegaMagicVFXBundle","/Game/MegaMagicVFXBundle/VFX/MagicalExplosionsVFX/VFX/BlackholeExplosion/Systems","N_BlackholeExplosionCharged","이름: N_BlackholeExplosionCharged","2026-10-03 삭제 완료; 삭제 전 이력 경로; Charged 변형","응축된 공허의 폭발","범위형","생성 프로필 area · 선택 지점 범위 · 대상별 1회"
"마법","폭발","번개","ParticleSystem","Luos8Elements","/Game/Luos8Elements/Particles/Light","Par_4E_Light_Explosion_01","이름: Par_4E_Light_Explosion_01","2026-10-03 삭제 완료; 삭제 전 이력 경로","빛의 폭발 1","범위형","생성 프로필 area · 선택 지점 범위 · 대상별 1회"
"마법","폭발","번개","NiagaraSystem","MegaMagicVFXBundle","/Game/MegaMagicVFXBundle/VFX/MagicalExplosionsVFX/VFX/LightBlast/Systems","N_LightBlast","이름: N_LightBlast","2026-10-03 삭제 완료; 삭제 전 이력 경로","빛의 폭발 2","범위형","생성 프로필 area · 선택 지점 범위 · 대상별 1회"
"마법","폭발","번개","NiagaraSystem","MegaMagicVFXBundle","/Game/MegaMagicVFXBundle/VFX/MagicalExplosionsVFX/VFX/LightBlast/Systems","N_LightBlastCharged","이름: N_LightBlastCharged","2026-10-03 삭제 완료; 삭제 전 이력 경로; Charged 변형","응축된 빛의 폭발","범위형","생성 프로필 area · 선택 지점 범위 · 대상별 1회"
"마법","폭발","번개","NiagaraSystem","MegaMagicVFXBundle","/Game/MegaMagicVFXBundle/VFX/MagicalExplosionsVFX/VFX/EnergyBlast/Systems","N_EnergyBlast","이름: N_EnergyBlast","2026-10-03 삭제 완료; 삭제 전 이력 경로","원력 폭발","범위형","생성 프로필 area · 선택 지점 범위 · 대상별 1회"
"마법","폭발","번개","NiagaraSystem","MegaMagicVFXBundle","/Game/MegaMagicVFXBundle/VFX/MagicalExplosionsVFX/VFX/EnergyBlast/Systems","N_EnergyBlastCharged","이름: N_EnergyBlastCharged","2026-10-03 삭제 완료; 삭제 전 이력 경로; Charged 변형","응축된 원력 폭발","범위형","생성 프로필 area · 선택 지점 범위 · 대상별 1회"
"마법","폭발","물리 + 카오스","NiagaraSystem","MegaMagicVFXBundle","/Game/MegaMagicVFXBundle/VFX/MagicalExplosionsVFX/VFX/BloodExplosion/Systems","N_BloodExplosion","이름: N_BloodExplosion","2026-10-03 삭제 완료; 삭제 전 이력 경로","혈무 폭발","범위형","생성 프로필 area · 선택 지점 범위 · 대상별 1회"
"마법","폭발","물리 + 카오스","NiagaraSystem","MegaMagicVFXBundle","/Game/MegaMagicVFXBundle/VFX/MagicalExplosionsVFX/VFX/BloodExplosion/Systems","N_BloodExplosionCharged","이름: N_BloodExplosionCharged","2026-10-03 삭제 완료; 삭제 전 이력 경로; Charged 변형","응축된 혈무 폭발","범위형","생성 프로필 area · 선택 지점 범위 · 대상별 1회"
"마법","폭발","카오스","NiagaraSystem","MegaMagicVFXBundle","/Game/MegaMagicVFXBundle/VFX/MagicalExplosionsVFX/VFX/ChaosExplosion/Systems","N_ChaosExplosion","이름: N_ChaosExplosion","2026-10-03 삭제 완료; 삭제 전 이력 경로","혼돈 폭발","범위형","생성 프로필 area · 선택 지점 범위 · 대상별 1회"
"마법","폭발","카오스","NiagaraSystem","MegaMagicVFXBundle","/Game/MegaMagicVFXBundle/VFX/MagicalExplosionsVFX/VFX/ChaosExplosion/Systems","N_ChaosExplosionCharged","이름: N_ChaosExplosionCharged","2026-10-03 삭제 완료; 삭제 전 이력 경로; Charged 변형","응축된 혼돈 폭발","범위형","생성 프로필 area · 선택 지점 범위 · 대상별 1회"
"마법","폭발","불","ParticleSystem","Luos8Elements","/Game/Luos8Elements/Particles/Fire","Par_LMagic_Fire_Explosion","이름: Par_LMagic_Fire_Explosion","2026-10-03 삭제 완료; 삭제 전 이력 경로","화염 폭발 1","범위형","생성 프로필 area · 선택 지점 범위 · 대상별 1회"
"마법","폭발","불","ParticleSystem","Luos8Elements","/Game/Luos8Elements/Particles/Fire","Par_LMagic_Fire_Explosion_Xdir","이름: Par_LMagic_Fire_Explosion_Xdir","2026-10-03 삭제 완료; 삭제 전 이력 경로","뻗어가는 화염 폭발","범위형","생성 프로필 area · 선택 지점 범위 · 대상별 1회"
"마법","폭발","불","NiagaraSystem","MegaMagicVFXBundle","/Game/MegaMagicVFXBundle/VFX/MagicalExplosionsVFX/VFX/FlameBlast/Systems","N_FlameBlast","이름: N_FlameBlast","2026-10-03 삭제 완료; 삭제 전 이력 경로","화염 폭발 2","범위형","생성 프로필 area · 선택 지점 범위 · 대상별 1회"
"마법","폭발","불","NiagaraSystem","MegaMagicVFXBundle","/Game/MegaMagicVFXBundle/VFX/MagicalExplosionsVFX/VFX/FlameBlast/Systems","N_FlameBlastCharged","이름: N_FlameBlastCharged","2026-10-03 삭제 완료; 삭제 전 이력 경로; Charged 변형","응축된 화염 폭발","범위형","생성 프로필 area · 선택 지점 범위 · 대상별 1회"
"마법","피격","물리","ParticleSystem","Luos8Elements","/Game/Luos8Elements/Particles/Earth","Par_LMagic_Earth_Impact_01","이름: Par_LMagic_Earth_Impact_01","2026-10-03 삭제 완료; 삭제 전 이력 경로","대지탄의 격돌","보조 효과","기존 에셋 분류 피격 · 독립 스킬 제외"
"마법","피격","물리","ParticleSystem","Luos8Elements","/Game/Luos8Elements/Particles/Earth","Par_LMagic_Earth_Impact_02","이름: Par_LMagic_Earth_Impact_02","2026-10-03 삭제 완료; 삭제 전 이력 경로","대지 탄환의 격돌","보조 효과","기존 에셋 분류 피격 · 독립 스킬 제외"
"마법","피격","물리 + 불","NiagaraSystem","Mixed_Magic_VFX_Pack","/Game/Mixed_Magic_VFX_Pack/VFX/Sperate_VFX","NS_Magma_Shot_Impact","이름: NS_Magma_Shot_Impact","2026-10-03 삭제 완료; 삭제 전 이력 경로","용암탄의 격돌","보조 효과","기존 에셋 분류 피격 · 독립 스킬 제외"
"마법","피격","카오스","NiagaraSystem","Free_Magic","/Game/Free_Magic/VFX_Niagara","NS_Free_Magic_Hit1","이름: NS_Free_Magic_Hit1","2026-10-03 삭제 완료; 삭제 전 이력 경로","비술탄의 격돌","보조 효과","기존 에셋 분류 피격 · 독립 스킬 제외"
"마법","피격","카오스","NiagaraSystem","Free_Magic","/Game/Free_Magic/VFX_Niagara","NS_Free_Magic_Hit2","이름: NS_Free_Magic_Hit2","2026-10-03 삭제 완료; 삭제 전 이력 경로","마력탄의 격돌","보조 효과","기존 에셋 분류 피격 · 독립 스킬 제외"
"마법","피격","냉기","Blueprint","FXVarietyPack","/Game/FXVarietyPack/Blueprints","BP_ky_waterBallHit","이름: BP_ky_waterBallHit","2026-10-03 삭제 완료; 삭제 전 이력 경로; 효과 BP; 시스템 본체와 별도 항목","물방울 구슬의 격돌 1","보조 효과","기존 에셋 분류 피격 · 독립 스킬 제외"
"마법","피격","냉기","ParticleSystem","FXVarietyPack","/Game/FXVarietyPack/Particles","P_ky_waterBallHit","이름: P_ky_waterBallHit","2026-10-03 삭제 완료; 삭제 전 이력 경로","물방울 구슬의 격돌 2","보조 효과","기존 에셋 분류 피격 · 독립 스킬 제외"
"마법","피격","물리","Blueprint","FXVarietyPack","/Game/FXVarietyPack/Blueprints","BP_ky_hit1","이름: BP_ky_hit1","2026-10-03 삭제 완료; 삭제 전 이력 경로; 효과 BP; 시스템 본체와 별도 항목","충돌의 섬광 1","보조 효과","기존 에셋 분류 피격 · 독립 스킬 제외"
"마법","피격","물리","Blueprint","FXVarietyPack","/Game/FXVarietyPack/Blueprints","BP_ky_hit2","이름: BP_ky_hit2","2026-10-03 삭제 완료; 삭제 전 이력 경로; 효과 BP; 시스템 본체와 별도 항목","격돌의 잔광 1","보조 효과","기존 에셋 분류 피격 · 독립 스킬 제외"
"마법","피격","물리","ParticleSystem","FXVarietyPack","/Game/FXVarietyPack/Particles","P_ky_hit1","이름: P_ky_hit1","2026-10-03 삭제 완료; 삭제 전 이력 경로","충돌의 섬광 2","보조 효과","기존 에셋 분류 피격 · 독립 스킬 제외"
"마법","피격","물리","ParticleSystem","FXVarietyPack","/Game/FXVarietyPack/Particles","P_ky_hit2","이름: P_ky_hit2","2026-10-03 삭제 완료; 삭제 전 이력 경로","격돌의 잔광 2","보조 효과","기존 에셋 분류 피격 · 독립 스킬 제외"
"마법","피격","물리","NiagaraSystem","Mixed_Magic_VFX_Pack","/Game/Mixed_Magic_VFX_Pack/VFX","NS_Big_Hammer_Impact","이름: NS_Big_Hammer_Impact","2026-10-03 삭제 완료; 삭제 전 이력 경로","거인의 망치 격돌","보조 효과","기존 에셋 분류 피격 · 독립 스킬 제외"
"마법","피격","카오스","NiagaraSystem","Mixed_Magic_VFX_Pack","/Game/Mixed_Magic_VFX_Pack/VFX","NS_Gelmir_Wizard_Impact","이름: NS_Gelmir_Wizard_Impact","2026-10-03 삭제 완료; 삭제 전 이력 경로","격정의 격돌","보조 효과","기존 에셋 분류 피격 · 독립 스킬 제외"
"마법","피격","번개","Blueprint","FXVarietyPack","/Game/FXVarietyPack/Blueprints","BP_ky_ThunderBallHit","이름: BP_ky_ThunderBallHit","2026-10-03 삭제 완료; 삭제 전 이력 경로; 효과 BP; 시스템 본체와 별도 항목","뇌전 구슬의 격돌 1","보조 효과","기존 에셋 분류 피격 · 독립 스킬 제외"
"마법","피격","번개","ParticleSystem","FXVarietyPack","/Game/FXVarietyPack/Particles","P_ky_ThunderBallHit","이름: P_ky_ThunderBallHit","2026-10-03 삭제 완료; 삭제 전 이력 경로","뇌전 구슬의 격돌 2","보조 효과","기존 에셋 분류 피격 · 독립 스킬 제외"
"마법","피격","카오스","ParticleSystem","Luos8Elements","/Game/Luos8Elements/Particles/Dark","Par_4E_Dark_Impact_01","이름: Par_4E_Dark_Impact_01","2026-10-03 삭제 완료; 삭제 전 이력 경로","어둠탄의 격돌 1","보조 효과","기존 에셋 분류 피격 · 독립 스킬 제외"
"마법","피격","카오스","NiagaraSystem","Mixed_Magic_VFX_Pack","/Game/Mixed_Magic_VFX_Pack/VFX","NS_Dark_Solo_Impact","이름: NS_Dark_Solo_Impact","2026-10-03 삭제 완료; 삭제 전 이력 경로","어둠탄의 격돌 2","보조 효과","기존 에셋 분류 피격 · 독립 스킬 제외"
"마법","피격","물리 + 카오스","NiagaraSystem","Mixed_Magic_VFX_Pack","/Game/Mixed_Magic_VFX_Pack/VFX","NS_Dark_Stone_Impact","이름: NS_Dark_Stone_Impact","2026-10-03 삭제 완료; 삭제 전 이력 경로","어둠돌의 격돌","보조 효과","기존 에셋 분류 피격 · 독립 스킬 제외"
"마법","피격","냉기","ParticleSystem","Luos8Elements","/Game/Luos8Elements/Particles/Ice","Par_4E_Ice_Impact_01","이름: Par_4E_Ice_Impact_01","2026-10-03 삭제 완료; 삭제 전 이력 경로","서리탄의 격돌","보조 효과","기존 에셋 분류 피격 · 독립 스킬 제외"
"마법","회오리","물리","ParticleSystem","RPGEffects","/Game/RPGEffects/Particles","P_Mage_Whirlwind","이름: P_Mage_Whirlwind","2026-10-03 삭제 완료; 삭제 전 이력 경로","회오리바람 1","범위형","생성 프로필 area · 선택 지점 범위 · 대상별 1회"
"마법","회오리","물리","NiagaraSystem","RPGEffects","/Game/RPGEffects/ParticlesNiagara/Mage/Whirlwind","NS_Mage_Whirlwind","이름: NS_Mage_Whirlwind","2026-10-03 삭제 완료; 삭제 전 이력 경로","회오리바람 2","범위형","생성 프로필 area · 선택 지점 범위 · 대상별 1회"
"마법","Slash","카오스","NiagaraSystem","Free_Magic","/Game/Free_Magic/VFX_Niagara","NS_Free_Magic_Slash","이름: NS_Free_Magic_Slash","2026-10-03 삭제 완료; 삭제 전 이력 경로","비술 베기","근접공격","생성 프로필 slash · 접근 후 베기/타격 · 대상별 1회"
"마법","Slash","카오스","NiagaraSystem","Free_Magic","/Game/Free_Magic/VFX_Niagara","NS_Free_Magic_Slash2","이름: NS_Free_Magic_Slash2","2026-10-03 삭제 완료; 삭제 전 이력 경로","마력 베기","근접공격","생성 프로필 slash · 접근 후 베기/타격 · 대상별 1회"
"마법","Slash Trail","물리","ParticleSystem","Mixed_Magic_VFX_Pack","/Game/Mixed_Magic_VFX_Pack/VFX","P_Big_Sword_Trail","이름: P_Big_Sword_Trail","2026-10-03 삭제 완료; 삭제 전 이력 경로","거인의 검흔","보조 효과","기존 에셋 분류 Slash Trail · 독립 스킬 제외"
"원거리","다중 발사","물리","ParticleSystem","RPGEffects","/Game/RPGEffects/Particles","P_Archer_Multishot","이름: P_Archer_Multishot","2026-10-03 삭제 완료; 삭제 전 이력 경로","일제 사격 1","투사체","기존 에셋 분류 다중 발사 · 실행 보류: 발사 수·방향·시간 간격 확인 필요"
"원거리","다중 발사","물리","ParticleSystem","RPGEffects","/Game/RPGEffects/Particles","P_Archer_Multishot_Burst","이름: P_Archer_Multishot_Burst","2026-10-03 삭제 완료; 삭제 전 이력 경로","일제 사격의 섬광 1","투사체","기존 에셋 분류 다중 발사 · 실행 보류: 발사 수·방향·시간 간격 확인 필요"
"원거리","다중 발사","물리","NiagaraSystem","RPGEffects","/Game/RPGEffects/ParticlesNiagara/Archer/Multishot","NS_Archer_Multishot","이름: NS_Archer_Multishot","2026-10-03 삭제 완료; 삭제 전 이력 경로","일제 사격 2","투사체","기존 에셋 분류 다중 발사 · 실행 보류: 발사 수·방향·시간 간격 확인 필요"
"원거리","다중 발사","물리","NiagaraSystem","RPGEffects","/Game/RPGEffects/ParticlesNiagara/Archer/Multishot_Radial","NS_Archer_Multishot_Radial","이름: NS_Archer_Multishot_Radial","2026-10-03 삭제 완료; 삭제 전 이력 경로","원형 일제 사격","투사체","기존 에셋 분류 다중 발사 · 실행 보류: 발사 수·방향·시간 간격 확인 필요"
"원거리","다중 발사","물리","NiagaraSystem","RPGEffects","/Game/RPGEffects/ParticlesNiagara/Archer/MultishotBurst","NS_Archer_Multishot_Burst","이름: NS_Archer_Multishot_Burst","2026-10-03 삭제 완료; 삭제 전 이력 경로","일제 사격의 섬광 2","투사체","기존 에셋 분류 다중 발사 · 실행 보류: 발사 수·방향·시간 간격 확인 필요"
"원거리","다중 발사","불","ParticleSystem","RPGEffects","/Game/RPGEffects/Particles","P_Archer_Multishot_Fire","이름: P_Archer_Multishot_Fire","2026-10-03 삭제 완료; 삭제 전 이력 경로","화염 일제 사격 1","투사체","기존 에셋 분류 다중 발사 · 실행 보류: 발사 수·방향·시간 간격 확인 필요"
"원거리","다중 발사","불","ParticleSystem","RPGEffects","/Game/RPGEffects/Particles","P_Archer_Multishot_Fire_Burst","이름: P_Archer_Multishot_Fire_Burst","2026-10-03 삭제 완료; 삭제 전 이력 경로","화염 일제 사격의 섬광 1","투사체","기존 에셋 분류 다중 발사 · 실행 보류: 발사 수·방향·시간 간격 확인 필요"
"원거리","다중 발사","불","NiagaraSystem","RPGEffects","/Game/RPGEffects/ParticlesNiagara/Archer/MultiShotFire","NS_Archer_Multishot_Fire","이름: NS_Archer_Multishot_Fire","2026-10-03 삭제 완료; 삭제 전 이력 경로","화염 일제 사격 2","투사체","기존 에셋 분류 다중 발사 · 실행 보류: 발사 수·방향·시간 간격 확인 필요"
"원거리","다중 발사","불","NiagaraSystem","RPGEffects","/Game/RPGEffects/ParticlesNiagara/Archer/MultiShotFireBurst","NS_Archer_Multishot_Fire_Burst","이름: NS_Archer_Multishot_Fire_Burst","2026-10-03 삭제 완료; 삭제 전 이력 경로","화염 일제 사격의 섬광 2","투사체","기존 에셋 분류 다중 발사 · 실행 보류: 발사 수·방향·시간 간격 확인 필요"
"원거리","범위 낙하","물리","ParticleSystem","RPGEffects","/Game/RPGEffects/Particles","P_Archer_Arrow_Hail","이름: P_Archer_Arrow_Hail","2026-10-03 삭제 완료; 삭제 전 이력 경로","화살비 1","범위형","생성 프로필 area · 선택 지점 범위 · 대상별 1회"
"원거리","범위 낙하","물리","ParticleSystem","RPGEffects","/Game/RPGEffects/Particles","P_Archer_Arrow_Hail_Burst","이름: P_Archer_Arrow_Hail_Burst","2026-10-03 삭제 완료; 삭제 전 이력 경로","쏟아지는 화살비 1","범위형","생성 프로필 area · 선택 지점 범위 · 대상별 1회"
"원거리","범위 낙하","물리","NiagaraSystem","RPGEffects","/Game/RPGEffects/ParticlesNiagara/Archer/ArrowHail","NS_Archer_Arrow_Hail","이름: NS_Archer_Arrow_Hail","2026-10-03 삭제 완료; 삭제 전 이력 경로","화살비 2","범위형","생성 프로필 area · 선택 지점 범위 · 대상별 1회"
"원거리","범위 낙하","물리","NiagaraSystem","RPGEffects","/Game/RPGEffects/ParticlesNiagara/Archer/ArrowHailBurst","NS_Archer_Arrow_Hail_Burst","이름: NS_Archer_Arrow_Hail_Burst","2026-10-03 삭제 완료; 삭제 전 이력 경로","쏟아지는 화살비 2","범위형","생성 프로필 area · 선택 지점 범위 · 대상별 1회"
"원거리","장판/함정","물리","ParticleSystem","RPGEffects","/Game/RPGEffects/Particles","P_Archer_Caltrops","이름: P_Archer_Caltrops","2026-10-03 삭제 완료; 삭제 전 이력 경로","쇠가시 지대 1","범위형","기존 에셋 분류 장판/함정 · 실행 보류: 발동 조건·지속시간·피해 방식 미결정"
"원거리","장판/함정","물리","NiagaraSystem","RPGEffects","/Game/RPGEffects/ParticlesNiagara/Archer/Caltrops","NS_Archer_Caltrops","이름: NS_Archer_Caltrops","2026-10-03 삭제 완료; 삭제 전 이력 경로","쇠가시 지대 2","범위형","기존 에셋 분류 장판/함정 · 실행 보류: 발동 조건·지속시간·피해 방식 미결정"
"원거리","투사체","물리","ParticleSystem","RPGEffects","/Game/RPGEffects/Particles","P_Archer_Arrow","이름: P_Archer_Arrow","2026-10-03 삭제 완료; 삭제 전 이력 경로","날아가는 화살 1","투사체","생성 프로필 projectile · 첫 차단 충돌 시 소멸"
"원거리","투사체","물리","ParticleSystem","RPGEffects","/Game/RPGEffects/Particles","P_Warrior_ThrowingAxe","이름: P_Warrior_ThrowingAxe","2026-10-03 삭제 완료; 삭제 전 이력 경로","투척 도끼 1","투사체","생성 프로필 projectile · 첫 차단 충돌 시 소멸"
"원거리","투사체","물리","NiagaraSystem","RPGEffects","/Game/RPGEffects/ParticlesNiagara/Archer/Arrow","NS_Archer_Arrow","이름: NS_Archer_Arrow","2026-10-03 삭제 완료; 삭제 전 이력 경로","날아가는 화살 2","투사체","생성 프로필 projectile · 첫 차단 충돌 시 소멸"
"원거리","투사체","물리","NiagaraSystem","RPGEffects","/Game/RPGEffects/ParticlesNiagara/Warrior/ThrowingAxe","NS_Warrior_ThrowingAxe","이름: NS_Warrior_ThrowingAxe","2026-10-03 삭제 완료; 삭제 전 이력 경로","투척 도끼 2","투사체","생성 프로필 projectile · 첫 차단 충돌 시 소멸"
"원거리","투사체","불","ParticleSystem","RPGEffects","/Game/RPGEffects/Particles","P_Archer_Arrow_Fire","이름: P_Archer_Arrow_Fire","2026-10-03 삭제 완료; 삭제 전 이력 경로","불꽃 화살 1","투사체","생성 프로필 projectile · 첫 차단 충돌 시 소멸"
"원거리","투사체","불","NiagaraSystem","RPGEffects","/Game/RPGEffects/ParticlesNiagara/Archer/ArrowFire","NS_Archer_Arrow_Fire","이름: NS_Archer_Arrow_Fire","2026-10-03 삭제 완료; 삭제 전 이력 경로","불꽃 화살 2","투사체","생성 프로필 projectile · 첫 차단 충돌 시 소멸"
"원거리","투사체 Trail","물리","NiagaraSystem","ArrowTrail","/Game/ArrowTrail/FX","NS_ArrowTrail_Basic","이름: NS_ArrowTrail_Basic","2026-10-03 삭제 완료; 삭제 전 이력 경로","화살의 궤적","보조 효과","기존 에셋 분류 투사체 Trail · 독립 스킬 제외"
"원거리","투사체 Trail","물리","NiagaraSystem","ArrowTrail","/Game/ArrowTrail/FX","NS_ArrowTrail_Basic_02","이름: NS_ArrowTrail_Basic_02","2026-10-03 삭제 완료; 삭제 전 이력 경로","화살의 잔상","보조 효과","기존 에셋 분류 투사체 Trail · 독립 스킬 제외"
"원거리","투사체 Trail","카오스","NiagaraSystem","ArrowTrail","/Game/ArrowTrail/FX","NS_ArrowTrail_Magic","이름: NS_ArrowTrail_Magic","2026-10-03 삭제 완료; 삭제 전 이력 경로","마력 화살의 궤적","보조 효과","기존 에셋 분류 투사체 Trail · 독립 스킬 제외"
"원거리","투사체 Trail","카오스","NiagaraSystem","ArrowTrail","/Game/ArrowTrail/FX","NS_ArrowTrail_Magic_2","이름: NS_ArrowTrail_Magic_2","2026-10-03 삭제 완료; 삭제 전 이력 경로","마력 화살의 잔상","보조 효과","기존 에셋 분류 투사체 Trail · 독립 스킬 제외"
"원거리","투사체 Trail","냉기","NiagaraSystem","ArrowTrail","/Game/ArrowTrail/FX","NS_ArrowTrail_Water","이름: NS_ArrowTrail_Water","2026-10-03 삭제 완료; 삭제 전 이력 경로","물결 화살의 궤적","보조 효과","기존 에셋 분류 투사체 Trail · 독립 스킬 제외"
"원거리","투사체 Trail","번개","NiagaraSystem","ArrowTrail","/Game/ArrowTrail/FX","NS_ArrowTrail_Holy","이름: NS_ArrowTrail_Holy","2026-10-03 삭제 완료; 삭제 전 이력 경로","성광 화살의 궤적","보조 효과","기존 에셋 분류 투사체 Trail · 독립 스킬 제외"
"원거리","투사체 Trail","냉기","NiagaraSystem","ArrowTrail","/Game/ArrowTrail/FX","NS_ArrowTrail_Ice","이름: NS_ArrowTrail_Ice","2026-10-03 삭제 완료; 삭제 전 이력 경로","서리 화살의 궤적","보조 효과","기존 에셋 분류 투사체 Trail · 독립 스킬 제외"
"원거리","투사체 Trail","물리","NiagaraSystem","ArrowTrail","/Game/ArrowTrail/FX","NS_ArrowTrail_Nature","이름: NS_ArrowTrail_Nature","2026-10-03 삭제 완료; 삭제 전 이력 경로","숲 화살의 궤적","보조 효과","기존 에셋 분류 투사체 Trail · 독립 스킬 제외"
"원거리","투사체 Trail","불","NiagaraSystem","ArrowTrail","/Game/ArrowTrail/FX","NS_ArrowTrail_Fire","이름: NS_ArrowTrail_Fire","2026-10-03 삭제 완료; 삭제 전 이력 경로","불꽃 화살의 궤적","보조 효과","기존 에셋 분류 투사체 Trail · 독립 스킬 제외"
"원거리","투사체 Trail","불","NiagaraSystem","ArrowTrail","/Game/ArrowTrail/FX","NS_ArrowTrail_Fire_02","이름: NS_ArrowTrail_Fire_02","2026-10-03 삭제 완료; 삭제 전 이력 경로","불꽃 화살의 잔상","보조 효과","기존 에셋 분류 투사체 Trail · 독립 스킬 제외"
"상태/지원","레벨업 표시","","ParticleSystem","RPGEffects","/Game/RPGEffects/Particles","P_Status_LevelUp","이름: P_Status_LevelUp","2026-10-03 삭제 완료; 삭제 전 이력 경로","성장의 빛 1","보조 효과","기존 에셋 분류 레벨업 표시 · 독립 스킬 제외"
"상태/지원","레벨업 표시","","NiagaraSystem","RPGEffects","/Game/RPGEffects/ParticlesNiagara/StatusEffects/LevelUp","NS_Status_LevelUp","이름: NS_Status_LevelUp","2026-10-03 삭제 완료; 삭제 전 이력 경로","성장의 빛 2","보조 효과","기존 에셋 분류 레벨업 표시 · 독립 스킬 제외"
"상태/지원","범위 상태이상","번개","ParticleSystem","RPGEffects","/Game/RPGEffects/Particles","P_Priest_AoE_Stun","이름: P_Priest_AoE_Stun","2026-10-03 삭제 완료; 삭제 전 이력 경로","기절의 파동 1","범위형","기존 에셋 분류 범위 상태이상 · 실행 보류: 구체적인 상태이상·지속시간 미결정"
"상태/지원","범위 상태이상","번개","NiagaraSystem","RPGEffects","/Game/RPGEffects/ParticlesNiagara/Priest/AoEStun","NS_Priest_AoE_Stun","이름: NS_Priest_AoE_Stun","2026-10-03 삭제 완료; 삭제 전 이력 경로","기절의 파동 2","범위형","기존 에셋 분류 범위 상태이상 · 실행 보류: 구체적인 상태이상·지속시간 미결정"
"상태/지원","상태 오라","카오스","ParticleSystem","RPGEffects","/Game/RPGEffects/Particles","P_Status_Magic_Glow","이름: P_Status_Magic_Glow","2026-10-03 삭제 완료; 삭제 전 이력 경로","마력의 빛무리 1","보조 효과","기존 에셋 분류 상태 오라 · 독립 스킬 제외"
"상태/지원","상태 오라","카오스","NiagaraSystem","RPGEffects","/Game/RPGEffects/ParticlesNiagara/StatusEffects/MagicGlow","NS_Status_Magic_Glow","이름: NS_Status_Magic_Glow","2026-10-03 삭제 완료; 삭제 전 이력 경로","마력의 빛무리 2","보조 효과","기존 에셋 분류 상태 오라 · 독립 스킬 제외"
"상태/지원","상태이상 표시","","ParticleSystem","RPGEffects","/Game/RPGEffects/Particles","P_Priest_Stun","이름: P_Priest_Stun","2026-10-03 삭제 완료; 삭제 전 이력 경로","멈춤의 낙인 1","보조 효과","기존 에셋 분류 상태이상 표시 · 독립 스킬 제외"
"상태/지원","상태이상 표시","","ParticleSystem","RPGEffects","/Game/RPGEffects/Particles","P_Status_Confusion","이름: P_Status_Confusion","2026-10-03 삭제 완료; 삭제 전 이력 경로","혼란의 징표 1","보조 효과","기존 에셋 분류 상태이상 표시 · 독립 스킬 제외"
"상태/지원","상태이상 표시","","ParticleSystem","RPGEffects","/Game/RPGEffects/Particles","P_Status_Stun","이름: P_Status_Stun","2026-10-03 삭제 완료; 삭제 전 이력 경로","기절의 징표 1","보조 효과","기존 에셋 분류 상태이상 표시 · 독립 스킬 제외"
"상태/지원","상태이상 표시","","ParticleSystem","RPGEffects","/Game/RPGEffects/Particles","P_Warrior_Blind","이름: P_Warrior_Blind","2026-10-03 삭제 완료; 삭제 전 이력 경로","실명의 징표 1","보조 효과","기존 에셋 분류 상태이상 표시 · 독립 스킬 제외"
"상태/지원","상태이상 표시","","NiagaraSystem","RPGEffects","/Game/RPGEffects/ParticlesNiagara/Priest/Stun","NS_Priest_Stun","이름: NS_Priest_Stun","2026-10-03 삭제 완료; 삭제 전 이력 경로","멈춤의 낙인 2","보조 효과","기존 에셋 분류 상태이상 표시 · 독립 스킬 제외"
"상태/지원","상태이상 표시","","NiagaraSystem","RPGEffects","/Game/RPGEffects/ParticlesNiagara/StatusEffects/Confusion","NS_Status_Confusion","이름: NS_Status_Confusion","2026-10-03 삭제 완료; 삭제 전 이력 경로","혼란의 징표 2","보조 효과","기존 에셋 분류 상태이상 표시 · 독립 스킬 제외"
"상태/지원","상태이상 표시","","NiagaraSystem","RPGEffects","/Game/RPGEffects/ParticlesNiagara/StatusEffects/Stun","NS_Status_Stun","이름: NS_Status_Stun","2026-10-03 삭제 완료; 삭제 전 이력 경로","기절의 징표 2","보조 효과","기존 에셋 분류 상태이상 표시 · 독립 스킬 제외"
"상태/지원","상태이상 표시","","NiagaraSystem","RPGEffects","/Game/RPGEffects/ParticlesNiagara/Warrior/Blind","NS_Warrior_Blind","이름: NS_Warrior_Blind","2026-10-03 삭제 완료; 삭제 전 이력 경로","실명의 징표 2","보조 효과","기존 에셋 분류 상태이상 표시 · 독립 스킬 제외"
"상태/지원","아이템 강조","","ParticleSystem","RPGEffects","/Game/RPGEffects/Particles","P_Status_ItemHighlight","이름: P_Status_ItemHighlight","2026-10-03 삭제 완료; 삭제 전 이력 경로","보물의 반짝임 1","보조 효과","기존 에셋 분류 아이템 강조 · 독립 스킬 제외"
"상태/지원","아이템 강조","","NiagaraSystem","RPGEffects","/Game/RPGEffects/ParticlesNiagara/StatusEffects/ItemHighlight","NS_Status_ItemHighlight","이름: NS_Status_ItemHighlight","2026-10-03 삭제 완료; 삭제 전 이력 경로","보물의 반짝임 2","보조 효과","기존 에셋 분류 아이템 강조 · 독립 스킬 제외"
"상태/지원","오라/버프","카오스","NiagaraSystem","Free_Magic","/Game/Free_Magic/VFX_Niagara","NS_Free_Magic_Aura","이름: NS_Free_Magic_Aura","2026-10-03 삭제 완료; 삭제 전 이력 경로","마력의 기운","지원형","기존 에셋 분류 오라/버프 · 실행 보류: 구체적인 강화 효과·지속시간 미결정"
"상태/지원","오라/버프","카오스","NiagaraSystem","Free_Magic","/Game/Free_Magic/VFX_Niagara","NS_Free_Magic_Buff","이름: NS_Free_Magic_Buff","2026-10-03 삭제 완료; 삭제 전 이력 경로","마력의 축원","지원형","기존 에셋 분류 오라/버프 · 실행 보류: 구체적인 강화 효과·지속시간 미결정"
"상태/지원","오라/버프","","ParticleSystem","RPGEffects","/Game/RPGEffects/Particles","P_Priest_Aura","이름: P_Priest_Aura","2026-10-03 삭제 완료; 삭제 전 이력 경로","사제의 기운 1","지원형","기존 에셋 분류 오라/버프 · 실행 보류: 구체적인 강화 효과·지속시간 미결정"
"상태/지원","오라/버프","","NiagaraSystem","RPGEffects","/Game/RPGEffects/ParticlesNiagara/Priest/Aura","NS_Preist_Aura","이름: NS_Preist_Aura","2026-10-03 삭제 완료; 삭제 전 이력 경로","사제의 기운 2","지원형","기존 에셋 분류 오라/버프 · 실행 보류: 구체적인 강화 효과·지속시간 미결정"
"상태/지원","오라/버프","물리","NiagaraSystem","MegaMagicVFXBundle","/Game/MegaMagicVFXBundle/VFX/MagicAuraVFX/VFX/NatureAura/Systems","N_NatureAura","이름: N_NatureAura","2026-10-03 삭제 완료; 삭제 전 이력 경로","숲의 숨결","지원형","기존 에셋 분류 오라/버프 · 실행 보류: 구체적인 강화 효과·지속시간 미결정"
"상태/지원","치유","","ParticleSystem","RPGEffects","/Game/RPGEffects/Particles","P_Priest_Heal_Burst","이름: P_Priest_Heal_Burst","2026-10-03 삭제 완료; 삭제 전 이력 경로","치유의 섬광 1","지원형","생성 프로필 heal · 아군 단일 즉시 치유"
"상태/지원","치유","","NiagaraSystem","RPGEffects","/Game/RPGEffects/ParticlesNiagara/Priest/HealBurst","NS_Priest_Heal_Burst","이름: NS_Priest_Heal_Burst","2026-10-03 삭제 완료; 삭제 전 이력 경로","치유의 섬광 2","지원형","생성 프로필 heal · 아군 단일 즉시 치유"
"상태/지원","치유 오라","","Blueprint","FXVarietyPack","/Game/FXVarietyPack/Blueprints","BP_ky_healAura","이름: BP_ky_healAura","2026-10-03 삭제 완료; 삭제 전 이력 경로; 효과 BP; 시스템 본체와 별도 항목","회복의 기운 1","지원형","기존 에셋 분류 치유 오라 · 실행 보류: 원본 Blueprint의 실행 로직·부품 관계 미확인; 직접 실행하지 않음"
"상태/지원","치유 오라","","ParticleSystem","FXVarietyPack","/Game/FXVarietyPack/Particles","P_ky_healAura","이름: P_ky_healAura","2026-10-03 삭제 완료; 삭제 전 이력 경로","회복의 기운 2","지원형","생성 프로필 heal · 아군 단일 즉시 치유"
"상태/지원","치유 오라","","ParticleSystem","RPGEffects","/Game/RPGEffects/Particles","P_Priest_Heal_Over_Time_2D","이름: P_Priest_Heal_Over_Time_2D","2026-10-03 삭제 완료; 삭제 전 이력 경로","치유의 원 1","지원형","기존 에셋 분류 치유 오라 · 실행 보류: 지속 치유로 명명된 원본; 회복 주기·지속시간 미결정"
"상태/지원","치유 오라","","ParticleSystem","RPGEffects","/Game/RPGEffects/Particles","P_Priest_Heal_Over_Time_3D","이름: P_Priest_Heal_Over_Time_3D","2026-10-03 삭제 완료; 삭제 전 이력 경로","치유의 숨결 1","지원형","기존 에셋 분류 치유 오라 · 실행 보류: 지속 치유로 명명된 원본; 회복 주기·지속시간 미결정"
"상태/지원","치유 오라","","NiagaraSystem","RPGEffects","/Game/RPGEffects/ParticlesNiagara/Priest/HealOverTime","NS_Preist_Heal_Over_Time","이름: NS_Preist_Heal_Over_Time","2026-10-03 삭제 완료; 삭제 전 이력 경로","치유의 원 2","지원형","기존 에셋 분류 치유 오라 · 실행 보류: 지속 치유로 명명된 원본; 회복 주기·지속시간 미결정"
"상태/지원","치유 오라","","NiagaraSystem","RPGEffects","/Game/RPGEffects/ParticlesNiagara/Priest/HealOverTime","NS_Preist_Heal_Over_Time_3D","이름: NS_Preist_Heal_Over_Time_3D","2026-10-03 삭제 완료; 삭제 전 이력 경로","치유의 숨결 2","지원형","기존 에셋 분류 치유 오라 · 실행 보류: 지속 치유로 명명된 원본; 회복 주기·지속시간 미결정"
"상태/지원","퀘스트 표시","","ParticleSystem","RPGEffects","/Game/RPGEffects/Particles","P_Status_Quest","이름: P_Status_Quest","2026-10-03 삭제 완료; 삭제 전 이력 경로","여정의 표식 1","보조 효과","기존 에셋 분류 퀘스트 표시 · 독립 스킬 제외"
"상태/지원","퀘스트 표시","","NiagaraSystem","RPGEffects","/Game/RPGEffects/ParticlesNiagara/StatusEffects/Quest","NS_Status_Quest","이름: NS_Status_Quest","2026-10-03 삭제 완료; 삭제 전 이력 경로","여정의 표식 2","보조 효과","기존 에셋 분류 퀘스트 표시 · 독립 스킬 제외"
"상태/지원","포션 효과","","NiagaraSystem","Mixed_Magic_VFX_Pack","/Game/Mixed_Magic_VFX_Pack/VFX","NS_Potion","이름: NS_Potion","2026-10-03 삭제 완료; 삭제 전 이력 경로; 확인 필요: 사용·회복 표현","물약의 기운","지원형","기존 에셋 분류 포션 효과 · 실행 보류: 회복 종류·아이템 연동 미결정"
"상태/지원","포효","물리","ParticleSystem","RPGEffects","/Game/RPGEffects/Particles","P_Warrior_Shout","이름: P_Warrior_Shout","2026-10-03 삭제 완료; 삭제 전 이력 경로","전사의 포효 1","보류","피해·버프·상태이상 동작 미결정"
"상태/지원","포효","물리","NiagaraSystem","RPGEffects","/Game/RPGEffects/ParticlesNiagara/Warrior/Shout","NS_Warrior_Shout","이름: NS_Warrior_Shout","2026-10-03 삭제 완료; 삭제 전 이력 경로","전사의 포효 2","보류","피해·버프·상태이상 동작 미결정"
"조준/이동","순간이동","카오스","ParticleSystem","RPGEffects","/Game/RPGEffects/Particles","P_Status_Teleport_Burst","이름: P_Status_Teleport_Burst","2026-10-03 삭제 완료; 삭제 전 이력 경로","도약의 섬광 1","이동형","기존 에셋 분류 순간이동 · 실행 보류: 이동 위치·이동 규칙 미결정"
"조준/이동","순간이동","카오스","NiagaraSystem","RPGEffects","/Game/RPGEffects/ParticlesNiagara/StatusEffects/TeleportBurst","NS_Status_Teleport_Burst","이름: NS_Status_Teleport_Burst","2026-10-03 삭제 완료; 삭제 전 이력 경로","도약의 섬광 2","이동형","기존 에셋 분류 순간이동 · 실행 보류: 이동 위치·이동 규칙 미결정"
"조준/이동","점프패드","","NiagaraSystem","LevelPrototyping","/Game/LevelPrototyping/Interactable/JumpPad/Assets","NS_JumpPad","이름: NS_JumpPad","","도약의 발판","이동형","기존 에셋 분류 점프패드 · 실행 보류: 이동 위치·이동 규칙 미결정"
"조준/이동","커서 표시","","NiagaraSystem","Cursor","/Game/Cursor","FX_Cursor","이름: FX_Cursor","","지정 표식","보조 효과","기존 에셋 분류 커서 표시 · 독립 스킬 제외"
"조준/이동","커서 표시","","NiagaraSystem","TopDown","/Game/TopDown/Cursor","FX_Cursor_Failure","이름: FX_Cursor_Failure","","지정 불가 표식","보조 효과","기존 에셋 분류 커서 표시 · 독립 스킬 제외"
"조준/이동","커서 표시","","NiagaraSystem","TopDown","/Game/TopDown/Cursor","FX_Cursor_Success","이름: FX_Cursor_Success","","지정 가능 표식","보조 효과","기존 에셋 분류 커서 표시 · 독립 스킬 제외"
"조준/이동","타게팅 표시","","ParticleSystem","RPGEffects","/Game/RPGEffects/Particles","P_Targeting_Arc","이름: P_Targeting_Arc","2026-10-03 삭제 완료; 삭제 전 이력 경로","부채꼴 조준선 1","보조 효과","기존 에셋 분류 타게팅 표시 · 독립 스킬 제외"
"조준/이동","타게팅 표시","","ParticleSystem","RPGEffects","/Game/RPGEffects/Particles","P_Targeting_Arrow","이름: P_Targeting_Arrow","2026-10-03 삭제 완료; 삭제 전 이력 경로","공격 방향 표식 1","보조 효과","기존 에셋 분류 타게팅 표시 · 독립 스킬 제외"
"조준/이동","타게팅 표시","","ParticleSystem","RPGEffects","/Game/RPGEffects/Particles","P_Targeting_Circle","이름: P_Targeting_Circle","2026-10-03 삭제 완료; 삭제 전 이력 경로","원형 조준선 1","보조 효과","기존 에셋 분류 타게팅 표시 · 독립 스킬 제외"
"조준/이동","타게팅 표시","","ParticleSystem","RPGEffects","/Game/RPGEffects/Particles","P_Targeting_Player_Movement","이름: P_Targeting_Player_Movement","2026-10-03 삭제 완료; 삭제 전 이력 경로","이동 표식 1","보조 효과","기존 에셋 분류 타게팅 표시 · 독립 스킬 제외"
"조준/이동","타게팅 표시","","ParticleSystem","RPGEffects","/Game/RPGEffects/Particles","P_Targeting_Player_Select","이름: P_Targeting_Player_Select","2026-10-03 삭제 완료; 삭제 전 이력 경로","선택 표식 1","보조 효과","기존 에셋 분류 타게팅 표시 · 독립 스킬 제외"
"조준/이동","타게팅 표시","","NiagaraSystem","RPGEffects","/Game/RPGEffects/ParticlesNiagara/TargetingDecals","NS_Targeting_Arc","이름: NS_Targeting_Arc","2026-10-03 삭제 완료; 삭제 전 이력 경로","부채꼴 조준선 2","보조 효과","기존 에셋 분류 타게팅 표시 · 독립 스킬 제외"
"조준/이동","타게팅 표시","","NiagaraSystem","RPGEffects","/Game/RPGEffects/ParticlesNiagara/TargetingDecals","NS_Targeting_Arrow","이름: NS_Targeting_Arrow","2026-10-03 삭제 완료; 삭제 전 이력 경로","공격 방향 표식 2","보조 효과","기존 에셋 분류 타게팅 표시 · 독립 스킬 제외"
"조준/이동","타게팅 표시","","NiagaraSystem","RPGEffects","/Game/RPGEffects/ParticlesNiagara/TargetingDecals","NS_Targeting_Circle","이름: NS_Targeting_Circle","2026-10-03 삭제 완료; 삭제 전 이력 경로","원형 조준선 2","보조 효과","기존 에셋 분류 타게팅 표시 · 독립 스킬 제외"
"조준/이동","타게팅 표시","","NiagaraSystem","RPGEffects","/Game/RPGEffects/ParticlesNiagara/TargetingDecals","NS_Targeting_Player_Movement","이름: NS_Targeting_Player_Movement","2026-10-03 삭제 완료; 삭제 전 이력 경로","이동 표식 2","보조 효과","기존 에셋 분류 타게팅 표시 · 독립 스킬 제외"
"조준/이동","타게팅 표시","","NiagaraSystem","RPGEffects","/Game/RPGEffects/ParticlesNiagara/TargetingDecals","NS_Targeting_Player_Select","이름: NS_Targeting_Player_Select","2026-10-03 삭제 완료; 삭제 전 이력 경로","선택 표식 2","보조 효과","기존 에셋 분류 타게팅 표시 · 독립 스킬 제외"
"조준/이동","포털","카오스","ParticleSystem","RPGEffects","/Game/RPGEffects/Particles","P_Status_Teleport_Portal","이름: P_Status_Teleport_Portal","2026-10-03 삭제 완료; 삭제 전 이력 경로","차원의 문 1","이동형","기존 에셋 분류 포털 · 실행 보류: 이동 위치·이동 규칙 미결정"
"조준/이동","포털","카오스","NiagaraSystem","RPGEffects","/Game/RPGEffects/ParticlesNiagara/StatusEffects/TeleportPortal","NS_Status_Teleport_Portal","이름: NS_Status_Teleport_Portal","2026-10-03 삭제 완료; 삭제 전 이력 경로","차원의 문 2","이동형","기존 에셋 분류 포털 · 실행 보류: 이동 위치·이동 규칙 미결정"
"환경","불꽃","불","ParticleSystem","Weapon_Pack","/Game/Weapon_Pack/Effects/Particles/Fire","P_TorchFire","이름: P_TorchFire","","횃불의 불꽃","보조 효과","기존 에셋 분류 불꽃 · 독립 스킬 제외"
"범위/Spell","광역 공격","불","NiagaraSystem","AOE and Spell Decal VFX ( with SFX )","/Game/__AoeVFX/NS","NS_AOE_BlazeBlast","원본 Niagara 클래스·팩 경로와 신규 생성 명세","2026-10-03 로컬 설치; 팩 루트: /Game/__AoeVFX; 원본 objectpath: /Game/__AoeVFX/NS/NS_AOE_BlazeBlast.NS_AOE_BlazeBlast; Fab: https://www.fab.com/listings/8908c188-5b4d-4131-94dd-701c1c200c52; DataAsset 저장·독립 재로드·구조 검증 통과; 시험 수치·시점·방향 정합은 사용자 확인 대기; Niagara AudioPlayer 바인딩: /Game/__AoeVFX/_GenericSource/SFX/Sfx_Hit_Explosion_classic_s_Cue2.Sfx_Hit_Explosion_classic_s_Cue2 | /Game/__AoeVFX/_GenericSource/SFX/Sfx_Loop_AirFire_Cue.Sfx_Loop_AirFire_Cue | /Game/__AoeVFX/_GenericSource/SFX/sfx_JetPack_Cue1.sfx_JetPack_Cue1; 원본 AudioPlayer 플래그: /Game/__AoeVFX/_GenericSource/SFX/Sfx_Hit_Explosion_classic_s_Cue2.Sfx_Hit_Explosion_classic_s_Cue2: stopOnDestroy=True, allowLoopingOneShot=False, limitPlaysPerTick=True, maxPlaysPerTick=10 | /Game/__AoeVFX/_GenericSource/SFX/Sfx_Loop_AirFire_Cue.Sfx_Loop_AirFire_Cue: stopOnDestroy=True, allowLoopingOneShot=False, limitPlaysPerTick=True, maxPlaysPerTick=10 | /Game/__AoeVFX/_GenericSource/SFX/sfx_JetPack_Cue1.sfx_JetPack_Cue1: stopOnDestroy=True, allowLoopingOneShot=False, limitPlaysPerTick=True, maxPlaysPerTick=10 | None: stopOnDestroy=True, allowLoopingOneShot=False, limitPlaysPerTick=True, maxPlaysPerTick=10; 원본 Audio 사용자 파라미터: User.AudioOn=True; SoundToPlay 미지정 인터페이스 3개(원본 감사값); SoundCue 참조: /Game/__AoeVFX/_GenericSource/SFX/Sfx_Hit_Explosion_classic_s_Cue2.Sfx_Hit_Explosion_classic_s_Cue2 | /Game/__AoeVFX/_GenericSource/SFX/Sfx_Loop_AirFire_Cue.Sfx_Loop_AirFire_Cue | /Game/__AoeVFX/_GenericSource/SFX/sfx_JetPack_Cue1.sfx_JetPack_Cue1; SoundWave 직접·전이 참조: /Game/__AoeVFX/_GenericSource/SFX/Sfx_Hit_Explosion_classic_s.Sfx_Hit_Explosion_classic_s | /Game/__AoeVFX/_GenericSource/SFX/Sfx_Loop_AirFire.Sfx_Loop_AirFire | /Game/__AoeVFX/_GenericSource/SFX/sfx_JetPack.sfx_JetPack; 참조·바인딩 정적 확인이며 실제 재생·청취는 사용자 확인 대기; 시험 수치이며 연출·판정 정합 및 실제 사운드는 사용자 확인 대기; 신규 스킬 주효과 Audio 파라미터: User.AudioOn=True","화염 폭풍","범위형","DrGameSkillSpecs.json profile=area"
"범위/Spell","광역 공격","냉기","NiagaraSystem","AOE and Spell Decal VFX ( with SFX )","/Game/__AoeVFX/NS","NS_AOE_Blizzard","원본 Niagara 클래스·팩 경로와 신규 생성 명세","2026-10-03 로컬 설치; 팩 루트: /Game/__AoeVFX; 원본 objectpath: /Game/__AoeVFX/NS/NS_AOE_Blizzard.NS_AOE_Blizzard; Fab: https://www.fab.com/listings/8908c188-5b4d-4131-94dd-701c1c200c52; DataAsset 저장·독립 재로드·구조 검증 통과; 시험 수치·시점·방향 정합은 사용자 확인 대기; Niagara AudioPlayer 바인딩: /Game/__AoeVFX/_GenericSource/SFX/Sfx_Loop_waterWind_Cue2.Sfx_Loop_waterWind_Cue2; 원본 AudioPlayer 플래그: /Game/__AoeVFX/_GenericSource/SFX/Sfx_Loop_waterWind_Cue2.Sfx_Loop_waterWind_Cue2: stopOnDestroy=True, allowLoopingOneShot=False, limitPlaysPerTick=True, maxPlaysPerTick=10 | None: stopOnDestroy=True, allowLoopingOneShot=False, limitPlaysPerTick=True, maxPlaysPerTick=10; 원본 Audio 사용자 파라미터: User.AudioOn=True; SoundToPlay 미지정 인터페이스 6개(원본 감사값); SoundCue 참조: /Game/__AoeVFX/_GenericSource/SFX/Sfx_Loop_waterWind_Cue2.Sfx_Loop_waterWind_Cue2; SoundWave 직접·전이 참조: /Game/__AoeVFX/_GenericSource/SFX/Sfx_Loop_waterWind.Sfx_Loop_waterWind; 참조·바인딩 정적 확인이며 실제 재생·청취는 사용자 확인 대기; 시험 수치이며 연출·판정 정합 및 실제 사운드는 사용자 확인 대기; 신규 스킬 주효과 Audio 파라미터: User.AudioOn=True","눈보라 영역","범위형","DrGameSkillSpecs.json profile=area"
"범위/Spell","광역 공격","냉기","NiagaraSystem","AOE and Spell Decal VFX ( with SFX )","/Game/__AoeVFX/NS","NS_AOE_CrystalFlower","원본 Niagara 클래스·팩 경로와 신규 생성 명세","2026-10-03 로컬 설치; 팩 루트: /Game/__AoeVFX; 원본 objectpath: /Game/__AoeVFX/NS/NS_AOE_CrystalFlower.NS_AOE_CrystalFlower; Fab: https://www.fab.com/listings/8908c188-5b4d-4131-94dd-701c1c200c52; DataAsset 저장·독립 재로드·구조 검증 통과; 시험 수치·시점·방향 정합은 사용자 확인 대기; Niagara AudioPlayer 바인딩: /Game/__AoeVFX/_GenericSource/SFX/Sfx_Ice_ball_Cue2.Sfx_Ice_ball_Cue2 | /Game/__AoeVFX/_GenericSource/SFX/Sfx_Ice_born_Cue.Sfx_Ice_born_Cue | /Game/__AoeVFX/_GenericSource/SFX/sfx_Hit_hammer_Cue_LavaRock.sfx_Hit_hammer_Cue_LavaRock; 원본 AudioPlayer 플래그: /Game/__AoeVFX/_GenericSource/SFX/Sfx_Ice_ball_Cue2.Sfx_Ice_ball_Cue2: stopOnDestroy=True, allowLoopingOneShot=False, limitPlaysPerTick=True, maxPlaysPerTick=10 | /Game/__AoeVFX/_GenericSource/SFX/Sfx_Ice_born_Cue.Sfx_Ice_born_Cue: stopOnDestroy=True, allowLoopingOneShot=False, limitPlaysPerTick=True, maxPlaysPerTick=10 | /Game/__AoeVFX/_GenericSource/SFX/sfx_Hit_hammer_Cue_LavaRock.sfx_Hit_hammer_Cue_LavaRock: stopOnDestroy=True, allowLoopingOneShot=False, limitPlaysPerTick=True, maxPlaysPerTick=10; 원본 Audio 사용자 파라미터: User.Audio2On=False | User.AudioOn=True; SoundCue 참조: /Game/__AoeVFX/_GenericSource/SFX/Sfx_Ice_ball_Cue2.Sfx_Ice_ball_Cue2 | /Game/__AoeVFX/_GenericSource/SFX/Sfx_Ice_born_Cue.Sfx_Ice_born_Cue | /Game/__AoeVFX/_GenericSource/SFX/sfx_Hit_hammer_Cue_LavaRock.sfx_Hit_hammer_Cue_LavaRock; SoundWave 직접·전이 참조: /Game/__AoeVFX/_GenericSource/SFX/Sfx_Ice_ball.Sfx_Ice_ball | /Game/__AoeVFX/_GenericSource/SFX/Sfx_Ice_born.Sfx_Ice_born | /Game/__AoeVFX/_GenericSource/SFX/sfx_Hit_hammer.sfx_Hit_hammer; 참조·바인딩 정적 확인이며 실제 재생·청취는 사용자 확인 대기; 시험 수치이며 연출·판정 정합 및 실제 사운드는 사용자 확인 대기; 신규 스킬 주효과 Audio 파라미터: User.Audio2On=True | User.AudioOn=True","수정 꽃","범위형","DrGameSkillSpecs.json profile=area"
"범위/Spell","광역 공격","불","NiagaraSystem","AOE and Spell Decal VFX ( with SFX )","/Game/__AoeVFX/NS","NS_AOE_FireArrow","원본 Niagara 클래스·팩 경로와 신규 생성 명세","2026-10-03 로컬 설치; 팩 루트: /Game/__AoeVFX; 원본 objectpath: /Game/__AoeVFX/NS/NS_AOE_FireArrow.NS_AOE_FireArrow; Fab: https://www.fab.com/listings/8908c188-5b4d-4131-94dd-701c1c200c52; DataAsset 저장·독립 재로드·구조 검증 통과; 시험 수치·시점·방향 정합은 사용자 확인 대기; Niagara AudioPlayer 바인딩: /Game/__AoeVFX/_GenericSource/SFX/Sfx_Loop_waterWind_Cue2.Sfx_Loop_waterWind_Cue2 | /Game/__AoeVFX/_GenericSource/SFX/Sfx_shoot_arrow_01_Cue.Sfx_shoot_arrow_01_Cue | /Game/__AoeVFX/_GenericSource/SFX/sfx_Hit_hammer_Cue_LavaRock.sfx_Hit_hammer_Cue_LavaRock; 원본 AudioPlayer 플래그: /Game/__AoeVFX/_GenericSource/SFX/Sfx_Loop_waterWind_Cue2.Sfx_Loop_waterWind_Cue2: stopOnDestroy=True, allowLoopingOneShot=False, limitPlaysPerTick=True, maxPlaysPerTick=10 | /Game/__AoeVFX/_GenericSource/SFX/Sfx_shoot_arrow_01_Cue.Sfx_shoot_arrow_01_Cue: stopOnDestroy=True, allowLoopingOneShot=False, limitPlaysPerTick=True, maxPlaysPerTick=10 | /Game/__AoeVFX/_GenericSource/SFX/sfx_Hit_hammer_Cue_LavaRock.sfx_Hit_hammer_Cue_LavaRock: stopOnDestroy=True, allowLoopingOneShot=False, limitPlaysPerTick=True, maxPlaysPerTick=10 | None: stopOnDestroy=True, allowLoopingOneShot=False, limitPlaysPerTick=True, maxPlaysPerTick=10; 원본 Audio 사용자 파라미터: User.AudioOn=True; SoundToPlay 미지정 인터페이스 3개(원본 감사값); SoundCue 참조: /Game/__AoeVFX/_GenericSource/SFX/Sfx_Loop_waterWind_Cue2.Sfx_Loop_waterWind_Cue2 | /Game/__AoeVFX/_GenericSource/SFX/Sfx_shoot_arrow_01_Cue.Sfx_shoot_arrow_01_Cue | /Game/__AoeVFX/_GenericSource/SFX/sfx_Hit_hammer_Cue_LavaRock.sfx_Hit_hammer_Cue_LavaRock; SoundWave 직접·전이 참조: /Game/__AoeVFX/_GenericSource/SFX/Sfx_Loop_waterWind.Sfx_Loop_waterWind | /Game/__AoeVFX/_GenericSource/SFX/Sfx_shoot_arrow_01.Sfx_shoot_arrow_01 | /Game/__AoeVFX/_GenericSource/SFX/sfx_Hit_hammer.sfx_Hit_hammer; 참조·바인딩 정적 확인이며 실제 재생·청취는 사용자 확인 대기; 시험 수치이며 연출·판정 정합 및 실제 사운드는 사용자 확인 대기; 신규 스킬 주효과 Audio 파라미터: User.AudioOn=True","화염 화살비","범위형","DrGameSkillSpecs.json profile=area"
"범위/Spell","아군 보호막","물리","NiagaraSystem","AOE and Spell Decal VFX ( with SFX )","/Game/__AoeVFX/NS","NS_AOE_Guardian","원본 Niagara 클래스·팩 경로와 신규 생성 명세","2026-10-03 로컬 설치; 팩 루트: /Game/__AoeVFX; 원본 objectpath: /Game/__AoeVFX/NS/NS_AOE_Guardian.NS_AOE_Guardian; Fab: https://www.fab.com/listings/8908c188-5b4d-4131-94dd-701c1c200c52; DataAsset 저장·독립 재로드·구조 검증 통과; 시험 수치·시점·방향 정합은 사용자 확인 대기; Niagara AudioPlayer 바인딩: /Game/__AoeVFX/_GenericSource/SFX/Sfx_water_essencel_Cue.Sfx_water_essencel_Cue | /Game/__AoeVFX/_GenericSource/SFX/sfx_MpUp_Cue1.sfx_MpUp_Cue1; 원본 AudioPlayer 플래그: /Game/__AoeVFX/_GenericSource/SFX/Sfx_water_essencel_Cue.Sfx_water_essencel_Cue: stopOnDestroy=True, allowLoopingOneShot=False, limitPlaysPerTick=True, maxPlaysPerTick=10 | /Game/__AoeVFX/_GenericSource/SFX/sfx_MpUp_Cue1.sfx_MpUp_Cue1: stopOnDestroy=True, allowLoopingOneShot=False, limitPlaysPerTick=True, maxPlaysPerTick=10 | None: stopOnDestroy=True, allowLoopingOneShot=False, limitPlaysPerTick=True, maxPlaysPerTick=10; 원본 Audio 사용자 파라미터: User.AudioOn=True | User.RemainAudioOn=False; SoundToPlay 미지정 인터페이스 3개(원본 감사값); SoundCue 참조: /Game/__AoeVFX/_GenericSource/SFX/Sfx_water_essencel_Cue.Sfx_water_essencel_Cue | /Game/__AoeVFX/_GenericSource/SFX/sfx_MpUp_Cue1.sfx_MpUp_Cue1; SoundWave 직접·전이 참조: /Game/__AoeVFX/_GenericSource/SFX/Sfx_water_essencel.Sfx_water_essencel | /Game/__AoeVFX/_GenericSource/SFX/sfx_MpUp.sfx_MpUp; 참조·바인딩 정적 확인이며 실제 재생·청취는 사용자 확인 대기; 시험 수치이며 연출·판정 정합 및 실제 사운드는 사용자 확인 대기; 신규 스킬 주효과 Audio 파라미터: User.AudioOn=True | User.RemainAudioOn=True","수호자의 결계","지원형","DrGameSkillSpecs.json profile=shield"
"범위/Spell","광역 공격","냉기","NiagaraSystem","AOE and Spell Decal VFX ( with SFX )","/Game/__AoeVFX/NS","NS_AOE_Hail","원본 Niagara 클래스·팩 경로와 신규 생성 명세","2026-10-03 로컬 설치; 팩 루트: /Game/__AoeVFX; 원본 objectpath: /Game/__AoeVFX/NS/NS_AOE_Hail.NS_AOE_Hail; Fab: https://www.fab.com/listings/8908c188-5b4d-4131-94dd-701c1c200c52; DataAsset 저장·독립 재로드·구조 검증 통과; 시험 수치·시점·방향 정합은 사용자 확인 대기; Niagara AudioPlayer 바인딩: /Game/__AoeVFX/_GenericSource/SFX/Sfx_Ice_ball_Cue3.Sfx_Ice_ball_Cue3 | /Game/__AoeVFX/_GenericSource/SFX/Sfx_Loop_waterWind_Cue2.Sfx_Loop_waterWind_Cue2 | /Game/__AoeVFX/_GenericSource/SFX/sfx_Hit_hammer_Cue_LavaRock.sfx_Hit_hammer_Cue_LavaRock; 원본 AudioPlayer 플래그: /Game/__AoeVFX/_GenericSource/SFX/Sfx_Ice_ball_Cue3.Sfx_Ice_ball_Cue3: stopOnDestroy=True, allowLoopingOneShot=False, limitPlaysPerTick=True, maxPlaysPerTick=10 | /Game/__AoeVFX/_GenericSource/SFX/Sfx_Loop_waterWind_Cue2.Sfx_Loop_waterWind_Cue2: stopOnDestroy=True, allowLoopingOneShot=False, limitPlaysPerTick=True, maxPlaysPerTick=10 | /Game/__AoeVFX/_GenericSource/SFX/sfx_Hit_hammer_Cue_LavaRock.sfx_Hit_hammer_Cue_LavaRock: stopOnDestroy=True, allowLoopingOneShot=False, limitPlaysPerTick=True, maxPlaysPerTick=10 | None: stopOnDestroy=True, allowLoopingOneShot=False, limitPlaysPerTick=True, maxPlaysPerTick=10; 원본 Audio 사용자 파라미터: User.AudioOn=True; SoundToPlay 미지정 인터페이스 3개(원본 감사값); SoundCue 참조: /Game/__AoeVFX/_GenericSource/SFX/Sfx_Ice_ball_Cue3.Sfx_Ice_ball_Cue3 | /Game/__AoeVFX/_GenericSource/SFX/Sfx_Loop_waterWind_Cue2.Sfx_Loop_waterWind_Cue2 | /Game/__AoeVFX/_GenericSource/SFX/sfx_Hit_hammer_Cue_LavaRock.sfx_Hit_hammer_Cue_LavaRock; SoundWave 직접·전이 참조: /Game/__AoeVFX/_GenericSource/SFX/Sfx_Ice_ball.Sfx_Ice_ball | /Game/__AoeVFX/_GenericSource/SFX/Sfx_Loop_waterWind.Sfx_Loop_waterWind | /Game/__AoeVFX/_GenericSource/SFX/sfx_Hit_hammer.sfx_Hit_hammer; 참조·바인딩 정적 확인이며 실제 재생·청취는 사용자 확인 대기; 시험 수치이며 연출·판정 정합 및 실제 사운드는 사용자 확인 대기; 신규 스킬 주효과 Audio 파라미터: User.AudioOn=True","우박 폭격","범위형","DrGameSkillSpecs.json profile=area"
"범위/Spell","광역 공격","냉기","NiagaraSystem","AOE and Spell Decal VFX ( with SFX )","/Game/__AoeVFX/NS","NS_AOE_IceSpiral","원본 Niagara 클래스·팩 경로와 신규 생성 명세","2026-10-03 로컬 설치; 팩 루트: /Game/__AoeVFX; 원본 objectpath: /Game/__AoeVFX/NS/NS_AOE_IceSpiral.NS_AOE_IceSpiral; Fab: https://www.fab.com/listings/8908c188-5b4d-4131-94dd-701c1c200c52; DataAsset 저장·독립 재로드·구조 검증 통과; 시험 수치·시점·방향 정합은 사용자 확인 대기; Niagara AudioPlayer 바인딩: /Game/__AoeVFX/_GenericSource/SFX/Sfx_Ice_ball_Cue2.Sfx_Ice_ball_Cue2 | /Game/__AoeVFX/_GenericSource/SFX/Sfx_Ice_born_Cue.Sfx_Ice_born_Cue | /Game/__AoeVFX/_GenericSource/SFX/sfx_Hit_hammer_Cue_LavaRock.sfx_Hit_hammer_Cue_LavaRock; 원본 AudioPlayer 플래그: /Game/__AoeVFX/_GenericSource/SFX/Sfx_Ice_ball_Cue2.Sfx_Ice_ball_Cue2: stopOnDestroy=True, allowLoopingOneShot=False, limitPlaysPerTick=True, maxPlaysPerTick=10 | /Game/__AoeVFX/_GenericSource/SFX/Sfx_Ice_born_Cue.Sfx_Ice_born_Cue: stopOnDestroy=True, allowLoopingOneShot=False, limitPlaysPerTick=True, maxPlaysPerTick=10 | /Game/__AoeVFX/_GenericSource/SFX/sfx_Hit_hammer_Cue_LavaRock.sfx_Hit_hammer_Cue_LavaRock: stopOnDestroy=True, allowLoopingOneShot=False, limitPlaysPerTick=True, maxPlaysPerTick=10; 원본 Audio 사용자 파라미터: User.Audio2On=False | User.AudioOn=True; SoundCue 참조: /Game/__AoeVFX/_GenericSource/SFX/Sfx_Ice_ball_Cue2.Sfx_Ice_ball_Cue2 | /Game/__AoeVFX/_GenericSource/SFX/Sfx_Ice_born_Cue.Sfx_Ice_born_Cue | /Game/__AoeVFX/_GenericSource/SFX/sfx_Hit_hammer_Cue_LavaRock.sfx_Hit_hammer_Cue_LavaRock; SoundWave 직접·전이 참조: /Game/__AoeVFX/_GenericSource/SFX/Sfx_Ice_ball.Sfx_Ice_ball | /Game/__AoeVFX/_GenericSource/SFX/Sfx_Ice_born.Sfx_Ice_born | /Game/__AoeVFX/_GenericSource/SFX/sfx_Hit_hammer.sfx_Hit_hammer; 참조·바인딩 정적 확인이며 실제 재생·청취는 사용자 확인 대기; 시험 수치이며 연출·판정 정합 및 실제 사운드는 사용자 확인 대기; 신규 스킬 주효과 Audio 파라미터: User.Audio2On=True | User.AudioOn=True","얼음 나선","범위형","DrGameSkillSpecs.json profile=area"
"범위/Spell","광역 공격","불","NiagaraSystem","AOE and Spell Decal VFX ( with SFX )","/Game/__AoeVFX/NS","NS_AOE_LavaLotus","원본 Niagara 클래스·팩 경로와 신규 생성 명세","2026-10-03 로컬 설치; 팩 루트: /Game/__AoeVFX; 원본 objectpath: /Game/__AoeVFX/NS/NS_AOE_LavaLotus.NS_AOE_LavaLotus; Fab: https://www.fab.com/listings/8908c188-5b4d-4131-94dd-701c1c200c52; DataAsset 저장·독립 재로드·구조 검증 통과; 시험 수치·시점·방향 정합은 사용자 확인 대기; Niagara AudioPlayer 바인딩: /Game/__AoeVFX/_GenericSource/SFX/Sfx_Hit_Ground_Hammer_Cue_Rock.Sfx_Hit_Ground_Hammer_Cue_Rock | /Game/__AoeVFX/_GenericSource/SFX/sfx_Hit_hammer_Cue_LavaRock.sfx_Hit_hammer_Cue_LavaRock; 원본 AudioPlayer 플래그: /Game/__AoeVFX/_GenericSource/SFX/Sfx_Hit_Ground_Hammer_Cue_Rock.Sfx_Hit_Ground_Hammer_Cue_Rock: stopOnDestroy=True, allowLoopingOneShot=False, limitPlaysPerTick=True, maxPlaysPerTick=10 | /Game/__AoeVFX/_GenericSource/SFX/sfx_Hit_hammer_Cue_LavaRock.sfx_Hit_hammer_Cue_LavaRock: stopOnDestroy=True, allowLoopingOneShot=False, limitPlaysPerTick=True, maxPlaysPerTick=10; 원본 Audio 사용자 파라미터: User.AudioOn=True; SoundCue 참조: /Game/__AoeVFX/_GenericSource/SFX/Sfx_Hit_Ground_Hammer_Cue_Rock.Sfx_Hit_Ground_Hammer_Cue_Rock | /Game/__AoeVFX/_GenericSource/SFX/sfx_Hit_hammer_Cue_LavaRock.sfx_Hit_hammer_Cue_LavaRock; SoundWave 직접·전이 참조: /Game/__AoeVFX/_GenericSource/SFX/Sfx_Hit_Ground_Hammer.Sfx_Hit_Ground_Hammer | /Game/__AoeVFX/_GenericSource/SFX/sfx_Hit_hammer.sfx_Hit_hammer; 참조·바인딩 정적 확인이며 실제 재생·청취는 사용자 확인 대기; 시험 수치이며 연출·판정 정합 및 실제 사운드는 사용자 확인 대기; 신규 스킬 주효과 Audio 파라미터: User.AudioOn=True","용암 연꽃","범위형","DrGameSkillSpecs.json profile=area"
"범위/Spell","광역 공격","번개","NiagaraSystem","AOE and Spell Decal VFX ( with SFX )","/Game/__AoeVFX/NS","NS_AOE_LightningHoop","원본 Niagara 클래스·팩 경로와 신규 생성 명세","2026-10-03 로컬 설치; 팩 루트: /Game/__AoeVFX; 원본 objectpath: /Game/__AoeVFX/NS/NS_AOE_LightningHoop.NS_AOE_LightningHoop; Fab: https://www.fab.com/listings/8908c188-5b4d-4131-94dd-701c1c200c52; DataAsset 저장·독립 재로드·구조 검증 통과; 시험 수치·시점·방향 정합은 사용자 확인 대기; Niagara AudioPlayer 바인딩: /Game/__AoeVFX/_GenericSource/SFX/Sfx_Loop_Eletric_Cue.Sfx_Loop_Eletric_Cue | /Game/__AoeVFX/_GenericSource/SFX/sfx_AttackUp_Cue1.sfx_AttackUp_Cue1; 원본 AudioPlayer 플래그: /Game/__AoeVFX/_GenericSource/SFX/Sfx_Loop_Eletric_Cue.Sfx_Loop_Eletric_Cue: stopOnDestroy=True, allowLoopingOneShot=False, limitPlaysPerTick=True, maxPlaysPerTick=10 | /Game/__AoeVFX/_GenericSource/SFX/sfx_AttackUp_Cue1.sfx_AttackUp_Cue1: stopOnDestroy=True, allowLoopingOneShot=False, limitPlaysPerTick=True, maxPlaysPerTick=10 | None: stopOnDestroy=True, allowLoopingOneShot=False, limitPlaysPerTick=True, maxPlaysPerTick=10; 원본 Audio 사용자 파라미터: User.AudioOn=True; SoundToPlay 미지정 인터페이스 3개(원본 감사값); SoundCue 참조: /Game/__AoeVFX/_GenericSource/SFX/Sfx_Loop_Eletric_Cue.Sfx_Loop_Eletric_Cue | /Game/__AoeVFX/_GenericSource/SFX/sfx_AttackUp_Cue1.sfx_AttackUp_Cue1; SoundWave 직접·전이 참조: /Game/__AoeVFX/_GenericSource/SFX/Sfx_Loop_Eletric.Sfx_Loop_Eletric | /Game/__AoeVFX/_GenericSource/SFX/sfx_AttackUp.sfx_AttackUp; 참조·바인딩 정적 확인이며 실제 재생·청취는 사용자 확인 대기; 시험 수치이며 연출·판정 정합 및 실제 사운드는 사용자 확인 대기; 신규 스킬 주효과 Audio 파라미터: User.AudioOn=True","번개 고리","범위형","DrGameSkillSpecs.json profile=area"
"범위/Spell","보존한 시각 대안","","NiagaraSystem","AOE and Spell Decal VFX ( with SFX )","/Game/__AoeVFX/NS","NS_AOE_Meteoroid_Fluid","원본 Niagara 클래스·팩 경로와 신규 생성 명세","2026-10-03 로컬 설치; 팩 루트: /Game/__AoeVFX; 원본 objectpath: /Game/__AoeVFX/NS/NS_AOE_Meteoroid_Fluid.NS_AOE_Meteoroid_Fluid; Fab: https://www.fab.com/listings/8908c188-5b4d-4131-94dd-701c1c200c52; 보조·표시·시각 대안 원본; 독립 스킬은 미생성; 속성 미배정; Niagara AudioPlayer 바인딩: /Game/__AoeVFX/_GenericSource/SFX/Sfx_Hit_Ground_Hammer_Cue_Rock.Sfx_Hit_Ground_Hammer_Cue_Rock | /Game/__AoeVFX/_GenericSource/SFX/Sfx_Loop_AirFire_Cue.Sfx_Loop_AirFire_Cue | /Game/__AoeVFX/_GenericSource/SFX/sfx_JetPack_Cue1.sfx_JetPack_Cue1; 원본 AudioPlayer 플래그: /Game/__AoeVFX/_GenericSource/SFX/Sfx_Hit_Ground_Hammer_Cue_Rock.Sfx_Hit_Ground_Hammer_Cue_Rock: stopOnDestroy=True, allowLoopingOneShot=False, limitPlaysPerTick=True, maxPlaysPerTick=10 | /Game/__AoeVFX/_GenericSource/SFX/Sfx_Loop_AirFire_Cue.Sfx_Loop_AirFire_Cue: stopOnDestroy=True, allowLoopingOneShot=False, limitPlaysPerTick=True, maxPlaysPerTick=10 | /Game/__AoeVFX/_GenericSource/SFX/sfx_JetPack_Cue1.sfx_JetPack_Cue1: stopOnDestroy=True, allowLoopingOneShot=False, limitPlaysPerTick=True, maxPlaysPerTick=10; 원본 Audio 사용자 파라미터: User.AudioOn=True; SoundCue 참조: /Game/__AoeVFX/_GenericSource/SFX/Sfx_Hit_Ground_Hammer_Cue_Rock.Sfx_Hit_Ground_Hammer_Cue_Rock | /Game/__AoeVFX/_GenericSource/SFX/Sfx_Loop_AirFire_Cue.Sfx_Loop_AirFire_Cue | /Game/__AoeVFX/_GenericSource/SFX/sfx_JetPack_Cue1.sfx_JetPack_Cue1; SoundWave 직접·전이 참조: /Game/__AoeVFX/_GenericSource/SFX/Sfx_Hit_Ground_Hammer.Sfx_Hit_Ground_Hammer | /Game/__AoeVFX/_GenericSource/SFX/Sfx_Loop_AirFire.Sfx_Loop_AirFire | /Game/__AoeVFX/_GenericSource/SFX/sfx_JetPack.sfx_JetPack; 참조·바인딩 정적 확인이며 실제 재생·청취는 사용자 확인 대기; 경량 운석을 우선 채택하고 보존한 Fluid 대안","유체 운석 영역","보조 효과","DrGameSkillSpecs.json 미생성 보조 항목; 경량 운석을 우선 채택하고 보존한 Fluid 대안"
"범위/Spell","광역 공격","불","NiagaraSystem","AOE and Spell Decal VFX ( with SFX )","/Game/__AoeVFX/NS","NS_AOE_Meteoroid_lite","원본 Niagara 클래스·팩 경로와 신규 생성 명세","2026-10-03 로컬 설치; 팩 루트: /Game/__AoeVFX; 원본 objectpath: /Game/__AoeVFX/NS/NS_AOE_Meteoroid_lite.NS_AOE_Meteoroid_lite; Fab: https://www.fab.com/listings/8908c188-5b4d-4131-94dd-701c1c200c52; DataAsset 저장·독립 재로드·구조 검증 통과; 시험 수치·시점·방향 정합은 사용자 확인 대기; Niagara AudioPlayer 바인딩: /Game/__AoeVFX/_GenericSource/SFX/Sfx_Hit_Ground_Hammer_Cue_Rock.Sfx_Hit_Ground_Hammer_Cue_Rock | /Game/__AoeVFX/_GenericSource/SFX/Sfx_Loop_AirFire_Cue.Sfx_Loop_AirFire_Cue | /Game/__AoeVFX/_GenericSource/SFX/sfx_JetPack_Cue1.sfx_JetPack_Cue1; 원본 AudioPlayer 플래그: /Game/__AoeVFX/_GenericSource/SFX/Sfx_Hit_Ground_Hammer_Cue_Rock.Sfx_Hit_Ground_Hammer_Cue_Rock: stopOnDestroy=True, allowLoopingOneShot=False, limitPlaysPerTick=True, maxPlaysPerTick=10 | /Game/__AoeVFX/_GenericSource/SFX/Sfx_Loop_AirFire_Cue.Sfx_Loop_AirFire_Cue: stopOnDestroy=True, allowLoopingOneShot=False, limitPlaysPerTick=True, maxPlaysPerTick=10 | /Game/__AoeVFX/_GenericSource/SFX/sfx_JetPack_Cue1.sfx_JetPack_Cue1: stopOnDestroy=True, allowLoopingOneShot=False, limitPlaysPerTick=True, maxPlaysPerTick=10; 원본 Audio 사용자 파라미터: User.AudioOn=True; SoundCue 참조: /Game/__AoeVFX/_GenericSource/SFX/Sfx_Hit_Ground_Hammer_Cue_Rock.Sfx_Hit_Ground_Hammer_Cue_Rock | /Game/__AoeVFX/_GenericSource/SFX/Sfx_Loop_AirFire_Cue.Sfx_Loop_AirFire_Cue | /Game/__AoeVFX/_GenericSource/SFX/sfx_JetPack_Cue1.sfx_JetPack_Cue1; SoundWave 직접·전이 참조: /Game/__AoeVFX/_GenericSource/SFX/Sfx_Hit_Ground_Hammer.Sfx_Hit_Ground_Hammer | /Game/__AoeVFX/_GenericSource/SFX/Sfx_Loop_AirFire.Sfx_Loop_AirFire | /Game/__AoeVFX/_GenericSource/SFX/sfx_JetPack.sfx_JetPack; 참조·바인딩 정적 확인이며 실제 재생·청취는 사용자 확인 대기; 시험 수치이며 연출·판정 정합 및 실제 사운드는 사용자 확인 대기; 신규 스킬 주효과 Audio 파라미터: User.AudioOn=True","낙하 운석","범위형","DrGameSkillSpecs.json profile=area"
"범위/Spell","광역 공격","카오스","NiagaraSystem","AOE and Spell Decal VFX ( with SFX )","/Game/__AoeVFX/NS","NS_AOE_PoisonCarousel","원본 Niagara 클래스·팩 경로와 신규 생성 명세","2026-10-03 로컬 설치; 팩 루트: /Game/__AoeVFX; 원본 objectpath: /Game/__AoeVFX/NS/NS_AOE_PoisonCarousel.NS_AOE_PoisonCarousel; Fab: https://www.fab.com/listings/8908c188-5b4d-4131-94dd-701c1c200c52; DataAsset 저장·독립 재로드·구조 검증 통과; 시험 수치·시점·방향 정합은 사용자 확인 대기; Niagara AudioPlayer 바인딩: /Game/__AoeVFX/_GenericSource/SFX/Sfx_Hit_Poison_Cue.Sfx_Hit_Poison_Cue; 원본 AudioPlayer 플래그: /Game/__AoeVFX/_GenericSource/SFX/Sfx_Hit_Poison_Cue.Sfx_Hit_Poison_Cue: stopOnDestroy=True, allowLoopingOneShot=False, limitPlaysPerTick=True, maxPlaysPerTick=10; 원본 Audio 사용자 파라미터: User.AudioOn=True; SoundCue 참조: /Game/__AoeVFX/_GenericSource/SFX/Sfx_Hit_Poison_Cue.Sfx_Hit_Poison_Cue; SoundWave 직접·전이 참조: /Game/__AoeVFX/_GenericSource/SFX/Sfx_Hit_Poison.Sfx_Hit_Poison; 참조·바인딩 정적 확인이며 실제 재생·청취는 사용자 확인 대기; 시험 수치이며 연출·판정 정합 및 실제 사운드는 사용자 확인 대기; 프로젝트 Niagara 내부 User.AudioOn=False; 외부 Sound: 동일한 원본 /Game/__AoeVFX/_GenericSource/SFX/Sfx_Hit_Poison_Cue 직접 참조; Volume1/Pitch1/시작0초/상한5초; 원본 큐 볼륨0.75·Wave 길이2.1430838108062744초·반복없음 유지; 2026-10-04 실제 4조건 단일 재생·자연 종료·PCM 비무음 및 클리핑 0 확인; 개별 청감 확인 대기","독의 회전목마","범위형","DrGameSkillSpecs.json profile=area"
"범위/Spell","아군 회복","물리","NiagaraSystem","AOE and Spell Decal VFX ( with SFX )","/Game/__AoeVFX/NS","NS_AOE_TimeSpell","원본 Niagara 클래스·팩 경로와 신규 생성 명세","2026-10-03 로컬 설치; 팩 루트: /Game/__AoeVFX; 원본 objectpath: /Game/__AoeVFX/NS/NS_AOE_TimeSpell.NS_AOE_TimeSpell; Fab: https://www.fab.com/listings/8908c188-5b4d-4131-94dd-701c1c200c52; DataAsset 저장·독립 재로드·구조 검증 통과; 시험 수치·시점·방향 정합은 사용자 확인 대기; Niagara AudioPlayer 바인딩: /Game/__AoeVFX/_GenericSource/SFX/sfx_SpiritUp_Cue.sfx_SpiritUp_Cue; 원본 AudioPlayer 플래그: /Game/__AoeVFX/_GenericSource/SFX/sfx_SpiritUp_Cue.sfx_SpiritUp_Cue: stopOnDestroy=True, allowLoopingOneShot=False, limitPlaysPerTick=True, maxPlaysPerTick=10; 원본 Audio 사용자 파라미터: User.AudioOn=True; SoundCue 참조: /Game/__AoeVFX/_GenericSource/SFX/sfx_SpiritUp_Cue.sfx_SpiritUp_Cue; SoundWave 직접·전이 참조: /Game/__AoeVFX/_GenericSource/SFX/sfx_SpiritUp.sfx_SpiritUp; 참조·바인딩 정적 확인이며 실제 재생·청취는 사용자 확인 대기; 시험 수치이며 연출·판정 정합 및 실제 사운드는 사용자 확인 대기; 원본 표현을 회복·보호막에 재사용하며 실제 레벨 상승·부활·소환·순간이동·시간 제어는 수행하지 않음; 신규 스킬 주효과 Audio 파라미터: User.AudioOn=True","시간의 회복진","지원형","DrGameSkillSpecs.json profile=heal"
"범위/Spell","범위 표시","","NiagaraSystem","AOE and Spell Decal VFX ( with SFX )","/Game/__AoeVFX/NS","NS_RangeDecal_Chip","원본 Niagara 클래스·팩 경로와 신규 생성 명세","2026-10-03 로컬 설치; 팩 루트: /Game/__AoeVFX; 원본 objectpath: /Game/__AoeVFX/NS/NS_RangeDecal_Chip.NS_RangeDecal_Chip; Fab: https://www.fab.com/listings/8908c188-5b4d-4131-94dd-701c1c200c52; 보조·표시·시각 대안 원본; 독립 스킬은 미생성; 속성 미배정; Niagara AudioPlayer 바인딩: 없음; SoundCue 참조: 없음; SoundWave 직접·전이 참조: 없음; 참조·바인딩 정적 확인이며 실제 재생·청취는 사용자 확인 대기; 범위 표시 보조 효과","칩 범위 표시","보조 효과","DrGameSkillSpecs.json 미생성 보조 항목; 범위 표시 보조 효과"
"범위/Spell","범위 표시","","NiagaraSystem","AOE and Spell Decal VFX ( with SFX )","/Game/__AoeVFX/NS","NS_RangeDecal_Clock","원본 Niagara 클래스·팩 경로와 신규 생성 명세","2026-10-03 로컬 설치; 팩 루트: /Game/__AoeVFX; 원본 objectpath: /Game/__AoeVFX/NS/NS_RangeDecal_Clock.NS_RangeDecal_Clock; Fab: https://www.fab.com/listings/8908c188-5b4d-4131-94dd-701c1c200c52; 보조·표시·시각 대안 원본; 독립 스킬은 미생성; 속성 미배정; Niagara AudioPlayer 바인딩: 없음; SoundCue 참조: 없음; SoundWave 직접·전이 참조: 없음; 참조·바인딩 정적 확인이며 실제 재생·청취는 사용자 확인 대기; 범위 표시 보조 효과","시계 범위 표시","보조 효과","DrGameSkillSpecs.json 미생성 보조 항목; 범위 표시 보조 효과"
"범위/Spell","범위 표시","","NiagaraSystem","AOE and Spell Decal VFX ( with SFX )","/Game/__AoeVFX/NS","NS_RangeDecal_Cult","원본 Niagara 클래스·팩 경로와 신규 생성 명세","2026-10-03 로컬 설치; 팩 루트: /Game/__AoeVFX; 원본 objectpath: /Game/__AoeVFX/NS/NS_RangeDecal_Cult.NS_RangeDecal_Cult; Fab: https://www.fab.com/listings/8908c188-5b4d-4131-94dd-701c1c200c52; 보조·표시·시각 대안 원본; 독립 스킬은 미생성; 속성 미배정; Niagara AudioPlayer 바인딩: 없음; SoundCue 참조: 없음; SoundWave 직접·전이 참조: 없음; 참조·바인딩 정적 확인이며 실제 재생·청취는 사용자 확인 대기; 범위 표시 보조 효과","의식 범위 표시","보조 효과","DrGameSkillSpecs.json 미생성 보조 항목; 범위 표시 보조 효과"
"범위/Spell","범위 표시","","NiagaraSystem","AOE and Spell Decal VFX ( with SFX )","/Game/__AoeVFX/NS","NS_RangeDecal_Earth","원본 Niagara 클래스·팩 경로와 신규 생성 명세","2026-10-03 로컬 설치; 팩 루트: /Game/__AoeVFX; 원본 objectpath: /Game/__AoeVFX/NS/NS_RangeDecal_Earth.NS_RangeDecal_Earth; Fab: https://www.fab.com/listings/8908c188-5b4d-4131-94dd-701c1c200c52; 보조·표시·시각 대안 원본; 독립 스킬은 미생성; 속성 미배정; Niagara AudioPlayer 바인딩: 없음; SoundCue 참조: 없음; SoundWave 직접·전이 참조: 없음; 참조·바인딩 정적 확인이며 실제 재생·청취는 사용자 확인 대기; 범위 표시 보조 효과","대지 범위 표시","보조 효과","DrGameSkillSpecs.json 미생성 보조 항목; 범위 표시 보조 효과"
"범위/Spell","범위 표시","","NiagaraSystem","AOE and Spell Decal VFX ( with SFX )","/Game/__AoeVFX/NS","NS_RangeDecal_FlameHeat","원본 Niagara 클래스·팩 경로와 신규 생성 명세","2026-10-03 로컬 설치; 팩 루트: /Game/__AoeVFX; 원본 objectpath: /Game/__AoeVFX/NS/NS_RangeDecal_FlameHeat.NS_RangeDecal_FlameHeat; Fab: https://www.fab.com/listings/8908c188-5b4d-4131-94dd-701c1c200c52; 보조·표시·시각 대안 원본; 독립 스킬은 미생성; 속성 미배정; Niagara AudioPlayer 바인딩: 없음; SoundCue 참조: 없음; SoundWave 직접·전이 참조: 없음; 참조·바인딩 정적 확인이며 실제 재생·청취는 사용자 확인 대기; 범위 표시 보조 효과","화염 범위 표시","보조 효과","DrGameSkillSpecs.json 미생성 보조 항목; 범위 표시 보조 효과"
"범위/Spell","범위 표시","","NiagaraSystem","AOE and Spell Decal VFX ( with SFX )","/Game/__AoeVFX/NS","NS_RangeDecal_Frozen","원본 Niagara 클래스·팩 경로와 신규 생성 명세","2026-10-03 로컬 설치; 팩 루트: /Game/__AoeVFX; 원본 objectpath: /Game/__AoeVFX/NS/NS_RangeDecal_Frozen.NS_RangeDecal_Frozen; Fab: https://www.fab.com/listings/8908c188-5b4d-4131-94dd-701c1c200c52; 보조·표시·시각 대안 원본; 독립 스킬은 미생성; 속성 미배정; Niagara AudioPlayer 바인딩: 없음; SoundCue 참조: 없음; SoundWave 직접·전이 참조: 없음; 참조·바인딩 정적 확인이며 실제 재생·청취는 사용자 확인 대기; 범위 표시 보조 효과","빙결 범위 표시","보조 효과","DrGameSkillSpecs.json 미생성 보조 항목; 범위 표시 보조 효과"
"범위/Spell","범위 표시","","NiagaraSystem","AOE and Spell Decal VFX ( with SFX )","/Game/__AoeVFX/NS","NS_RangeDecal_Magic","원본 Niagara 클래스·팩 경로와 신규 생성 명세","2026-10-03 로컬 설치; 팩 루트: /Game/__AoeVFX; 원본 objectpath: /Game/__AoeVFX/NS/NS_RangeDecal_Magic.NS_RangeDecal_Magic; Fab: https://www.fab.com/listings/8908c188-5b4d-4131-94dd-701c1c200c52; 보조·표시·시각 대안 원본; 독립 스킬은 미생성; 속성 미배정; Niagara AudioPlayer 바인딩: 없음; SoundCue 참조: 없음; SoundWave 직접·전이 참조: 없음; 참조·바인딩 정적 확인이며 실제 재생·청취는 사용자 확인 대기; 범위 표시 보조 효과","마법 범위 표시","보조 효과","DrGameSkillSpecs.json 미생성 보조 항목; 범위 표시 보조 효과"
"범위/Spell","범위 표시","","NiagaraSystem","AOE and Spell Decal VFX ( with SFX )","/Game/__AoeVFX/NS","NS_RangeDecal_Simple","원본 Niagara 클래스·팩 경로와 신규 생성 명세","2026-10-03 로컬 설치; 팩 루트: /Game/__AoeVFX; 원본 objectpath: /Game/__AoeVFX/NS/NS_RangeDecal_Simple.NS_RangeDecal_Simple; Fab: https://www.fab.com/listings/8908c188-5b4d-4131-94dd-701c1c200c52; 보조·표시·시각 대안 원본; 독립 스킬은 미생성; 속성 미배정; Niagara AudioPlayer 바인딩: 없음; SoundCue 참조: 없음; SoundWave 직접·전이 참조: 없음; 참조·바인딩 정적 확인이며 실제 재생·청취는 사용자 확인 대기; 범위 표시 보조 효과","기본 범위 표시","보조 효과","DrGameSkillSpecs.json 미생성 보조 항목; 범위 표시 보조 효과"
"범위/Spell","범위 표시","","NiagaraSystem","AOE and Spell Decal VFX ( with SFX )","/Game/__AoeVFX/NS","NS_RangeDecal_SunBurn","원본 Niagara 클래스·팩 경로와 신규 생성 명세","2026-10-03 로컬 설치; 팩 루트: /Game/__AoeVFX; 원본 objectpath: /Game/__AoeVFX/NS/NS_RangeDecal_SunBurn.NS_RangeDecal_SunBurn; Fab: https://www.fab.com/listings/8908c188-5b4d-4131-94dd-701c1c200c52; 보조·표시·시각 대안 원본; 독립 스킬은 미생성; 속성 미배정; Niagara AudioPlayer 바인딩: 없음; SoundCue 참조: 없음; SoundWave 직접·전이 참조: 없음; 참조·바인딩 정적 확인이며 실제 재생·청취는 사용자 확인 대기; 범위 표시 보조 효과","태양 범위 표시","보조 효과","DrGameSkillSpecs.json 미생성 보조 항목; 범위 표시 보조 효과"
"범위/Spell","범위 표시","","NiagaraSystem","AOE and Spell Decal VFX ( with SFX )","/Game/__AoeVFX/NS","NS_RangeDecal_Thunder","원본 Niagara 클래스·팩 경로와 신규 생성 명세","2026-10-03 로컬 설치; 팩 루트: /Game/__AoeVFX; 원본 objectpath: /Game/__AoeVFX/NS/NS_RangeDecal_Thunder.NS_RangeDecal_Thunder; Fab: https://www.fab.com/listings/8908c188-5b4d-4131-94dd-701c1c200c52; 보조·표시·시각 대안 원본; 독립 스킬은 미생성; 속성 미배정; Niagara AudioPlayer 바인딩: 없음; SoundCue 참조: 없음; SoundWave 직접·전이 참조: 없음; 참조·바인딩 정적 확인이며 실제 재생·청취는 사용자 확인 대기; 범위 표시 보조 효과","번개 범위 표시","보조 효과","DrGameSkillSpecs.json 미생성 보조 항목; 범위 표시 보조 효과"
"범위/Spell","범위 표시","","NiagaraSystem","AOE and Spell Decal VFX ( with SFX )","/Game/__AoeVFX/NS","NS_RangeDecal_Water","원본 Niagara 클래스·팩 경로와 신규 생성 명세","2026-10-03 로컬 설치; 팩 루트: /Game/__AoeVFX; 원본 objectpath: /Game/__AoeVFX/NS/NS_RangeDecal_Water.NS_RangeDecal_Water; Fab: https://www.fab.com/listings/8908c188-5b4d-4131-94dd-701c1c200c52; 보조·표시·시각 대안 원본; 독립 스킬은 미생성; 속성 미배정; Niagara AudioPlayer 바인딩: 없음; SoundCue 참조: 없음; SoundWave 직접·전이 참조: 없음; 참조·바인딩 정적 확인이며 실제 재생·청취는 사용자 확인 대기; 범위 표시 보조 효과","물 범위 표시","보조 효과","DrGameSkillSpecs.json 미생성 보조 항목; 범위 표시 보조 효과"
"범위/Spell","범위 표시","","NiagaraSystem","AOE and Spell Decal VFX ( with SFX )","/Game/__AoeVFX/NS","NS_RangeDecal_Wind","원본 Niagara 클래스·팩 경로와 신규 생성 명세","2026-10-03 로컬 설치; 팩 루트: /Game/__AoeVFX; 원본 objectpath: /Game/__AoeVFX/NS/NS_RangeDecal_Wind.NS_RangeDecal_Wind; Fab: https://www.fab.com/listings/8908c188-5b4d-4131-94dd-701c1c200c52; 보조·표시·시각 대안 원본; 독립 스킬은 미생성; 속성 미배정; Niagara AudioPlayer 바인딩: 없음; SoundCue 참조: 없음; SoundWave 직접·전이 참조: 없음; 참조·바인딩 정적 확인이며 실제 재생·청취는 사용자 확인 대기; 범위 표시 보조 효과","바람 범위 표시","보조 효과","DrGameSkillSpecs.json 미생성 보조 항목; 범위 표시 보조 효과"
"범위/Ground","직선 지면 공격","물리","NiagaraSystem","Ground Attack VFX ( with SFX )","/Game/__GroundAttackVFX/NS","NS_AberrateObelisk","원본 Niagara 클래스·팩 경로와 신규 생성 명세","2026-10-03 로컬 설치; 팩 루트: /Game/__GroundAttackVFX; 원본 objectpath: /Game/__GroundAttackVFX/NS/NS_AberrateObelisk.NS_AberrateObelisk; Fab: https://www.fab.com/listings/c6b26012-37e3-4807-b55d-b410c99c808d; DataAsset 저장·독립 재로드·구조 검증 통과; 시험 수치·시점·방향 정합은 사용자 확인 대기; Niagara AudioPlayer 바인딩: /Game/__GroundAttackVFX/_GenericSource/SFX/Sfx_Ice_ball_Cue.Sfx_Ice_ball_Cue | /Game/__GroundAttackVFX/_GenericSource/SFX/sfx_Hit_hammer_Cue_LavaRock.sfx_Hit_hammer_Cue_LavaRock; 원본 AudioPlayer 플래그: /Game/__GroundAttackVFX/_GenericSource/SFX/Sfx_Ice_ball_Cue.Sfx_Ice_ball_Cue: stopOnDestroy=True, allowLoopingOneShot=False, limitPlaysPerTick=True, maxPlaysPerTick=10 | /Game/__GroundAttackVFX/_GenericSource/SFX/sfx_Hit_hammer_Cue_LavaRock.sfx_Hit_hammer_Cue_LavaRock: stopOnDestroy=True, allowLoopingOneShot=False, limitPlaysPerTick=True, maxPlaysPerTick=10; 원본 Audio 사용자 파라미터: User.AudioOn=True; SoundCue 참조: /Game/__GroundAttackVFX/_GenericSource/SFX/Sfx_Ice_ball_Cue.Sfx_Ice_ball_Cue | /Game/__GroundAttackVFX/_GenericSource/SFX/sfx_Hit_hammer_Cue_LavaRock.sfx_Hit_hammer_Cue_LavaRock; SoundWave 직접·전이 참조: /Game/__GroundAttackVFX/_GenericSource/SFX/Sfx_Ice_ball.Sfx_Ice_ball | /Game/__GroundAttackVFX/_GenericSource/SFX/sfx_Hit_hammer.sfx_Hit_hammer; 참조·바인딩 정적 확인이며 실제 재생·청취는 사용자 확인 대기; 시험 수치이며 연출·판정 정합 및 실제 사운드는 사용자 확인 대기; 신규 스킬 주효과 Audio 파라미터: User.AudioOn=True","수정 첨탑","범위형","DrGameSkillSpecs.json profile=line"
"범위/Ground","직선 지면 공격","카오스","NiagaraSystem","Ground Attack VFX ( with SFX )","/Game/__GroundAttackVFX/NS","NS_BrambleTusk","원본 Niagara 클래스·팩 경로와 신규 생성 명세","2026-10-03 로컬 설치; 팩 루트: /Game/__GroundAttackVFX; 원본 objectpath: /Game/__GroundAttackVFX/NS/NS_BrambleTusk.NS_BrambleTusk; Fab: https://www.fab.com/listings/c6b26012-37e3-4807-b55d-b410c99c808d; DataAsset 저장·독립 재로드·구조 검증 통과; 시험 수치·시점·방향 정합은 사용자 확인 대기; Niagara AudioPlayer 바인딩: /Game/__GroundAttackVFX/_GenericSource/SFX/Sfx_devilwake_1.Sfx_devilwake_1 | /Game/__GroundAttackVFX/_GenericSource/SFX/sfx_Hit_hammer_Cue_LavaRock.sfx_Hit_hammer_Cue_LavaRock; 원본 AudioPlayer 플래그: /Game/__GroundAttackVFX/_GenericSource/SFX/Sfx_devilwake_1.Sfx_devilwake_1: stopOnDestroy=True, allowLoopingOneShot=False, limitPlaysPerTick=True, maxPlaysPerTick=10 | /Game/__GroundAttackVFX/_GenericSource/SFX/sfx_Hit_hammer_Cue_LavaRock.sfx_Hit_hammer_Cue_LavaRock: stopOnDestroy=True, allowLoopingOneShot=False, limitPlaysPerTick=True, maxPlaysPerTick=10; 원본 Audio 사용자 파라미터: User.AudioOn=True; SoundCue 참조: /Game/__GroundAttackVFX/_GenericSource/SFX/sfx_Hit_hammer_Cue_LavaRock.sfx_Hit_hammer_Cue_LavaRock; SoundWave 직접·전이 참조: /Game/__GroundAttackVFX/_GenericSource/SFX/Sfx_devilwake_1.Sfx_devilwake_1 | /Game/__GroundAttackVFX/_GenericSource/SFX/sfx_Hit_hammer.sfx_Hit_hammer; 참조·바인딩 정적 확인이며 실제 재생·청취는 사용자 확인 대기; 시험 수치이며 연출·판정 정합 및 실제 사운드는 사용자 확인 대기; 신규 스킬 주효과 Audio 파라미터: User.AudioOn=True; 런타임 필수 방향 파생본: /Game/User_JeHoon/__GroundAttackVFX/NS/NS_BrambleTusk; GPU_Fang/AddVelocity.RotationCoordinateSpace=Local 설정으로 원본 world +X 속도·facing 문제 보정; 원본 팩 보존; 실제 화면 확인 대기","가시 엄니","범위형","DrGameSkillSpecs.json profile=line"
"범위/Ground","보존한 시각 대안","","NiagaraSystem","Ground Attack VFX ( with SFX )","/Game/__GroundAttackVFX/NS","NS_BrambleTusk_5_4","원본 Niagara 클래스·팩 경로와 신규 생성 명세","2026-10-03 로컬 설치; 팩 루트: /Game/__GroundAttackVFX; 원본 objectpath: /Game/__GroundAttackVFX/NS/NS_BrambleTusk_5_4.NS_BrambleTusk_5_4; Fab: https://www.fab.com/listings/c6b26012-37e3-4807-b55d-b410c99c808d; 보조·표시·시각 대안 원본; 독립 스킬은 미생성; 속성 미배정; Niagara AudioPlayer 바인딩: /Game/__GroundAttackVFX/_GenericSource/SFX/Sfx_devilwake_1.Sfx_devilwake_1 | /Game/__GroundAttackVFX/_GenericSource/SFX/sfx_Hit_hammer_Cue_LavaRock.sfx_Hit_hammer_Cue_LavaRock; 원본 AudioPlayer 플래그: /Game/__GroundAttackVFX/_GenericSource/SFX/Sfx_devilwake_1.Sfx_devilwake_1: stopOnDestroy=True, allowLoopingOneShot=False, limitPlaysPerTick=True, maxPlaysPerTick=10 | /Game/__GroundAttackVFX/_GenericSource/SFX/sfx_Hit_hammer_Cue_LavaRock.sfx_Hit_hammer_Cue_LavaRock: stopOnDestroy=True, allowLoopingOneShot=False, limitPlaysPerTick=True, maxPlaysPerTick=10; 원본 Audio 사용자 파라미터: User.AudioOn=True; SoundCue 참조: /Game/__GroundAttackVFX/_GenericSource/SFX/sfx_Hit_hammer_Cue_LavaRock.sfx_Hit_hammer_Cue_LavaRock; SoundWave 직접·전이 참조: /Game/__GroundAttackVFX/_GenericSource/SFX/Sfx_devilwake_1.Sfx_devilwake_1 | /Game/__GroundAttackVFX/_GenericSource/SFX/sfx_Hit_hammer.sfx_Hit_hammer; 참조·바인딩 정적 확인이며 실제 재생·청취는 사용자 확인 대기; 원본 버전 대안 보존","가시 엄니 5.4 변형","보조 효과","DrGameSkillSpecs.json 미생성 보조 항목; 원본 버전 대안 보존"
"범위/Ground","직선 지면 공격","불","NiagaraSystem","Ground Attack VFX ( with SFX )","/Game/__GroundAttackVFX/NS","NS_DashMagma","원본 Niagara 클래스·팩 경로와 신규 생성 명세","2026-10-03 로컬 설치; 팩 루트: /Game/__GroundAttackVFX; 원본 objectpath: /Game/__GroundAttackVFX/NS/NS_DashMagma.NS_DashMagma; Fab: https://www.fab.com/listings/c6b26012-37e3-4807-b55d-b410c99c808d; DataAsset 저장·독립 재로드·구조 검증 통과; 시험 수치·시점·방향 정합은 사용자 확인 대기; Niagara AudioPlayer 바인딩: /Game/__GroundAttackVFX/_GenericSource/SFX/sfx_Hit_hammer_Cue_LavaRock.sfx_Hit_hammer_Cue_LavaRock; 원본 AudioPlayer 플래그: /Game/__GroundAttackVFX/_GenericSource/SFX/sfx_Hit_hammer_Cue_LavaRock.sfx_Hit_hammer_Cue_LavaRock: stopOnDestroy=True, allowLoopingOneShot=False, limitPlaysPerTick=True, maxPlaysPerTick=10; 원본 Audio 사용자 파라미터: User.AudioOn=True; SoundCue 참조: /Game/__GroundAttackVFX/_GenericSource/SFX/sfx_Hit_hammer_Cue_LavaRock.sfx_Hit_hammer_Cue_LavaRock; SoundWave 직접·전이 참조: /Game/__GroundAttackVFX/_GenericSource/SFX/sfx_Hit_hammer.sfx_Hit_hammer; 참조·바인딩 정적 확인이며 실제 재생·청취는 사용자 확인 대기; 시험 수치이며 연출·판정 정합 및 실제 사운드는 사용자 확인 대기; 신규 스킬 주효과 Audio 파라미터: User.AudioOn=True","용암 쇄도","범위형","DrGameSkillSpecs.json profile=line"
"범위/Ground","직선 지면 공격","물리","NiagaraSystem","Ground Attack VFX ( with SFX )","/Game/__GroundAttackVFX/NS","NS_FeudFang","원본 Niagara 클래스·팩 경로와 신규 생성 명세","2026-10-03 로컬 설치; 팩 루트: /Game/__GroundAttackVFX; 원본 objectpath: /Game/__GroundAttackVFX/NS/NS_FeudFang.NS_FeudFang; Fab: https://www.fab.com/listings/c6b26012-37e3-4807-b55d-b410c99c808d; DataAsset 저장·독립 재로드·구조 검증 통과; 시험 수치·시점·방향 정합은 사용자 확인 대기; Niagara AudioPlayer 바인딩: /Game/__GroundAttackVFX/_GenericSource/SFX/sfx_Hit_hammer.sfx_Hit_hammer; 원본 AudioPlayer 플래그: /Game/__GroundAttackVFX/_GenericSource/SFX/sfx_Hit_hammer.sfx_Hit_hammer: stopOnDestroy=True, allowLoopingOneShot=False, limitPlaysPerTick=True, maxPlaysPerTick=10; 원본 Audio 사용자 파라미터: User.AudioOn=True; SoundCue 참조: 없음; SoundWave 직접·전이 참조: /Game/__GroundAttackVFX/_GenericSource/SFX/sfx_Hit_hammer.sfx_Hit_hammer; 참조·바인딩 정적 확인이며 실제 재생·청취는 사용자 확인 대기; 시험 수치이며 연출·판정 정합 및 실제 사운드는 사용자 확인 대기; 신규 스킬 주효과 Audio 파라미터: User.AudioOn=True","핏빛 엄니","범위형","DrGameSkillSpecs.json profile=line"
"범위/Ground","광역 공격","냉기","NiagaraSystem","Ground Attack VFX ( with SFX )","/Game/__GroundAttackVFX/NS","NS_FreezeCrystal_Ice","원본 Niagara 클래스·팩 경로와 신규 생성 명세","2026-10-03 로컬 설치; 팩 루트: /Game/__GroundAttackVFX; 원본 objectpath: /Game/__GroundAttackVFX/NS/NS_FreezeCrystal_Ice.NS_FreezeCrystal_Ice; Fab: https://www.fab.com/listings/c6b26012-37e3-4807-b55d-b410c99c808d; DataAsset 저장·독립 재로드·구조 검증 통과; 시험 수치·시점·방향 정합은 사용자 확인 대기; Niagara AudioPlayer 바인딩: /Game/__GroundAttackVFX/_GenericSource/SFX/Sfx_Ice_born_Cue.Sfx_Ice_born_Cue | /Game/__GroundAttackVFX/_GenericSource/SFX/sfx_Hit_hammer_Cue_LavaRock.sfx_Hit_hammer_Cue_LavaRock; 원본 AudioPlayer 플래그: /Game/__GroundAttackVFX/_GenericSource/SFX/Sfx_Ice_born_Cue.Sfx_Ice_born_Cue: stopOnDestroy=True, allowLoopingOneShot=False, limitPlaysPerTick=True, maxPlaysPerTick=10 | /Game/__GroundAttackVFX/_GenericSource/SFX/sfx_Hit_hammer_Cue_LavaRock.sfx_Hit_hammer_Cue_LavaRock: stopOnDestroy=True, allowLoopingOneShot=False, limitPlaysPerTick=True, maxPlaysPerTick=10; 원본 Audio 사용자 파라미터: User.AudioOn=True; SoundCue 참조: /Game/__GroundAttackVFX/_GenericSource/SFX/Sfx_Ice_born_Cue.Sfx_Ice_born_Cue | /Game/__GroundAttackVFX/_GenericSource/SFX/sfx_Hit_hammer_Cue_LavaRock.sfx_Hit_hammer_Cue_LavaRock; SoundWave 직접·전이 참조: /Game/__GroundAttackVFX/_GenericSource/SFX/Sfx_Ice_born.Sfx_Ice_born | /Game/__GroundAttackVFX/_GenericSource/SFX/sfx_Hit_hammer.sfx_Hit_hammer; 참조·바인딩 정적 확인이며 실제 재생·청취는 사용자 확인 대기; 시험 수치이며 연출·판정 정합 및 실제 사운드는 사용자 확인 대기; 신규 스킬 주효과 Audio 파라미터: User.AudioOn=True","서리 결정","범위형","DrGameSkillSpecs.json profile=area"
"범위/Ground","직선 지면 공격","물리","NiagaraSystem","Ground Attack VFX ( with SFX )","/Game/__GroundAttackVFX/NS","NS_HuntingSharkFin","원본 Niagara 클래스·팩 경로와 신규 생성 명세","2026-10-03 로컬 설치; 팩 루트: /Game/__GroundAttackVFX; 원본 objectpath: /Game/__GroundAttackVFX/NS/NS_HuntingSharkFin.NS_HuntingSharkFin; Fab: https://www.fab.com/listings/c6b26012-37e3-4807-b55d-b410c99c808d; DataAsset 저장·독립 재로드·구조 검증 통과; 시험 수치·시점·방향 정합은 사용자 확인 대기; Niagara AudioPlayer 바인딩: /Game/__GroundAttackVFX/_GenericSource/SFX/Sfx_devilwake_1.Sfx_devilwake_1; 원본 AudioPlayer 플래그: /Game/__GroundAttackVFX/_GenericSource/SFX/Sfx_devilwake_1.Sfx_devilwake_1: stopOnDestroy=True, allowLoopingOneShot=False, limitPlaysPerTick=True, maxPlaysPerTick=10; 원본 Audio 사용자 파라미터: User.AudioOn=True; SoundCue 참조: 없음; SoundWave 직접·전이 참조: /Game/__GroundAttackVFX/_GenericSource/SFX/Sfx_devilwake_1.Sfx_devilwake_1; 참조·바인딩 정적 확인이며 실제 재생·청취는 사용자 확인 대기; 시험 수치이며 연출·판정 정합 및 실제 사운드는 사용자 확인 대기; 신규 스킬 주효과 Audio 파라미터: User.AudioOn=True","심해 지느러미","범위형","DrGameSkillSpecs.json profile=line"
"범위/Ground","광역 공격","냉기","NiagaraSystem","Ground Attack VFX ( with SFX )","/Game/__GroundAttackVFX/NS","NS_IceSpell","원본 Niagara 클래스·팩 경로와 신규 생성 명세","2026-10-03 로컬 설치; 팩 루트: /Game/__GroundAttackVFX; 원본 objectpath: /Game/__GroundAttackVFX/NS/NS_IceSpell.NS_IceSpell; Fab: https://www.fab.com/listings/c6b26012-37e3-4807-b55d-b410c99c808d; DataAsset 저장·독립 재로드·구조 검증 통과; 시험 수치·시점·방향 정합은 사용자 확인 대기; Niagara AudioPlayer 바인딩: /Game/__GroundAttackVFX/_GenericSource/SFX/Sfx_Ice_ball_Cue2.Sfx_Ice_ball_Cue2 | /Game/__GroundAttackVFX/_GenericSource/SFX/Sfx_Ice_born_Cue.Sfx_Ice_born_Cue | /Game/__GroundAttackVFX/_GenericSource/SFX/sfx_Hit_hammer_Cue_LavaRock.sfx_Hit_hammer_Cue_LavaRock; 원본 AudioPlayer 플래그: /Game/__GroundAttackVFX/_GenericSource/SFX/Sfx_Ice_ball_Cue2.Sfx_Ice_ball_Cue2: stopOnDestroy=True, allowLoopingOneShot=False, limitPlaysPerTick=True, maxPlaysPerTick=10 | /Game/__GroundAttackVFX/_GenericSource/SFX/Sfx_Ice_born_Cue.Sfx_Ice_born_Cue: stopOnDestroy=True, allowLoopingOneShot=False, limitPlaysPerTick=True, maxPlaysPerTick=10 | /Game/__GroundAttackVFX/_GenericSource/SFX/sfx_Hit_hammer_Cue_LavaRock.sfx_Hit_hammer_Cue_LavaRock: stopOnDestroy=True, allowLoopingOneShot=False, limitPlaysPerTick=True, maxPlaysPerTick=10; 원본 Audio 사용자 파라미터: User.Audio2On=False | User.AudioOn=True; SoundCue 참조: /Game/__GroundAttackVFX/_GenericSource/SFX/Sfx_Ice_ball_Cue2.Sfx_Ice_ball_Cue2 | /Game/__GroundAttackVFX/_GenericSource/SFX/Sfx_Ice_born_Cue.Sfx_Ice_born_Cue | /Game/__GroundAttackVFX/_GenericSource/SFX/sfx_Hit_hammer_Cue_LavaRock.sfx_Hit_hammer_Cue_LavaRock; SoundWave 직접·전이 참조: /Game/__GroundAttackVFX/_GenericSource/SFX/Sfx_Ice_ball.Sfx_Ice_ball | /Game/__GroundAttackVFX/_GenericSource/SFX/Sfx_Ice_born.Sfx_Ice_born | /Game/__GroundAttackVFX/_GenericSource/SFX/sfx_Hit_hammer.sfx_Hit_hammer; 참조·바인딩 정적 확인이며 실제 재생·청취는 사용자 확인 대기; 시험 수치이며 연출·판정 정합 및 실제 사운드는 사용자 확인 대기; 신규 스킬 주효과 Audio 파라미터: User.Audio2On=True | User.AudioOn=True","얼음 문양","범위형","DrGameSkillSpecs.json profile=area"
"범위/Ground","직선 지면 공격","냉기","NiagaraSystem","Ground Attack VFX ( with SFX )","/Game/__GroundAttackVFX/NS","NS_IceSpike","원본 Niagara 클래스·팩 경로와 신규 생성 명세","2026-10-03 로컬 설치; 팩 루트: /Game/__GroundAttackVFX; 원본 objectpath: /Game/__GroundAttackVFX/NS/NS_IceSpike.NS_IceSpike; Fab: https://www.fab.com/listings/c6b26012-37e3-4807-b55d-b410c99c808d; DataAsset 저장·독립 재로드·구조 검증 통과; 시험 수치·시점·방향 정합은 사용자 확인 대기; Niagara AudioPlayer 바인딩: /Game/__GroundAttackVFX/_GenericSource/SFX/Sfx_Ice_ball_Cue.Sfx_Ice_ball_Cue | /Game/__GroundAttackVFX/_GenericSource/SFX/Sfx_Ice_ball_Cue1.Sfx_Ice_ball_Cue1 | /Game/__GroundAttackVFX/_GenericSource/SFX/sfx_Hit_hammer_Cue_LavaRock.sfx_Hit_hammer_Cue_LavaRock; 원본 AudioPlayer 플래그: /Game/__GroundAttackVFX/_GenericSource/SFX/Sfx_Ice_ball_Cue.Sfx_Ice_ball_Cue: stopOnDestroy=True, allowLoopingOneShot=False, limitPlaysPerTick=True, maxPlaysPerTick=10 | /Game/__GroundAttackVFX/_GenericSource/SFX/Sfx_Ice_ball_Cue1.Sfx_Ice_ball_Cue1: stopOnDestroy=True, allowLoopingOneShot=False, limitPlaysPerTick=True, maxPlaysPerTick=10 | /Game/__GroundAttackVFX/_GenericSource/SFX/sfx_Hit_hammer_Cue_LavaRock.sfx_Hit_hammer_Cue_LavaRock: stopOnDestroy=True, allowLoopingOneShot=False, limitPlaysPerTick=True, maxPlaysPerTick=10; 원본 Audio 사용자 파라미터: User.Audio2On=False | User.AudioOn=True; SoundCue 참조: /Game/__GroundAttackVFX/_GenericSource/SFX/Sfx_Ice_ball_Cue.Sfx_Ice_ball_Cue | /Game/__GroundAttackVFX/_GenericSource/SFX/Sfx_Ice_ball_Cue1.Sfx_Ice_ball_Cue1 | /Game/__GroundAttackVFX/_GenericSource/SFX/sfx_Hit_hammer_Cue_LavaRock.sfx_Hit_hammer_Cue_LavaRock; SoundWave 직접·전이 참조: /Game/__GroundAttackVFX/_GenericSource/SFX/Sfx_Ice_ball.Sfx_Ice_ball | /Game/__GroundAttackVFX/_GenericSource/SFX/sfx_Hit_hammer.sfx_Hit_hammer; 참조·바인딩 정적 확인이며 실제 재생·청취는 사용자 확인 대기; 시험 수치이며 연출·판정 정합 및 실제 사운드는 사용자 확인 대기; 신규 스킬 주효과 Audio 파라미터: User.Audio2On=True | User.AudioOn=True","얼음 가시","범위형","DrGameSkillSpecs.json profile=line"
"범위/Ground","광역 공격","냉기","NiagaraSystem","Ground Attack VFX ( with SFX )","/Game/__GroundAttackVFX/NS","NS_IceSprout","원본 Niagara 클래스·팩 경로와 신규 생성 명세","2026-10-03 로컬 설치; 팩 루트: /Game/__GroundAttackVFX; 원본 objectpath: /Game/__GroundAttackVFX/NS/NS_IceSprout.NS_IceSprout; Fab: https://www.fab.com/listings/c6b26012-37e3-4807-b55d-b410c99c808d; DataAsset 저장·독립 재로드·구조 검증 통과; 시험 수치·시점·방향 정합은 사용자 확인 대기; Niagara AudioPlayer 바인딩: /Game/__GroundAttackVFX/_GenericSource/SFX/Sfx_Ice_born_Cue.Sfx_Ice_born_Cue | /Game/__GroundAttackVFX/_GenericSource/SFX/sfx_Hit_hammer_Cue_LavaRock.sfx_Hit_hammer_Cue_LavaRock; 원본 AudioPlayer 플래그: /Game/__GroundAttackVFX/_GenericSource/SFX/Sfx_Ice_born_Cue.Sfx_Ice_born_Cue: stopOnDestroy=True, allowLoopingOneShot=False, limitPlaysPerTick=True, maxPlaysPerTick=10 | /Game/__GroundAttackVFX/_GenericSource/SFX/sfx_Hit_hammer_Cue_LavaRock.sfx_Hit_hammer_Cue_LavaRock: stopOnDestroy=True, allowLoopingOneShot=False, limitPlaysPerTick=True, maxPlaysPerTick=10; 원본 Audio 사용자 파라미터: User.AudioOn=True; SoundCue 참조: /Game/__GroundAttackVFX/_GenericSource/SFX/Sfx_Ice_born_Cue.Sfx_Ice_born_Cue | /Game/__GroundAttackVFX/_GenericSource/SFX/sfx_Hit_hammer_Cue_LavaRock.sfx_Hit_hammer_Cue_LavaRock; SoundWave 직접·전이 참조: /Game/__GroundAttackVFX/_GenericSource/SFX/Sfx_Ice_born.Sfx_Ice_born | /Game/__GroundAttackVFX/_GenericSource/SFX/sfx_Hit_hammer.sfx_Hit_hammer; 참조·바인딩 정적 확인이며 실제 재생·청취는 사용자 확인 대기; 시험 수치이며 연출·판정 정합 및 실제 사운드는 사용자 확인 대기; 신규 스킬 주효과 Audio 파라미터: User.AudioOn=True","얼음 싹","범위형","DrGameSkillSpecs.json profile=area"
"범위/Ground","광역 공격","불","NiagaraSystem","Ground Attack VFX ( with SFX )","/Game/__GroundAttackVFX/NS","NS_LavaBurst","원본 Niagara 클래스·팩 경로와 신규 생성 명세","2026-10-03 로컬 설치; 팩 루트: /Game/__GroundAttackVFX; 원본 objectpath: /Game/__GroundAttackVFX/NS/NS_LavaBurst.NS_LavaBurst; Fab: https://www.fab.com/listings/c6b26012-37e3-4807-b55d-b410c99c808d; DataAsset 저장·독립 재로드·구조 검증 통과; 시험 수치·시점·방향 정합은 사용자 확인 대기; Niagara AudioPlayer 바인딩: /Game/__GroundAttackVFX/_GenericSource/SFX/Sfx_Flame_splash_high_Cue.Sfx_Flame_splash_high_Cue | /Game/__GroundAttackVFX/_GenericSource/SFX/Sfx_Ice_born_Cue.Sfx_Ice_born_Cue | /Game/__GroundAttackVFX/_GenericSource/SFX/sfx_Hit_hammer_Cue_LavaRock.sfx_Hit_hammer_Cue_LavaRock; 원본 AudioPlayer 플래그: /Game/__GroundAttackVFX/_GenericSource/SFX/Sfx_Flame_splash_high_Cue.Sfx_Flame_splash_high_Cue: stopOnDestroy=True, allowLoopingOneShot=False, limitPlaysPerTick=True, maxPlaysPerTick=10 | /Game/__GroundAttackVFX/_GenericSource/SFX/Sfx_Ice_born_Cue.Sfx_Ice_born_Cue: stopOnDestroy=True, allowLoopingOneShot=False, limitPlaysPerTick=True, maxPlaysPerTick=10 | /Game/__GroundAttackVFX/_GenericSource/SFX/sfx_Hit_hammer_Cue_LavaRock.sfx_Hit_hammer_Cue_LavaRock: stopOnDestroy=True, allowLoopingOneShot=False, limitPlaysPerTick=True, maxPlaysPerTick=10; 원본 Audio 사용자 파라미터: User.AudioOn=True; SoundCue 참조: /Game/__GroundAttackVFX/_GenericSource/SFX/Sfx_Flame_splash_high_Cue.Sfx_Flame_splash_high_Cue | /Game/__GroundAttackVFX/_GenericSource/SFX/Sfx_Ice_born_Cue.Sfx_Ice_born_Cue | /Game/__GroundAttackVFX/_GenericSource/SFX/sfx_Hit_hammer_Cue_LavaRock.sfx_Hit_hammer_Cue_LavaRock; SoundWave 직접·전이 참조: /Game/__GroundAttackVFX/_GenericSource/SFX/Sfx_Flame_splash_high.Sfx_Flame_splash_high | /Game/__GroundAttackVFX/_GenericSource/SFX/Sfx_Ice_born.Sfx_Ice_born | /Game/__GroundAttackVFX/_GenericSource/SFX/sfx_Hit_hammer.sfx_Hit_hammer; 참조·바인딩 정적 확인이며 실제 재생·청취는 사용자 확인 대기; 시험 수치이며 연출·판정 정합 및 실제 사운드는 사용자 확인 대기; 신규 스킬 주효과 Audio 파라미터: User.AudioOn=True","용암 분출","범위형","DrGameSkillSpecs.json profile=area"
"범위/Ground","직선 지면 공격","물리","NiagaraSystem","Ground Attack VFX ( with SFX )","/Game/__GroundAttackVFX/NS","NS_Lazurite","원본 Niagara 클래스·팩 경로와 신규 생성 명세","2026-10-03 로컬 설치; 팩 루트: /Game/__GroundAttackVFX; 원본 objectpath: /Game/__GroundAttackVFX/NS/NS_Lazurite.NS_Lazurite; Fab: https://www.fab.com/listings/c6b26012-37e3-4807-b55d-b410c99c808d; DataAsset 저장·독립 재로드·구조 검증 통과; 시험 수치·시점·방향 정합은 사용자 확인 대기; Niagara AudioPlayer 바인딩: /Game/__GroundAttackVFX/_GenericSource/SFX/Sfx_Ice_ball_Cue.Sfx_Ice_ball_Cue | /Game/__GroundAttackVFX/_GenericSource/SFX/sfx_Hit_hammer_Cue_LavaRock.sfx_Hit_hammer_Cue_LavaRock; 원본 AudioPlayer 플래그: /Game/__GroundAttackVFX/_GenericSource/SFX/Sfx_Ice_ball_Cue.Sfx_Ice_ball_Cue: stopOnDestroy=True, allowLoopingOneShot=False, limitPlaysPerTick=True, maxPlaysPerTick=10 | /Game/__GroundAttackVFX/_GenericSource/SFX/sfx_Hit_hammer_Cue_LavaRock.sfx_Hit_hammer_Cue_LavaRock: stopOnDestroy=True, allowLoopingOneShot=False, limitPlaysPerTick=True, maxPlaysPerTick=10; 원본 Audio 사용자 파라미터: User.AudioOn=True; SoundCue 참조: /Game/__GroundAttackVFX/_GenericSource/SFX/Sfx_Ice_ball_Cue.Sfx_Ice_ball_Cue | /Game/__GroundAttackVFX/_GenericSource/SFX/sfx_Hit_hammer_Cue_LavaRock.sfx_Hit_hammer_Cue_LavaRock; SoundWave 직접·전이 참조: /Game/__GroundAttackVFX/_GenericSource/SFX/Sfx_Ice_ball.Sfx_Ice_ball | /Game/__GroundAttackVFX/_GenericSource/SFX/sfx_Hit_hammer.sfx_Hit_hammer; 참조·바인딩 정적 확인이며 실제 재생·청취는 사용자 확인 대기; 시험 수치이며 연출·판정 정합 및 실제 사운드는 사용자 확인 대기; 신규 스킬 주효과 Audio 파라미터: User.AudioOn=True","청금석 쇄도","범위형","DrGameSkillSpecs.json profile=line"
"범위/Ground","직선 지면 공격","불","NiagaraSystem","Ground Attack VFX ( with SFX )","/Game/__GroundAttackVFX/NS","NS_Line_Lava","원본 Niagara 클래스·팩 경로와 신규 생성 명세","2026-10-03 로컬 설치; 팩 루트: /Game/__GroundAttackVFX; 원본 objectpath: /Game/__GroundAttackVFX/NS/NS_Line_Lava.NS_Line_Lava; Fab: https://www.fab.com/listings/c6b26012-37e3-4807-b55d-b410c99c808d; DataAsset 저장·독립 재로드·구조 검증 통과; 시험 수치·시점·방향 정합은 사용자 확인 대기; Niagara AudioPlayer 바인딩: /Game/__GroundAttackVFX/_GenericSource/SFX/Sfx_Flame_splash_high_Cue.Sfx_Flame_splash_high_Cue | /Game/__GroundAttackVFX/_GenericSource/SFX/Sfx_Ice_born_Cue.Sfx_Ice_born_Cue | /Game/__GroundAttackVFX/_GenericSource/SFX/sfx_Hit_hammer_Cue_LavaRock.sfx_Hit_hammer_Cue_LavaRock; 원본 AudioPlayer 플래그: /Game/__GroundAttackVFX/_GenericSource/SFX/Sfx_Flame_splash_high_Cue.Sfx_Flame_splash_high_Cue: stopOnDestroy=True, allowLoopingOneShot=False, limitPlaysPerTick=True, maxPlaysPerTick=10 | /Game/__GroundAttackVFX/_GenericSource/SFX/Sfx_Ice_born_Cue.Sfx_Ice_born_Cue: stopOnDestroy=True, allowLoopingOneShot=False, limitPlaysPerTick=True, maxPlaysPerTick=10 | /Game/__GroundAttackVFX/_GenericSource/SFX/sfx_Hit_hammer_Cue_LavaRock.sfx_Hit_hammer_Cue_LavaRock: stopOnDestroy=True, allowLoopingOneShot=False, limitPlaysPerTick=True, maxPlaysPerTick=10; 원본 Audio 사용자 파라미터: User.AudioOn=True; SoundCue 참조: /Game/__GroundAttackVFX/_GenericSource/SFX/Sfx_Flame_splash_high_Cue.Sfx_Flame_splash_high_Cue | /Game/__GroundAttackVFX/_GenericSource/SFX/Sfx_Ice_born_Cue.Sfx_Ice_born_Cue | /Game/__GroundAttackVFX/_GenericSource/SFX/sfx_Hit_hammer_Cue_LavaRock.sfx_Hit_hammer_Cue_LavaRock; SoundWave 직접·전이 참조: /Game/__GroundAttackVFX/_GenericSource/SFX/Sfx_Flame_splash_high.Sfx_Flame_splash_high | /Game/__GroundAttackVFX/_GenericSource/SFX/Sfx_Ice_born.Sfx_Ice_born | /Game/__GroundAttackVFX/_GenericSource/SFX/sfx_Hit_hammer.sfx_Hit_hammer; 참조·바인딩 정적 확인이며 실제 재생·청취는 사용자 확인 대기; 시험 수치이며 연출·판정 정합 및 실제 사운드는 사용자 확인 대기; 신규 스킬 주효과 Audio 파라미터: User.AudioOn=True","용암 파도","범위형","DrGameSkillSpecs.json profile=line"
"범위/Ground","광역 공격","카오스","NiagaraSystem","Ground Attack VFX ( with SFX )","/Game/__GroundAttackVFX/NS","NS_PoisonCannibalPlant","원본 Niagara 클래스·팩 경로와 신규 생성 명세","2026-10-03 로컬 설치; 팩 루트: /Game/__GroundAttackVFX; 원본 objectpath: /Game/__GroundAttackVFX/NS/NS_PoisonCannibalPlant.NS_PoisonCannibalPlant; Fab: https://www.fab.com/listings/c6b26012-37e3-4807-b55d-b410c99c808d; DataAsset 저장·독립 재로드·구조 검증 통과; 시험 수치·시점·방향 정합은 사용자 확인 대기; Niagara AudioPlayer 바인딩: /Game/__GroundAttackVFX/_GenericSource/SFX/Sfx_devilwake_1_Cue.Sfx_devilwake_1_Cue; 원본 AudioPlayer 플래그: /Game/__GroundAttackVFX/_GenericSource/SFX/Sfx_devilwake_1_Cue.Sfx_devilwake_1_Cue: stopOnDestroy=True, allowLoopingOneShot=False, limitPlaysPerTick=True, maxPlaysPerTick=10; 원본 Audio 사용자 파라미터: User.AudioOn=True; SoundCue 참조: /Game/__GroundAttackVFX/_GenericSource/SFX/Sfx_devilwake_1_Cue.Sfx_devilwake_1_Cue; SoundWave 직접·전이 참조: /Game/__GroundAttackVFX/_GenericSource/SFX/Sfx_devilwake_1.Sfx_devilwake_1; 참조·바인딩 정적 확인이며 실제 재생·청취는 사용자 확인 대기; 시험 수치이며 연출·판정 정합 및 실제 사운드는 사용자 확인 대기; 신규 스킬 주효과 Audio 파라미터: User.AudioOn=True","식인 독초","범위형","DrGameSkillSpecs.json profile=area"
"범위/Ground","직선 지면 공격","물리","NiagaraSystem","Ground Attack VFX ( with SFX )","/Game/__GroundAttackVFX/NS","NS_StoneRush","원본 Niagara 클래스·팩 경로와 신규 생성 명세","2026-10-03 로컬 설치; 팩 루트: /Game/__GroundAttackVFX; 원본 objectpath: /Game/__GroundAttackVFX/NS/NS_StoneRush.NS_StoneRush; Fab: https://www.fab.com/listings/c6b26012-37e3-4807-b55d-b410c99c808d; DataAsset 저장·독립 재로드·구조 검증 통과; 시험 수치·시점·방향 정합은 사용자 확인 대기; Niagara AudioPlayer 바인딩: /Game/__GroundAttackVFX/_GenericSource/SFX/Sfx_Hit_Ground_Hammer_Cue_Rock.Sfx_Hit_Ground_Hammer_Cue_Rock | /Game/__GroundAttackVFX/_GenericSource/SFX/sfx_Hit_hammer_Cue_LavaRock.sfx_Hit_hammer_Cue_LavaRock; 원본 AudioPlayer 플래그: /Game/__GroundAttackVFX/_GenericSource/SFX/Sfx_Hit_Ground_Hammer_Cue_Rock.Sfx_Hit_Ground_Hammer_Cue_Rock: stopOnDestroy=True, allowLoopingOneShot=False, limitPlaysPerTick=True, maxPlaysPerTick=10 | /Game/__GroundAttackVFX/_GenericSource/SFX/sfx_Hit_hammer_Cue_LavaRock.sfx_Hit_hammer_Cue_LavaRock: stopOnDestroy=True, allowLoopingOneShot=False, limitPlaysPerTick=True, maxPlaysPerTick=10; 원본 Audio 사용자 파라미터: User.AudioOn=True; SoundCue 참조: /Game/__GroundAttackVFX/_GenericSource/SFX/Sfx_Hit_Ground_Hammer_Cue_Rock.Sfx_Hit_Ground_Hammer_Cue_Rock | /Game/__GroundAttackVFX/_GenericSource/SFX/sfx_Hit_hammer_Cue_LavaRock.sfx_Hit_hammer_Cue_LavaRock; SoundWave 직접·전이 참조: /Game/__GroundAttackVFX/_GenericSource/SFX/Sfx_Hit_Ground_Hammer.Sfx_Hit_Ground_Hammer | /Game/__GroundAttackVFX/_GenericSource/SFX/sfx_Hit_hammer.sfx_Hit_hammer; 참조·바인딩 정적 확인이며 실제 재생·청취는 사용자 확인 대기; 시험 수치이며 연출·판정 정합 및 실제 사운드는 사용자 확인 대기; 신규 스킬 주효과 Audio 파라미터: User.AudioOn=True","바위 쇄도","범위형","DrGameSkillSpecs.json profile=line"
"연결/Link","피격 효과","","NiagaraSystem","Interactive LinkChain VFX ( with SFX )","/Game/___LinkChainVFX/NS","NS_Hit_Bramble_Simple","원본 Niagara 클래스·팩 경로와 신규 생성 명세","2026-10-03 로컬 설치; 팩 루트: /Game/___LinkChainVFX; 원본 objectpath: /Game/___LinkChainVFX/NS/NS_Hit_Bramble_Simple.NS_Hit_Bramble_Simple; Fab: https://www.fab.com/listings/5e6daae7-7e14-467c-aa27-e9698b116b05; 보조·표시·시각 대안 원본; 독립 스킬은 미생성; 속성 미배정; Niagara AudioPlayer 바인딩: /Game/___LinkChainVFX/_GenericSource/SFX/Sfx_Hit_Poison_Cue.Sfx_Hit_Poison_Cue; 원본 AudioPlayer 플래그: /Game/___LinkChainVFX/_GenericSource/SFX/Sfx_Hit_Poison_Cue.Sfx_Hit_Poison_Cue: stopOnDestroy=True, allowLoopingOneShot=False, limitPlaysPerTick=True, maxPlaysPerTick=10; 원본 Audio 사용자 파라미터: User.AudioOn=True; SoundCue 참조: /Game/___LinkChainVFX/_GenericSource/SFX/Sfx_Hit_Poison_Cue.Sfx_Hit_Poison_Cue; SoundWave 직접·전이 참조: /Game/___LinkChainVFX/_GenericSource/SFX/Sfx_Hit_Poison.Sfx_Hit_Poison; 참조·바인딩 정적 확인이며 실제 재생·청취는 사용자 확인 대기; 명중·지속 타격 보조 효과","가시 연결 피격","보조 효과","DrGameSkillSpecs.json 미생성 보조 항목; 명중·지속 타격 보조 효과"
"연결/Link","피격 효과","","NiagaraSystem","Interactive LinkChain VFX ( with SFX )","/Game/___LinkChainVFX/NS","NS_Hit_Constant_Bramble_Simple","원본 Niagara 클래스·팩 경로와 신규 생성 명세","2026-10-03 로컬 설치; 팩 루트: /Game/___LinkChainVFX; 원본 objectpath: /Game/___LinkChainVFX/NS/NS_Hit_Constant_Bramble_Simple.NS_Hit_Constant_Bramble_Simple; Fab: https://www.fab.com/listings/5e6daae7-7e14-467c-aa27-e9698b116b05; 보조·표시·시각 대안 원본; 독립 스킬은 미생성; 속성 미배정; Niagara AudioPlayer 바인딩: /Game/___LinkChainVFX/_GenericSource/SFX/Sfx_devilwake_1_Cue.Sfx_devilwake_1_Cue; 원본 AudioPlayer 플래그: /Game/___LinkChainVFX/_GenericSource/SFX/Sfx_devilwake_1_Cue.Sfx_devilwake_1_Cue: stopOnDestroy=True, allowLoopingOneShot=False, limitPlaysPerTick=True, maxPlaysPerTick=10 | None: stopOnDestroy=True, allowLoopingOneShot=False, limitPlaysPerTick=True, maxPlaysPerTick=10; 원본 Audio 사용자 파라미터: User.AudioOn=False; SoundToPlay 미지정 인터페이스 3개(원본 감사값); SoundCue 참조: /Game/___LinkChainVFX/_GenericSource/SFX/Sfx_devilwake_1_Cue.Sfx_devilwake_1_Cue; SoundWave 직접·전이 참조: /Game/___LinkChainVFX/_GenericSource/SFX/Sfx_devilwake_1.Sfx_devilwake_1; 참조·바인딩 정적 확인이며 실제 재생·청취는 사용자 확인 대기; 명중·지속 타격 보조 효과","지속 가시 연결 피격","보조 효과","DrGameSkillSpecs.json 미생성 보조 항목; 명중·지속 타격 보조 효과"
"연결/Link","피격 효과","","NiagaraSystem","Interactive LinkChain VFX ( with SFX )","/Game/___LinkChainVFX/NS","NS_Hit_Constant_Electric_Simple","원본 Niagara 클래스·팩 경로와 신규 생성 명세","2026-10-03 로컬 설치; 팩 루트: /Game/___LinkChainVFX; 원본 objectpath: /Game/___LinkChainVFX/NS/NS_Hit_Constant_Electric_Simple.NS_Hit_Constant_Electric_Simple; Fab: https://www.fab.com/listings/5e6daae7-7e14-467c-aa27-e9698b116b05; 보조·표시·시각 대안 원본; 독립 스킬은 미생성; 속성 미배정; Niagara AudioPlayer 바인딩: /Game/___LinkChainVFX/_GenericSource/SFX/Sfx_Loop_Eletric_Cue.Sfx_Loop_Eletric_Cue | /Game/___LinkChainVFX/_GenericSource/SFX/sfx_fire_sun_Cue.sfx_fire_sun_Cue; 원본 AudioPlayer 플래그: /Game/___LinkChainVFX/_GenericSource/SFX/Sfx_Loop_Eletric_Cue.Sfx_Loop_Eletric_Cue: stopOnDestroy=True, allowLoopingOneShot=False, limitPlaysPerTick=True, maxPlaysPerTick=10 | /Game/___LinkChainVFX/_GenericSource/SFX/sfx_fire_sun_Cue.sfx_fire_sun_Cue: stopOnDestroy=True, allowLoopingOneShot=False, limitPlaysPerTick=True, maxPlaysPerTick=10 | None: stopOnDestroy=True, allowLoopingOneShot=False, limitPlaysPerTick=True, maxPlaysPerTick=10; 원본 Audio 사용자 파라미터: User.AudioOn=False; SoundToPlay 미지정 인터페이스 3개(원본 감사값); SoundCue 참조: /Game/___LinkChainVFX/_GenericSource/SFX/Sfx_Loop_Eletric_Cue.Sfx_Loop_Eletric_Cue | /Game/___LinkChainVFX/_GenericSource/SFX/sfx_fire_sun_Cue.sfx_fire_sun_Cue; SoundWave 직접·전이 참조: /Game/___LinkChainVFX/_GenericSource/SFX/Sfx_Loop_Eletric.Sfx_Loop_Eletric | /Game/___LinkChainVFX/_GenericSource/SFX/sfx_CritUp.sfx_CritUp; 참조·바인딩 정적 확인이며 실제 재생·청취는 사용자 확인 대기; 명중·지속 타격 보조 효과","지속 번개 연결 피격","보조 효과","DrGameSkillSpecs.json 미생성 보조 항목; 명중·지속 타격 보조 효과"
"연결/Link","피격 효과","","NiagaraSystem","Interactive LinkChain VFX ( with SFX )","/Game/___LinkChainVFX/NS","NS_Hit_Constant_Energy_Simple","원본 Niagara 클래스·팩 경로와 신규 생성 명세","2026-10-03 로컬 설치; 팩 루트: /Game/___LinkChainVFX; 원본 objectpath: /Game/___LinkChainVFX/NS/NS_Hit_Constant_Energy_Simple.NS_Hit_Constant_Energy_Simple; Fab: https://www.fab.com/listings/5e6daae7-7e14-467c-aa27-e9698b116b05; 보조·표시·시각 대안 원본; 독립 스킬은 미생성; 속성 미배정; Niagara AudioPlayer 바인딩: /Game/___LinkChainVFX/_GenericSource/SFX/Sfx_Loop_Laser_Cue2.Sfx_Loop_Laser_Cue2 | /Game/___LinkChainVFX/_GenericSource/SFX/sfx_fire_sun_Cue.sfx_fire_sun_Cue; 원본 AudioPlayer 플래그: /Game/___LinkChainVFX/_GenericSource/SFX/Sfx_Loop_Laser_Cue2.Sfx_Loop_Laser_Cue2: stopOnDestroy=True, allowLoopingOneShot=False, limitPlaysPerTick=True, maxPlaysPerTick=10 | /Game/___LinkChainVFX/_GenericSource/SFX/sfx_fire_sun_Cue.sfx_fire_sun_Cue: stopOnDestroy=True, allowLoopingOneShot=False, limitPlaysPerTick=True, maxPlaysPerTick=10 | None: stopOnDestroy=True, allowLoopingOneShot=False, limitPlaysPerTick=True, maxPlaysPerTick=10; 원본 Audio 사용자 파라미터: User.AudioOn=False; SoundToPlay 미지정 인터페이스 3개(원본 감사값); SoundCue 참조: /Game/___LinkChainVFX/_GenericSource/SFX/Sfx_Loop_Laser_Cue2.Sfx_Loop_Laser_Cue2 | /Game/___LinkChainVFX/_GenericSource/SFX/sfx_fire_sun_Cue.sfx_fire_sun_Cue; SoundWave 직접·전이 참조: /Game/___LinkChainVFX/_GenericSource/SFX/Sfx_Loop_Laser.Sfx_Loop_Laser | /Game/___LinkChainVFX/_GenericSource/SFX/sfx_CritUp.sfx_CritUp; 참조·바인딩 정적 확인이며 실제 재생·청취는 사용자 확인 대기; 명중·지속 타격 보조 효과","지속 에너지 연결 피격","보조 효과","DrGameSkillSpecs.json 미생성 보조 항목; 명중·지속 타격 보조 효과"
"연결/Link","피격 효과","","NiagaraSystem","Interactive LinkChain VFX ( with SFX )","/Game/___LinkChainVFX/NS","NS_Hit_Constant_Fire_Simple","원본 Niagara 클래스·팩 경로와 신규 생성 명세","2026-10-03 로컬 설치; 팩 루트: /Game/___LinkChainVFX; 원본 objectpath: /Game/___LinkChainVFX/NS/NS_Hit_Constant_Fire_Simple.NS_Hit_Constant_Fire_Simple; Fab: https://www.fab.com/listings/5e6daae7-7e14-467c-aa27-e9698b116b05; 보조·표시·시각 대안 원본; 독립 스킬은 미생성; 속성 미배정; Niagara AudioPlayer 바인딩: /Game/___LinkChainVFX/_GenericSource/SFX/Sfx_Loop_CampFire_Cue.Sfx_Loop_CampFire_Cue | /Game/___LinkChainVFX/_GenericSource/SFX/sfx_fire_sun_Cue.sfx_fire_sun_Cue; 원본 AudioPlayer 플래그: /Game/___LinkChainVFX/_GenericSource/SFX/Sfx_Loop_CampFire_Cue.Sfx_Loop_CampFire_Cue: stopOnDestroy=True, allowLoopingOneShot=False, limitPlaysPerTick=True, maxPlaysPerTick=10 | /Game/___LinkChainVFX/_GenericSource/SFX/sfx_fire_sun_Cue.sfx_fire_sun_Cue: stopOnDestroy=True, allowLoopingOneShot=False, limitPlaysPerTick=True, maxPlaysPerTick=10 | None: stopOnDestroy=True, allowLoopingOneShot=False, limitPlaysPerTick=True, maxPlaysPerTick=10; 원본 Audio 사용자 파라미터: User.AudioOn=False; SoundToPlay 미지정 인터페이스 3개(원본 감사값); SoundCue 참조: /Game/___LinkChainVFX/_GenericSource/SFX/Sfx_Loop_CampFire_Cue.Sfx_Loop_CampFire_Cue | /Game/___LinkChainVFX/_GenericSource/SFX/sfx_fire_sun_Cue.sfx_fire_sun_Cue; SoundWave 직접·전이 참조: /Game/___LinkChainVFX/_GenericSource/SFX/Sfx_Loop_CampFire.Sfx_Loop_CampFire | /Game/___LinkChainVFX/_GenericSource/SFX/sfx_CritUp.sfx_CritUp; 참조·바인딩 정적 확인이며 실제 재생·청취는 사용자 확인 대기; 명중·지속 타격 보조 효과","지속 화염 연결 피격","보조 효과","DrGameSkillSpecs.json 미생성 보조 항목; 명중·지속 타격 보조 효과"
"연결/Link","피격 효과","","NiagaraSystem","Interactive LinkChain VFX ( with SFX )","/Game/___LinkChainVFX/NS","NS_Hit_Constant_Magic_Simple","원본 Niagara 클래스·팩 경로와 신규 생성 명세","2026-10-03 로컬 설치; 팩 루트: /Game/___LinkChainVFX; 원본 objectpath: /Game/___LinkChainVFX/NS/NS_Hit_Constant_Magic_Simple.NS_Hit_Constant_Magic_Simple; Fab: https://www.fab.com/listings/5e6daae7-7e14-467c-aa27-e9698b116b05; 보조·표시·시각 대안 원본; 독립 스킬은 미생성; 속성 미배정; Niagara AudioPlayer 바인딩: /Game/___LinkChainVFX/_GenericSource/SFX/Sfx_Loop_AirFire_Cue.Sfx_Loop_AirFire_Cue | /Game/___LinkChainVFX/_GenericSource/SFX/sfx_fire_sun_Cue.sfx_fire_sun_Cue; 원본 AudioPlayer 플래그: /Game/___LinkChainVFX/_GenericSource/SFX/Sfx_Loop_AirFire_Cue.Sfx_Loop_AirFire_Cue: stopOnDestroy=True, allowLoopingOneShot=False, limitPlaysPerTick=True, maxPlaysPerTick=10 | /Game/___LinkChainVFX/_GenericSource/SFX/sfx_fire_sun_Cue.sfx_fire_sun_Cue: stopOnDestroy=True, allowLoopingOneShot=False, limitPlaysPerTick=True, maxPlaysPerTick=10 | None: stopOnDestroy=True, allowLoopingOneShot=False, limitPlaysPerTick=True, maxPlaysPerTick=10; 원본 Audio 사용자 파라미터: User.AudioOn=False; SoundToPlay 미지정 인터페이스 3개(원본 감사값); SoundCue 참조: /Game/___LinkChainVFX/_GenericSource/SFX/Sfx_Loop_AirFire_Cue.Sfx_Loop_AirFire_Cue | /Game/___LinkChainVFX/_GenericSource/SFX/sfx_fire_sun_Cue.sfx_fire_sun_Cue; SoundWave 직접·전이 참조: /Game/___LinkChainVFX/_GenericSource/SFX/Sfx_Loop_AirFire.Sfx_Loop_AirFire | /Game/___LinkChainVFX/_GenericSource/SFX/sfx_CritUp.sfx_CritUp; 참조·바인딩 정적 확인이며 실제 재생·청취는 사용자 확인 대기; 명중·지속 타격 보조 효과","지속 마력 연결 피격","보조 효과","DrGameSkillSpecs.json 미생성 보조 항목; 명중·지속 타격 보조 효과"
"연결/Link","피격 효과","","NiagaraSystem","Interactive LinkChain VFX ( with SFX )","/Game/___LinkChainVFX/NS","NS_Hit_Electric_Simple","원본 Niagara 클래스·팩 경로와 신규 생성 명세","2026-10-03 로컬 설치; 팩 루트: /Game/___LinkChainVFX; 원본 objectpath: /Game/___LinkChainVFX/NS/NS_Hit_Electric_Simple.NS_Hit_Electric_Simple; Fab: https://www.fab.com/listings/5e6daae7-7e14-467c-aa27-e9698b116b05; 보조·표시·시각 대안 원본; 독립 스킬은 미생성; 속성 미배정; Niagara AudioPlayer 바인딩: /Game/___LinkChainVFX/_GenericSource/SFX/Sfx_Hit_eletric_short_Cue.Sfx_Hit_eletric_short_Cue; 원본 AudioPlayer 플래그: /Game/___LinkChainVFX/_GenericSource/SFX/Sfx_Hit_eletric_short_Cue.Sfx_Hit_eletric_short_Cue: stopOnDestroy=True, allowLoopingOneShot=False, limitPlaysPerTick=True, maxPlaysPerTick=10; 원본 Audio 사용자 파라미터: User.AudioOn=True; SoundCue 참조: /Game/___LinkChainVFX/_GenericSource/SFX/Sfx_Hit_eletric_short_Cue.Sfx_Hit_eletric_short_Cue; SoundWave 직접·전이 참조: /Game/___LinkChainVFX/_GenericSource/SFX/Sfx_Hit_eletric_short.Sfx_Hit_eletric_short; 참조·바인딩 정적 확인이며 실제 재생·청취는 사용자 확인 대기; 명중·지속 타격 보조 효과","번개 연결 피격","보조 효과","DrGameSkillSpecs.json 미생성 보조 항목; 명중·지속 타격 보조 효과"
"연결/Link","피격 효과","","NiagaraSystem","Interactive LinkChain VFX ( with SFX )","/Game/___LinkChainVFX/NS","NS_Hit_Energy_Simple","원본 Niagara 클래스·팩 경로와 신규 생성 명세","2026-10-03 로컬 설치; 팩 루트: /Game/___LinkChainVFX; 원본 objectpath: /Game/___LinkChainVFX/NS/NS_Hit_Energy_Simple.NS_Hit_Energy_Simple; Fab: https://www.fab.com/listings/5e6daae7-7e14-467c-aa27-e9698b116b05; 보조·표시·시각 대안 원본; 독립 스킬은 미생성; 속성 미배정; Niagara AudioPlayer 바인딩: /Game/___LinkChainVFX/_GenericSource/SFX/sfx_Ball_thunder_s_Cue1.sfx_Ball_thunder_s_Cue1; 원본 AudioPlayer 플래그: /Game/___LinkChainVFX/_GenericSource/SFX/sfx_Ball_thunder_s_Cue1.sfx_Ball_thunder_s_Cue1: stopOnDestroy=True, allowLoopingOneShot=False, limitPlaysPerTick=True, maxPlaysPerTick=10; 원본 Audio 사용자 파라미터: User.AudioOn=True; SoundCue 참조: /Game/___LinkChainVFX/_GenericSource/SFX/sfx_Ball_thunder_s_Cue1.sfx_Ball_thunder_s_Cue1; SoundWave 직접·전이 참조: /Game/___LinkChainVFX/_GenericSource/SFX/sfx_Ball_thunder_s.sfx_Ball_thunder_s; 참조·바인딩 정적 확인이며 실제 재생·청취는 사용자 확인 대기; 명중·지속 타격 보조 효과","에너지 연결 피격","보조 효과","DrGameSkillSpecs.json 미생성 보조 항목; 명중·지속 타격 보조 효과"
"연결/Link","피격 효과","","NiagaraSystem","Interactive LinkChain VFX ( with SFX )","/Game/___LinkChainVFX/NS","NS_Hit_Fire_Simple","원본 Niagara 클래스·팩 경로와 신규 생성 명세","2026-10-03 로컬 설치; 팩 루트: /Game/___LinkChainVFX; 원본 objectpath: /Game/___LinkChainVFX/NS/NS_Hit_Fire_Simple.NS_Hit_Fire_Simple; Fab: https://www.fab.com/listings/5e6daae7-7e14-467c-aa27-e9698b116b05; 보조·표시·시각 대안 원본; 독립 스킬은 미생성; 속성 미배정; Niagara AudioPlayer 바인딩: /Game/___LinkChainVFX/_GenericSource/SFX/Sfx_Hit_MagicFire_Cue.Sfx_Hit_MagicFire_Cue; 원본 AudioPlayer 플래그: /Game/___LinkChainVFX/_GenericSource/SFX/Sfx_Hit_MagicFire_Cue.Sfx_Hit_MagicFire_Cue: stopOnDestroy=True, allowLoopingOneShot=False, limitPlaysPerTick=True, maxPlaysPerTick=10; 원본 Audio 사용자 파라미터: User.AudioOn=True; SoundCue 참조: /Game/___LinkChainVFX/_GenericSource/SFX/Sfx_Hit_MagicFire_Cue.Sfx_Hit_MagicFire_Cue; SoundWave 직접·전이 참조: /Game/___LinkChainVFX/_GenericSource/SFX/Sfx_Hit_MagicStaff.Sfx_Hit_MagicStaff; 참조·바인딩 정적 확인이며 실제 재생·청취는 사용자 확인 대기; 명중·지속 타격 보조 효과","화염 연결 피격","보조 효과","DrGameSkillSpecs.json 미생성 보조 항목; 명중·지속 타격 보조 효과"
"연결/Link","피격 효과","","NiagaraSystem","Interactive LinkChain VFX ( with SFX )","/Game/___LinkChainVFX/NS","NS_Hit_Magic_Simple","원본 Niagara 클래스·팩 경로와 신규 생성 명세","2026-10-03 로컬 설치; 팩 루트: /Game/___LinkChainVFX; 원본 objectpath: /Game/___LinkChainVFX/NS/NS_Hit_Magic_Simple.NS_Hit_Magic_Simple; Fab: https://www.fab.com/listings/5e6daae7-7e14-467c-aa27-e9698b116b05; 보조·표시·시각 대안 원본; 독립 스킬은 미생성; 속성 미배정; Niagara AudioPlayer 바인딩: /Game/___LinkChainVFX/_GenericSource/SFX/Sfx_Hit_MagicFire_Cue.Sfx_Hit_MagicFire_Cue; 원본 AudioPlayer 플래그: /Game/___LinkChainVFX/_GenericSource/SFX/Sfx_Hit_MagicFire_Cue.Sfx_Hit_MagicFire_Cue: stopOnDestroy=True, allowLoopingOneShot=False, limitPlaysPerTick=True, maxPlaysPerTick=10; 원본 Audio 사용자 파라미터: User.AudioOn=True; SoundCue 참조: /Game/___LinkChainVFX/_GenericSource/SFX/Sfx_Hit_MagicFire_Cue.Sfx_Hit_MagicFire_Cue; SoundWave 직접·전이 참조: /Game/___LinkChainVFX/_GenericSource/SFX/Sfx_Hit_MagicStaff.Sfx_Hit_MagicStaff; 참조·바인딩 정적 확인이며 실제 재생·청취는 사용자 확인 대기; 명중·지속 타격 보조 효과","마력 연결 피격","보조 효과","DrGameSkillSpecs.json 미생성 보조 항목; 명중·지속 타격 보조 효과"
"연결/Link","체인 공격","카오스","NiagaraSystem","Interactive LinkChain VFX ( with SFX )","/Game/___LinkChainVFX/NS","NS_Link_Bramble","원본 Niagara 클래스·팩 경로와 신규 생성 명세","2026-10-03 로컬 설치; 팩 루트: /Game/___LinkChainVFX; 원본 objectpath: /Game/___LinkChainVFX/NS/NS_Link_Bramble.NS_Link_Bramble; Fab: https://www.fab.com/listings/5e6daae7-7e14-467c-aa27-e9698b116b05; DataAsset 저장·독립 재로드·구조 검증 통과; 시험 수치·시점·방향 정합은 사용자 확인 대기; Niagara AudioPlayer 바인딩: /Game/___LinkChainVFX/_GenericSource/SFX/Sfx_devilwake_1_Cue.Sfx_devilwake_1_Cue; 원본 AudioPlayer 플래그: /Game/___LinkChainVFX/_GenericSource/SFX/Sfx_devilwake_1_Cue.Sfx_devilwake_1_Cue: stopOnDestroy=True, allowLoopingOneShot=False, limitPlaysPerTick=True, maxPlaysPerTick=10 | None: stopOnDestroy=True, allowLoopingOneShot=False, limitPlaysPerTick=True, maxPlaysPerTick=10; 원본 Audio 사용자 파라미터: User.AudioOn=True; SoundToPlay 미지정 인터페이스 3개(원본 감사값); SoundCue 참조: /Game/___LinkChainVFX/_GenericSource/SFX/Sfx_devilwake_1_Cue.Sfx_devilwake_1_Cue; SoundWave 직접·전이 참조: /Game/___LinkChainVFX/_GenericSource/SFX/Sfx_devilwake_1.Sfx_devilwake_1; 참조·바인딩 정적 확인이며 실제 재생·청취는 사용자 확인 대기; 시험 수치이며 연출·판정 정합 및 실제 사운드는 사용자 확인 대기; 신규 스킬 주효과 Audio 파라미터: User.AudioOn=True","가시 연결","체인","DrGameSkillSpecs.json profile=link; Skill.Shape.Chain + Skill.Shape.Beam; 다중 대상 연쇄: 최대 대상 수에 첫 대상 포함; 매 점프 최근접 생존 미타격 적을 선택하고 거리·벽 재검사; 원시전자 GAS 피해·AP 1회 차감; 원본 연결 VFX를 구간별 재사용; 연결 구간 SFX는 첫 구간만 재생하고 피격 VFX·SFX는 대상별 재생; 대상 수·거리·간격·피해 배율은 DataAsset 설정; 실제 장착·GAS 피해·AP 1회 및 transient 다중 체인 5종 방향 검수 통과; 다중 DA 활성화·개별 SFX 청감 검수 대기; 현재 DA 최대 대상 1; 다중 수치 선택·적용 대기"
"연결/Link","체인 공격","번개","NiagaraSystem","Interactive LinkChain VFX ( with SFX )","/Game/___LinkChainVFX/NS","NS_Link_Electric","원본 Niagara 클래스·팩 경로와 신규 생성 명세","2026-10-03 로컬 설치; 팩 루트: /Game/___LinkChainVFX; 원본 objectpath: /Game/___LinkChainVFX/NS/NS_Link_Electric.NS_Link_Electric; Fab: https://www.fab.com/listings/5e6daae7-7e14-467c-aa27-e9698b116b05; DataAsset 저장·독립 재로드·구조 검증 통과; 시험 수치·시점·방향 정합은 사용자 확인 대기; Niagara AudioPlayer 바인딩: /Game/___LinkChainVFX/_GenericSource/SFX/Sfx_Loop_Eletric_Cue.Sfx_Loop_Eletric_Cue | /Game/___LinkChainVFX/_GenericSource/SFX/Sfx_Shoot_SonicArrow_Cue.Sfx_Shoot_SonicArrow_Cue | /Game/___LinkChainVFX/_GenericSource/SFX/sfx_fire_sun_Cue.sfx_fire_sun_Cue; 원본 AudioPlayer 플래그: /Game/___LinkChainVFX/_GenericSource/SFX/Sfx_Loop_Eletric_Cue.Sfx_Loop_Eletric_Cue: stopOnDestroy=True, allowLoopingOneShot=False, limitPlaysPerTick=True, maxPlaysPerTick=10 | /Game/___LinkChainVFX/_GenericSource/SFX/Sfx_Shoot_SonicArrow_Cue.Sfx_Shoot_SonicArrow_Cue: stopOnDestroy=True, allowLoopingOneShot=False, limitPlaysPerTick=True, maxPlaysPerTick=10 | /Game/___LinkChainVFX/_GenericSource/SFX/sfx_fire_sun_Cue.sfx_fire_sun_Cue: stopOnDestroy=True, allowLoopingOneShot=False, limitPlaysPerTick=True, maxPlaysPerTick=10 | None: stopOnDestroy=True, allowLoopingOneShot=False, limitPlaysPerTick=True, maxPlaysPerTick=10; 원본 Audio 사용자 파라미터: User.AudioOn=True; SoundToPlay 미지정 인터페이스 3개(원본 감사값); SoundCue 참조: /Game/___LinkChainVFX/_GenericSource/SFX/Sfx_Loop_Eletric_Cue.Sfx_Loop_Eletric_Cue | /Game/___LinkChainVFX/_GenericSource/SFX/Sfx_Shoot_SonicArrow_Cue.Sfx_Shoot_SonicArrow_Cue | /Game/___LinkChainVFX/_GenericSource/SFX/sfx_fire_sun_Cue.sfx_fire_sun_Cue; SoundWave 직접·전이 참조: /Game/___LinkChainVFX/_GenericSource/SFX/Sfx_Loop_Eletric.Sfx_Loop_Eletric | /Game/___LinkChainVFX/_GenericSource/SFX/Sfx_Shoot_SonicArrow.Sfx_Shoot_SonicArrow | /Game/___LinkChainVFX/_GenericSource/SFX/sfx_CritUp.sfx_CritUp; 참조·바인딩 정적 확인이며 실제 재생·청취는 사용자 확인 대기; 시험 수치이며 연출·판정 정합 및 실제 사운드는 사용자 확인 대기; 신규 스킬 주효과 Audio 파라미터: User.AudioOn=True","번개 연결","체인","DrGameSkillSpecs.json profile=link; Skill.Shape.Chain + Skill.Shape.Beam; 다중 대상 연쇄: 최대 대상 수에 첫 대상 포함; 매 점프 최근접 생존 미타격 적을 선택하고 거리·벽 재검사; 원시전자 GAS 피해·AP 1회 차감; 원본 연결 VFX를 구간별 재사용; 연결 구간 SFX는 첫 구간만 재생하고 피격 VFX·SFX는 대상별 재생; 대상 수·거리·간격·피해 배율은 DataAsset 설정; 실제 장착·GAS 피해·AP 1회 및 transient 다중 체인 5종 방향 검수 통과; 다중 DA 활성화·개별 SFX 청감 검수 대기; 현재 DA 최대 대상 1; 다중 수치 선택·적용 대기"
"연결/Link","체인 공격","번개","NiagaraSystem","Interactive LinkChain VFX ( with SFX )","/Game/___LinkChainVFX/NS","NS_Link_Energy","원본 Niagara 클래스·팩 경로와 신규 생성 명세","2026-10-03 로컬 설치; 팩 루트: /Game/___LinkChainVFX; 원본 objectpath: /Game/___LinkChainVFX/NS/NS_Link_Energy.NS_Link_Energy; Fab: https://www.fab.com/listings/5e6daae7-7e14-467c-aa27-e9698b116b05; DataAsset 저장·독립 재로드·구조 검증 통과; 시험 수치·시점·방향 정합은 사용자 확인 대기; Niagara AudioPlayer 바인딩: /Game/___LinkChainVFX/_GenericSource/SFX/Sfx_Loop_Holy_Cue1.Sfx_Loop_Holy_Cue1 | /Game/___LinkChainVFX/_GenericSource/SFX/Sfx_Loop_Laser_Cue2.Sfx_Loop_Laser_Cue2 | /Game/___LinkChainVFX/_GenericSource/SFX/Sfx_Loop_WolfSquall_Cue.Sfx_Loop_WolfSquall_Cue | /Game/___LinkChainVFX/_GenericSource/SFX/Sfx_Shoot_SonicArrow_Cue.Sfx_Shoot_SonicArrow_Cue; 원본 AudioPlayer 플래그: /Game/___LinkChainVFX/_GenericSource/SFX/Sfx_Loop_Holy_Cue1.Sfx_Loop_Holy_Cue1: stopOnDestroy=True, allowLoopingOneShot=False, limitPlaysPerTick=True, maxPlaysPerTick=10 | /Game/___LinkChainVFX/_GenericSource/SFX/Sfx_Loop_Laser_Cue2.Sfx_Loop_Laser_Cue2: stopOnDestroy=True, allowLoopingOneShot=False, limitPlaysPerTick=True, maxPlaysPerTick=10 | /Game/___LinkChainVFX/_GenericSource/SFX/Sfx_Loop_WolfSquall_Cue.Sfx_Loop_WolfSquall_Cue: stopOnDestroy=True, allowLoopingOneShot=False, limitPlaysPerTick=True, maxPlaysPerTick=10 | /Game/___LinkChainVFX/_GenericSource/SFX/Sfx_Shoot_SonicArrow_Cue.Sfx_Shoot_SonicArrow_Cue: stopOnDestroy=True, allowLoopingOneShot=False, limitPlaysPerTick=True, maxPlaysPerTick=10 | None: stopOnDestroy=True, allowLoopingOneShot=False, limitPlaysPerTick=True, maxPlaysPerTick=10; 원본 Audio 사용자 파라미터: User.AudioOn=True; SoundToPlay 미지정 인터페이스 9개(원본 감사값); SoundCue 참조: /Game/___LinkChainVFX/_GenericSource/SFX/Sfx_Loop_Holy_Cue1.Sfx_Loop_Holy_Cue1 | /Game/___LinkChainVFX/_GenericSource/SFX/Sfx_Loop_Laser_Cue2.Sfx_Loop_Laser_Cue2 | /Game/___LinkChainVFX/_GenericSource/SFX/Sfx_Loop_WolfSquall_Cue.Sfx_Loop_WolfSquall_Cue | /Game/___LinkChainVFX/_GenericSource/SFX/Sfx_Shoot_SonicArrow_Cue.Sfx_Shoot_SonicArrow_Cue; SoundWave 직접·전이 참조: /Game/___LinkChainVFX/_GenericSource/SFX/Sfx_Loop_Holy.Sfx_Loop_Holy | /Game/___LinkChainVFX/_GenericSource/SFX/Sfx_Loop_Laser.Sfx_Loop_Laser | /Game/___LinkChainVFX/_GenericSource/SFX/Sfx_Loop_WolfSquall.Sfx_Loop_WolfSquall | /Game/___LinkChainVFX/_GenericSource/SFX/Sfx_Shoot_SonicArrow.Sfx_Shoot_SonicArrow; 참조·바인딩 정적 확인이며 실제 재생·청취는 사용자 확인 대기; 시험 수치이며 연출·판정 정합 및 실제 사운드는 사용자 확인 대기; 신규 스킬 주효과 Audio 파라미터: User.AudioOn=True","에너지 연결","체인","DrGameSkillSpecs.json profile=link; Skill.Shape.Chain + Skill.Shape.Beam; 다중 대상 연쇄: 최대 대상 수에 첫 대상 포함; 매 점프 최근접 생존 미타격 적을 선택하고 거리·벽 재검사; 원시전자 GAS 피해·AP 1회 차감; 원본 연결 VFX를 구간별 재사용; 연결 구간 SFX는 첫 구간만 재생하고 피격 VFX·SFX는 대상별 재생; 대상 수·거리·간격·피해 배율은 DataAsset 설정; 실제 장착·GAS 피해·AP 1회 및 transient 다중 체인 5종 방향 검수 통과; 다중 DA 활성화·개별 SFX 청감 검수 대기; 현재 DA 최대 대상 1; 다중 수치 선택·적용 대기"
"연결/Link","체인 공격","불","NiagaraSystem","Interactive LinkChain VFX ( with SFX )","/Game/___LinkChainVFX/NS","NS_Link_Fire","원본 Niagara 클래스·팩 경로와 신규 생성 명세","2026-10-03 로컬 설치; 팩 루트: /Game/___LinkChainVFX; 원본 objectpath: /Game/___LinkChainVFX/NS/NS_Link_Fire.NS_Link_Fire; Fab: https://www.fab.com/listings/5e6daae7-7e14-467c-aa27-e9698b116b05; DataAsset 저장·독립 재로드·구조 검증 통과; 시험 수치·시점·방향 정합은 사용자 확인 대기; Niagara AudioPlayer 바인딩: /Game/___LinkChainVFX/_GenericSource/SFX/Sfx_Loop_AirFire_Cue.Sfx_Loop_AirFire_Cue | /Game/___LinkChainVFX/_GenericSource/SFX/sfx_fire_sun_Cue.sfx_fire_sun_Cue; 원본 AudioPlayer 플래그: /Game/___LinkChainVFX/_GenericSource/SFX/Sfx_Loop_AirFire_Cue.Sfx_Loop_AirFire_Cue: stopOnDestroy=True, allowLoopingOneShot=False, limitPlaysPerTick=True, maxPlaysPerTick=10 | /Game/___LinkChainVFX/_GenericSource/SFX/sfx_fire_sun_Cue.sfx_fire_sun_Cue: stopOnDestroy=True, allowLoopingOneShot=False, limitPlaysPerTick=True, maxPlaysPerTick=10 | None: stopOnDestroy=True, allowLoopingOneShot=False, limitPlaysPerTick=True, maxPlaysPerTick=10; 원본 Audio 사용자 파라미터: User.AudioOn=True; SoundToPlay 미지정 인터페이스 3개(원본 감사값); SoundCue 참조: /Game/___LinkChainVFX/_GenericSource/SFX/Sfx_Loop_AirFire_Cue.Sfx_Loop_AirFire_Cue | /Game/___LinkChainVFX/_GenericSource/SFX/sfx_fire_sun_Cue.sfx_fire_sun_Cue; SoundWave 직접·전이 참조: /Game/___LinkChainVFX/_GenericSource/SFX/Sfx_Loop_AirFire.Sfx_Loop_AirFire | /Game/___LinkChainVFX/_GenericSource/SFX/sfx_CritUp.sfx_CritUp; 참조·바인딩 정적 확인이며 실제 재생·청취는 사용자 확인 대기; 시험 수치이며 연출·판정 정합 및 실제 사운드는 사용자 확인 대기; 신규 스킬 주효과 Audio 파라미터: User.AudioOn=True","화염 연결","체인","DrGameSkillSpecs.json profile=link; Skill.Shape.Chain + Skill.Shape.Beam; 다중 대상 연쇄: 최대 대상 수에 첫 대상 포함; 매 점프 최근접 생존 미타격 적을 선택하고 거리·벽 재검사; 원시전자 GAS 피해·AP 1회 차감; 원본 연결 VFX를 구간별 재사용; 연결 구간 SFX는 첫 구간만 재생하고 피격 VFX·SFX는 대상별 재생; 대상 수·거리·간격·피해 배율은 DataAsset 설정; 실제 장착·GAS 피해·AP 1회 및 transient 다중 체인 5종 방향 검수 통과; 다중 DA 활성화·개별 SFX 청감 검수 대기; 현재 DA 최대 대상 1; 다중 수치 선택·적용 대기"
"연결/Link","체인 공격","카오스","NiagaraSystem","Interactive LinkChain VFX ( with SFX )","/Game/___LinkChainVFX/NS","NS_Link_Magic","원본 Niagara 클래스·팩 경로와 신규 생성 명세","2026-10-03 로컬 설치; 팩 루트: /Game/___LinkChainVFX; 원본 objectpath: /Game/___LinkChainVFX/NS/NS_Link_Magic.NS_Link_Magic; Fab: https://www.fab.com/listings/5e6daae7-7e14-467c-aa27-e9698b116b05; DataAsset 저장·독립 재로드·구조 검증 통과; 시험 수치·시점·방향 정합은 사용자 확인 대기; Niagara AudioPlayer 바인딩: /Game/___LinkChainVFX/_GenericSource/SFX/Sfx_Loop_AirFire_Cue1.Sfx_Loop_AirFire_Cue1 | /Game/___LinkChainVFX/_GenericSource/SFX/Sfx_Shoot_BigFire_Cue1.Sfx_Shoot_BigFire_Cue1 | /Game/___LinkChainVFX/_GenericSource/SFX/sfx_drone__moving_Cue.sfx_drone__moving_Cue | /Game/___LinkChainVFX/_GenericSource/SFX/sfx_fire_sun_Cue.sfx_fire_sun_Cue; 원본 AudioPlayer 플래그: /Game/___LinkChainVFX/_GenericSource/SFX/Sfx_Loop_AirFire_Cue1.Sfx_Loop_AirFire_Cue1: stopOnDestroy=True, allowLoopingOneShot=False, limitPlaysPerTick=True, maxPlaysPerTick=10 | /Game/___LinkChainVFX/_GenericSource/SFX/Sfx_Shoot_BigFire_Cue1.Sfx_Shoot_BigFire_Cue1: stopOnDestroy=True, allowLoopingOneShot=False, limitPlaysPerTick=True, maxPlaysPerTick=10 | /Game/___LinkChainVFX/_GenericSource/SFX/sfx_drone__moving_Cue.sfx_drone__moving_Cue: stopOnDestroy=True, allowLoopingOneShot=False, limitPlaysPerTick=True, maxPlaysPerTick=10 | /Game/___LinkChainVFX/_GenericSource/SFX/sfx_fire_sun_Cue.sfx_fire_sun_Cue: stopOnDestroy=True, allowLoopingOneShot=False, limitPlaysPerTick=True, maxPlaysPerTick=10 | None: stopOnDestroy=True, allowLoopingOneShot=False, limitPlaysPerTick=True, maxPlaysPerTick=10; 원본 Audio 사용자 파라미터: User.AudioOn=True; SoundToPlay 미지정 인터페이스 3개(원본 감사값); SoundCue 참조: /Game/___LinkChainVFX/_GenericSource/SFX/Sfx_Loop_AirFire_Cue1.Sfx_Loop_AirFire_Cue1 | /Game/___LinkChainVFX/_GenericSource/SFX/Sfx_Shoot_BigFire_Cue1.Sfx_Shoot_BigFire_Cue1 | /Game/___LinkChainVFX/_GenericSource/SFX/sfx_drone__moving_Cue.sfx_drone__moving_Cue | /Game/___LinkChainVFX/_GenericSource/SFX/sfx_fire_sun_Cue.sfx_fire_sun_Cue; SoundWave 직접·전이 참조: /Game/___LinkChainVFX/_GenericSource/SFX/Sfx_Loop_AirFire.Sfx_Loop_AirFire | /Game/___LinkChainVFX/_GenericSource/SFX/Sfx_Shoot_BigFire.Sfx_Shoot_BigFire | /Game/___LinkChainVFX/_GenericSource/SFX/sfx_CritUp.sfx_CritUp | /Game/___LinkChainVFX/_GenericSource/SFX/sfx_drone__moving.sfx_drone__moving; 참조·바인딩 정적 확인이며 실제 재생·청취는 사용자 확인 대기; 시험 수치이며 연출·판정 정합 및 실제 사운드는 사용자 확인 대기; 신규 스킬 주효과 Audio 파라미터: User.AudioOn=True","마력 연결","체인","DrGameSkillSpecs.json profile=link; Skill.Shape.Chain + Skill.Shape.Beam; 다중 대상 연쇄: 최대 대상 수에 첫 대상 포함; 매 점프 최근접 생존 미타격 적을 선택하고 거리·벽 재검사; 원시전자 GAS 피해·AP 1회 차감; 원본 연결 VFX를 구간별 재사용; 연결 구간 SFX는 첫 구간만 재생하고 피격 VFX·SFX는 대상별 재생; 대상 수·거리·간격·피해 배율은 DataAsset 설정; 실제 장착·GAS 피해·AP 1회 및 transient 다중 체인 5종 방향 검수 통과; 다중 DA 활성화·개별 SFX 청감 검수 대기; 현재 DA 최대 대상 1; 다중 수치 선택·적용 대기"
"지원/LevelUp·Spawn","아군 회복","물리","NiagaraSystem","Level Up and Spawn VFX ( with SFX )","/Game/_LevelUpSpawn/NS","NS_LevelUp_Ascend_Root","원본 Niagara 클래스·팩 경로와 신규 생성 명세","2026-10-03 로컬 설치; 팩 루트: /Game/_LevelUpSpawn; 원본 objectpath: /Game/_LevelUpSpawn/NS/NS_LevelUp_Ascend_Root.NS_LevelUp_Ascend_Root; Fab: https://www.fab.com/listings/a77fc805-8e31-43ce-b613-17bd39ebf9cd; DataAsset 저장·독립 재로드·구조 검증 통과; 시험 수치·시점·방향 정합은 사용자 확인 대기; Niagara AudioPlayer 바인딩: /Game/_LevelUpSpawn/_GenericSource/SFX/sfx_MpUp_Cue1.sfx_MpUp_Cue1; 원본 AudioPlayer 플래그: /Game/_LevelUpSpawn/_GenericSource/SFX/sfx_MpUp_Cue1.sfx_MpUp_Cue1: stopOnDestroy=True, allowLoopingOneShot=False, limitPlaysPerTick=True, maxPlaysPerTick=10; 원본 Audio 사용자 파라미터: User.AudioOn=True; SoundCue 참조: /Game/_LevelUpSpawn/_GenericSource/SFX/sfx_MpUp_Cue1.sfx_MpUp_Cue1; SoundWave 직접·전이 참조: /Game/_LevelUpSpawn/_GenericSource/SFX/sfx_MpUp.sfx_MpUp; 참조·바인딩 정적 확인이며 실제 재생·청취는 사용자 확인 대기; 시험 수치이며 연출·판정 정합 및 실제 사운드는 사용자 확인 대기; 원본 표현을 회복·보호막에 재사용하며 실제 레벨 상승·부활·소환·순간이동·시간 제어는 수행하지 않음; 신규 스킬 주효과 Audio 파라미터: User.AudioOn=True","상승의 치유","지원형","DrGameSkillSpecs.json profile=heal"
"지원/LevelUp·Spawn","아군 회복","물리","NiagaraSystem","Level Up and Spawn VFX ( with SFX )","/Game/_LevelUpSpawn/NS","NS_LevelUp_Burst_Pivot","원본 Niagara 클래스·팩 경로와 신규 생성 명세","2026-10-03 로컬 설치; 팩 루트: /Game/_LevelUpSpawn; 원본 objectpath: /Game/_LevelUpSpawn/NS/NS_LevelUp_Burst_Pivot.NS_LevelUp_Burst_Pivot; Fab: https://www.fab.com/listings/a77fc805-8e31-43ce-b613-17bd39ebf9cd; DataAsset 저장·독립 재로드·구조 검증 통과; 시험 수치·시점·방향 정합은 사용자 확인 대기; Niagara AudioPlayer 바인딩: /Game/_LevelUpSpawn/_GenericSource/SFX/sfx_resurrect_Cue_fast.sfx_resurrect_Cue_fast; 원본 AudioPlayer 플래그: /Game/_LevelUpSpawn/_GenericSource/SFX/sfx_resurrect_Cue_fast.sfx_resurrect_Cue_fast: stopOnDestroy=True, allowLoopingOneShot=False, limitPlaysPerTick=True, maxPlaysPerTick=10; 원본 Audio 사용자 파라미터: User.AudioOn=True; SoundCue 참조: /Game/_LevelUpSpawn/_GenericSource/SFX/sfx_resurrect_Cue_fast.sfx_resurrect_Cue_fast; SoundWave 직접·전이 참조: /Game/_LevelUpSpawn/_GenericSource/SFX/sfx_resurrect.sfx_resurrect; 참조·바인딩 정적 확인이며 실제 재생·청취는 사용자 확인 대기; 시험 수치이며 연출·판정 정합 및 실제 사운드는 사용자 확인 대기; 원본 표현을 회복·보호막에 재사용하며 실제 레벨 상승·부활·소환·순간이동·시간 제어는 수행하지 않음; 신규 스킬 주효과 Audio 파라미터: User.AudioOn=True","생명의 섬광","지원형","DrGameSkillSpecs.json profile=heal"
"지원/LevelUp·Spawn","아군 회복","물리","NiagaraSystem","Level Up and Spawn VFX ( with SFX )","/Game/_LevelUpSpawn/NS","NS_LevelUp_Descend_Root","원본 Niagara 클래스·팩 경로와 신규 생성 명세","2026-10-03 로컬 설치; 팩 루트: /Game/_LevelUpSpawn; 원본 objectpath: /Game/_LevelUpSpawn/NS/NS_LevelUp_Descend_Root.NS_LevelUp_Descend_Root; Fab: https://www.fab.com/listings/a77fc805-8e31-43ce-b613-17bd39ebf9cd; DataAsset 저장·독립 재로드·구조 검증 통과; 시험 수치·시점·방향 정합은 사용자 확인 대기; Niagara AudioPlayer 바인딩: /Game/_LevelUpSpawn/_GenericSource/SFX/sfx__loadout_Cue.sfx__loadout_Cue; 원본 AudioPlayer 플래그: /Game/_LevelUpSpawn/_GenericSource/SFX/sfx__loadout_Cue.sfx__loadout_Cue: stopOnDestroy=True, allowLoopingOneShot=False, limitPlaysPerTick=True, maxPlaysPerTick=10; 원본 Audio 사용자 파라미터: User.AudioOn=True; SoundCue 참조: /Game/_LevelUpSpawn/_GenericSource/SFX/sfx__loadout_Cue.sfx__loadout_Cue; SoundWave 직접·전이 참조: /Game/_LevelUpSpawn/_GenericSource/SFX/sfx__loadout.sfx__loadout; 참조·바인딩 정적 확인이며 실제 재생·청취는 사용자 확인 대기; 시험 수치이며 연출·판정 정합 및 실제 사운드는 사용자 확인 대기; 원본 표현을 회복·보호막에 재사용하며 실제 레벨 상승·부활·소환·순간이동·시간 제어는 수행하지 않음; 신규 스킬 주효과 Audio 파라미터: User.AudioOn=True","내림의 치유","지원형","DrGameSkillSpecs.json profile=heal"
"지원/LevelUp·Spawn","아군 회복","물리","NiagaraSystem","Level Up and Spawn VFX ( with SFX )","/Game/_LevelUpSpawn/NS","NS_LevelUp_Lift_root","원본 Niagara 클래스·팩 경로와 신규 생성 명세","2026-10-03 로컬 설치; 팩 루트: /Game/_LevelUpSpawn; 원본 objectpath: /Game/_LevelUpSpawn/NS/NS_LevelUp_Lift_root.NS_LevelUp_Lift_root; Fab: https://www.fab.com/listings/a77fc805-8e31-43ce-b613-17bd39ebf9cd; DataAsset 저장·독립 재로드·구조 검증 통과; 시험 수치·시점·방향 정합은 사용자 확인 대기; Niagara AudioPlayer 바인딩: /Game/_LevelUpSpawn/_GenericSource/SFX/Sfx_Shoot_CrystalArrow.Sfx_Shoot_CrystalArrow | /Game/_LevelUpSpawn/_GenericSource/SFX/sfx_SpiritUp.sfx_SpiritUp; 원본 AudioPlayer 플래그: /Game/_LevelUpSpawn/_GenericSource/SFX/Sfx_Shoot_CrystalArrow.Sfx_Shoot_CrystalArrow: stopOnDestroy=True, allowLoopingOneShot=False, limitPlaysPerTick=True, maxPlaysPerTick=10 | /Game/_LevelUpSpawn/_GenericSource/SFX/sfx_SpiritUp.sfx_SpiritUp: stopOnDestroy=True, allowLoopingOneShot=False, limitPlaysPerTick=True, maxPlaysPerTick=10; 원본 Audio 사용자 파라미터: User.AudioOn=True; SoundCue 참조: 없음; SoundWave 직접·전이 참조: /Game/_LevelUpSpawn/_GenericSource/SFX/Sfx_Shoot_CrystalArrow.Sfx_Shoot_CrystalArrow | /Game/_LevelUpSpawn/_GenericSource/SFX/sfx_SpiritUp.sfx_SpiritUp; 참조·바인딩 정적 확인이며 실제 재생·청취는 사용자 확인 대기; 시험 수치이며 연출·판정 정합 및 실제 사운드는 사용자 확인 대기; 원본 표현을 회복·보호막에 재사용하며 실제 레벨 상승·부활·소환·순간이동·시간 제어는 수행하지 않음; 신규 스킬 주효과 Audio 파라미터: User.AudioOn=True","회복의 기둥","지원형","DrGameSkillSpecs.json profile=heal"
"지원/LevelUp·Spawn","아군 회복","물리","NiagaraSystem","Level Up and Spawn VFX ( with SFX )","/Game/_LevelUpSpawn/NS","NS_LevelUp_Twist_Root","원본 Niagara 클래스·팩 경로와 신규 생성 명세","2026-10-03 로컬 설치; 팩 루트: /Game/_LevelUpSpawn; 원본 objectpath: /Game/_LevelUpSpawn/NS/NS_LevelUp_Twist_Root.NS_LevelUp_Twist_Root; Fab: https://www.fab.com/listings/a77fc805-8e31-43ce-b613-17bd39ebf9cd; DataAsset 저장·독립 재로드·구조 검증 통과; 시험 수치·시점·방향 정합은 사용자 확인 대기; Niagara AudioPlayer 바인딩: /Game/_LevelUpSpawn/_GenericSource/SFX/Sfx_Shoot_CrystalArrow_Cue00.Sfx_Shoot_CrystalArrow_Cue00 | /Game/_LevelUpSpawn/_GenericSource/SFX/sfx_drone_ambient.sfx_drone_ambient | /Game/_LevelUpSpawn/_GenericSource/SFX/sfx_speedUp.sfx_speedUp; 원본 AudioPlayer 플래그: /Game/_LevelUpSpawn/_GenericSource/SFX/Sfx_Shoot_CrystalArrow_Cue00.Sfx_Shoot_CrystalArrow_Cue00: stopOnDestroy=True, allowLoopingOneShot=False, limitPlaysPerTick=True, maxPlaysPerTick=10 | /Game/_LevelUpSpawn/_GenericSource/SFX/sfx_drone_ambient.sfx_drone_ambient: stopOnDestroy=True, allowLoopingOneShot=False, limitPlaysPerTick=True, maxPlaysPerTick=10 | /Game/_LevelUpSpawn/_GenericSource/SFX/sfx_speedUp.sfx_speedUp: stopOnDestroy=True, allowLoopingOneShot=False, limitPlaysPerTick=True, maxPlaysPerTick=10; 원본 Audio 사용자 파라미터: User.AudioOn=True; SoundCue 참조: /Game/_LevelUpSpawn/_GenericSource/SFX/Sfx_Shoot_CrystalArrow_Cue00.Sfx_Shoot_CrystalArrow_Cue00; SoundWave 직접·전이 참조: /Game/_LevelUpSpawn/_GenericSource/SFX/Sfx_Shoot_CrystalArrow.Sfx_Shoot_CrystalArrow | /Game/_LevelUpSpawn/_GenericSource/SFX/sfx_drone_ambient.sfx_drone_ambient | /Game/_LevelUpSpawn/_GenericSource/SFX/sfx_speedUp.sfx_speedUp; 참조·바인딩 정적 확인이며 실제 재생·청취는 사용자 확인 대기; 시험 수치이며 연출·판정 정합 및 실제 사운드는 사용자 확인 대기; 원본 표현을 회복·보호막에 재사용하며 실제 레벨 상승·부활·소환·순간이동·시간 제어는 수행하지 않음; 신규 스킬 주효과 Audio 파라미터: User.AudioOn=True","회복의 소용돌이","지원형","DrGameSkillSpecs.json profile=heal"
"지원/LevelUp·Spawn","아군 보호막","물리","NiagaraSystem","Level Up and Spawn VFX ( with SFX )","/Game/_LevelUpSpawn/NS","NS_Spawn_Down_Root","원본 Niagara 클래스·팩 경로와 신규 생성 명세","2026-10-03 로컬 설치; 팩 루트: /Game/_LevelUpSpawn; 원본 objectpath: /Game/_LevelUpSpawn/NS/NS_Spawn_Down_Root.NS_Spawn_Down_Root; Fab: https://www.fab.com/listings/a77fc805-8e31-43ce-b613-17bd39ebf9cd; DataAsset 저장·독립 재로드·구조 검증 통과; 시험 수치·시점·방향 정합은 사용자 확인 대기; Niagara AudioPlayer 바인딩: /Game/_LevelUpSpawn/_GenericSource/SFX/Sfx_Weapon_Wand.Sfx_Weapon_Wand; 원본 AudioPlayer 플래그: /Game/_LevelUpSpawn/_GenericSource/SFX/Sfx_Weapon_Wand.Sfx_Weapon_Wand: stopOnDestroy=True, allowLoopingOneShot=False, limitPlaysPerTick=True, maxPlaysPerTick=10; 원본 Audio 사용자 파라미터: User.AudioOn=True; SoundCue 참조: 없음; SoundWave 직접·전이 참조: /Game/_LevelUpSpawn/_GenericSource/SFX/Sfx_Weapon_Wand.Sfx_Weapon_Wand; 참조·바인딩 정적 확인이며 실제 재생·청취는 사용자 확인 대기; 시험 수치이며 연출·판정 정합 및 실제 사운드는 사용자 확인 대기; 원본 표현을 회복·보호막에 재사용하며 실제 레벨 상승·부활·소환·순간이동·시간 제어는 수행하지 않음; 신규 스킬 주효과 Audio 파라미터: User.AudioOn=True","낙하 수호","지원형","DrGameSkillSpecs.json profile=shield"
"지원/LevelUp·Spawn","아군 보호막","물리","NiagaraSystem","Level Up and Spawn VFX ( with SFX )","/Game/_LevelUpSpawn/NS","NS_Spawn_Ground_Root","원본 Niagara 클래스·팩 경로와 신규 생성 명세","2026-10-03 로컬 설치; 팩 루트: /Game/_LevelUpSpawn; 원본 objectpath: /Game/_LevelUpSpawn/NS/NS_Spawn_Ground_Root.NS_Spawn_Ground_Root; Fab: https://www.fab.com/listings/a77fc805-8e31-43ce-b613-17bd39ebf9cd; DataAsset 저장·독립 재로드·구조 검증 통과; 시험 수치·시점·방향 정합은 사용자 확인 대기; Niagara AudioPlayer 바인딩: /Game/_LevelUpSpawn/_GenericSource/SFX/Sfx_RockBorn_Cue.Sfx_RockBorn_Cue; 원본 AudioPlayer 플래그: /Game/_LevelUpSpawn/_GenericSource/SFX/Sfx_RockBorn_Cue.Sfx_RockBorn_Cue: stopOnDestroy=True, allowLoopingOneShot=False, limitPlaysPerTick=True, maxPlaysPerTick=10 | None: stopOnDestroy=True, allowLoopingOneShot=False, limitPlaysPerTick=True, maxPlaysPerTick=10; 원본 Audio 사용자 파라미터: User.AudioOn=True; SoundToPlay 미지정 인터페이스 5개(원본 감사값); SoundCue 참조: /Game/_LevelUpSpawn/_GenericSource/SFX/Sfx_RockBorn_Cue.Sfx_RockBorn_Cue; SoundWave 직접·전이 참조: /Game/_LevelUpSpawn/_GenericSource/SFX/Sfx_RockBorn.Sfx_RockBorn; 참조·바인딩 정적 확인이며 실제 재생·청취는 사용자 확인 대기; 시험 수치이며 연출·판정 정합 및 실제 사운드는 사용자 확인 대기; 원본 표현을 회복·보호막에 재사용하며 실제 레벨 상승·부활·소환·순간이동·시간 제어는 수행하지 않음; 신규 스킬 주효과 Audio 파라미터: User.AudioOn=True","대지 수호","지원형","DrGameSkillSpecs.json profile=shield"
"지원/LevelUp·Spawn","아군 보호막","카오스","NiagaraSystem","Level Up and Spawn VFX ( with SFX )","/Game/_LevelUpSpawn/NS","NS_Spawn_Magic_Root","원본 Niagara 클래스·팩 경로와 신규 생성 명세","2026-10-03 로컬 설치; 팩 루트: /Game/_LevelUpSpawn; 원본 objectpath: /Game/_LevelUpSpawn/NS/NS_Spawn_Magic_Root.NS_Spawn_Magic_Root; Fab: https://www.fab.com/listings/a77fc805-8e31-43ce-b613-17bd39ebf9cd; DataAsset 저장·독립 재로드·구조 검증 통과; 시험 수치·시점·방향 정합은 사용자 확인 대기; Niagara AudioPlayer 바인딩: /Game/_LevelUpSpawn/_GenericSource/SFX/Sfx_Hit_Poison_Cue.Sfx_Hit_Poison_Cue; 원본 AudioPlayer 플래그: /Game/_LevelUpSpawn/_GenericSource/SFX/Sfx_Hit_Poison_Cue.Sfx_Hit_Poison_Cue: stopOnDestroy=True, allowLoopingOneShot=False, limitPlaysPerTick=True, maxPlaysPerTick=10; 원본 Audio 사용자 파라미터: User.AudioON=True; SoundCue 참조: /Game/_LevelUpSpawn/_GenericSource/SFX/Sfx_Hit_Poison_Cue.Sfx_Hit_Poison_Cue; SoundWave 직접·전이 참조: /Game/_LevelUpSpawn/_GenericSource/SFX/Sfx_Hit_Poison.Sfx_Hit_Poison; 참조·바인딩 정적 확인이며 실제 재생·청취는 사용자 확인 대기; 시험 수치이며 연출·판정 정합 및 실제 사운드는 사용자 확인 대기; 원본 표현을 회복·보호막에 재사용하며 실제 레벨 상승·부활·소환·순간이동·시간 제어는 수행하지 않음; 신규 스킬 주효과 Audio 파라미터: User.AudioON=True","마력 수호","지원형","DrGameSkillSpecs.json profile=shield"
"지원/LevelUp·Spawn","아군 보호막","물리","NiagaraSystem","Level Up and Spawn VFX ( with SFX )","/Game/_LevelUpSpawn/NS","NS_Spawn_Ninja_Root","원본 Niagara 클래스·팩 경로와 신규 생성 명세","2026-10-03 로컬 설치; 팩 루트: /Game/_LevelUpSpawn; 원본 objectpath: /Game/_LevelUpSpawn/NS/NS_Spawn_Ninja_Root.NS_Spawn_Ninja_Root; Fab: https://www.fab.com/listings/a77fc805-8e31-43ce-b613-17bd39ebf9cd; DataAsset 저장·독립 재로드·구조 검증 통과; 시험 수치·시점·방향 정합은 사용자 확인 대기; Niagara AudioPlayer 바인딩: /Game/_LevelUpSpawn/_GenericSource/SFX/Sfx_Flame_splash_high_Cue.Sfx_Flame_splash_high_Cue; 원본 AudioPlayer 플래그: /Game/_LevelUpSpawn/_GenericSource/SFX/Sfx_Flame_splash_high_Cue.Sfx_Flame_splash_high_Cue: stopOnDestroy=True, allowLoopingOneShot=False, limitPlaysPerTick=True, maxPlaysPerTick=10; 원본 Audio 사용자 파라미터: User.AudioON=True; SoundCue 참조: /Game/_LevelUpSpawn/_GenericSource/SFX/Sfx_Flame_splash_high_Cue.Sfx_Flame_splash_high_Cue; SoundWave 직접·전이 참조: /Game/_LevelUpSpawn/_GenericSource/SFX/Sfx_Flame_splash_high.Sfx_Flame_splash_high; 참조·바인딩 정적 확인이며 실제 재생·청취는 사용자 확인 대기; 시험 수치이며 연출·판정 정합 및 실제 사운드는 사용자 확인 대기; 원본 표현을 회복·보호막에 재사용하며 실제 레벨 상승·부활·소환·순간이동·시간 제어는 수행하지 않음; 신규 스킬 주효과 Audio 파라미터: User.AudioON=True","연막 수호","지원형","DrGameSkillSpecs.json profile=shield"
"지원/LevelUp·Spawn","아군 보호막","카오스","NiagaraSystem","Level Up and Spawn VFX ( with SFX )","/Game/_LevelUpSpawn/NS","NS_Spawn_Teleport_Root","원본 Niagara 클래스·팩 경로와 신규 생성 명세","2026-10-03 로컬 설치; 팩 루트: /Game/_LevelUpSpawn; 원본 objectpath: /Game/_LevelUpSpawn/NS/NS_Spawn_Teleport_Root.NS_Spawn_Teleport_Root; Fab: https://www.fab.com/listings/a77fc805-8e31-43ce-b613-17bd39ebf9cd; DataAsset 저장·독립 재로드·구조 검증 통과; 시험 수치·시점·방향 정합은 사용자 확인 대기; Niagara AudioPlayer 바인딩: /Game/_LevelUpSpawn/_GenericSource/SFX/sfx_MagicUp.sfx_MagicUp | /Game/_LevelUpSpawn/_GenericSource/SFX/sfx_hack_end_Cue.sfx_hack_end_Cue; 원본 AudioPlayer 플래그: /Game/_LevelUpSpawn/_GenericSource/SFX/sfx_MagicUp.sfx_MagicUp: stopOnDestroy=True, allowLoopingOneShot=False, limitPlaysPerTick=True, maxPlaysPerTick=10 | /Game/_LevelUpSpawn/_GenericSource/SFX/sfx_hack_end_Cue.sfx_hack_end_Cue: stopOnDestroy=True, allowLoopingOneShot=False, limitPlaysPerTick=True, maxPlaysPerTick=10; 원본 Audio 사용자 파라미터: User.AudioOn=True; SoundCue 참조: /Game/_LevelUpSpawn/_GenericSource/SFX/sfx_hack_end_Cue.sfx_hack_end_Cue; SoundWave 직접·전이 참조: /Game/_LevelUpSpawn/_GenericSource/SFX/sfx_MagicUp.sfx_MagicUp | /Game/_LevelUpSpawn/_GenericSource/SFX/sfx_hack_end.sfx_hack_end; 참조·바인딩 정적 확인이며 실제 재생·청취는 사용자 확인 대기; 시험 수치이며 연출·판정 정합 및 실제 사운드는 사용자 확인 대기; 원본 표현을 회복·보호막에 재사용하며 실제 레벨 상승·부활·소환·순간이동·시간 제어는 수행하지 않음; 신규 스킬 주효과 Audio 파라미터: User.AudioOn=True","차원 수호","지원형","DrGameSkillSpecs.json profile=shield"
"지원/LevelUp·Spawn","아군 보호막","물리","NiagaraSystem","Level Up and Spawn VFX ( with SFX )","/Game/_LevelUpSpawn/NS","NS_Spawn_Up_Root","원본 Niagara 클래스·팩 경로와 신규 생성 명세","2026-10-03 로컬 설치; 팩 루트: /Game/_LevelUpSpawn; 원본 objectpath: /Game/_LevelUpSpawn/NS/NS_Spawn_Up_Root.NS_Spawn_Up_Root; Fab: https://www.fab.com/listings/a77fc805-8e31-43ce-b613-17bd39ebf9cd; DataAsset 저장·독립 재로드·구조 검증 통과; 시험 수치·시점·방향 정합은 사용자 확인 대기; Niagara AudioPlayer 바인딩: /Game/_LevelUpSpawn/_GenericSource/SFX/sfx_Charge_Intake2_Cue.sfx_Charge_Intake2_Cue | /Game/_LevelUpSpawn/_GenericSource/SFX/sfx_star2.sfx_star2; 원본 AudioPlayer 플래그: /Game/_LevelUpSpawn/_GenericSource/SFX/sfx_Charge_Intake2_Cue.sfx_Charge_Intake2_Cue: stopOnDestroy=True, allowLoopingOneShot=False, limitPlaysPerTick=True, maxPlaysPerTick=10 | /Game/_LevelUpSpawn/_GenericSource/SFX/sfx_star2.sfx_star2: stopOnDestroy=True, allowLoopingOneShot=False, limitPlaysPerTick=True, maxPlaysPerTick=10; 원본 Audio 사용자 파라미터: User.AudioOn=True; SoundCue 참조: /Game/_LevelUpSpawn/_GenericSource/SFX/sfx_Charge_Intake2_Cue.sfx_Charge_Intake2_Cue; SoundWave 직접·전이 참조: /Game/_LevelUpSpawn/_GenericSource/SFX/sfx_Charge_Intake2.sfx_Charge_Intake2 | /Game/_LevelUpSpawn/_GenericSource/SFX/sfx_star2.sfx_star2; 참조·바인딩 정적 확인이며 실제 재생·청취는 사용자 확인 대기; 시험 수치이며 연출·판정 정합 및 실제 사운드는 사용자 확인 대기; 원본 표현을 회복·보호막에 재사용하며 실제 레벨 상승·부활·소환·순간이동·시간 제어는 수행하지 않음; 신규 스킬 주효과 Audio 파라미터: User.AudioOn=True","상승 수호","지원형","DrGameSkillSpecs.json profile=shield"
"투사체/Projectile","직선 투사체","불","NiagaraSystem","ProjectileVFX with Hit and Launch VFX ( with SFX )","/Game/ProjectileHitVFX/NS","NS_AerolithCurved","원본 Niagara 클래스·팩 경로와 신규 생성 명세","2026-10-03 로컬 설치; 팩 루트: /Game/ProjectileHitVFX; 원본 objectpath: /Game/ProjectileHitVFX/NS/NS_AerolithCurved.NS_AerolithCurved; Fab: https://www.fab.com/listings/4f4de421-d1dc-49c3-b66d-fb22fa8d015e; DataAsset 저장·독립 재로드·구조 검증 통과; 시험 수치·시점·방향 정합은 사용자 확인 대기; Niagara AudioPlayer 바인딩: /Game/ProjectileHitVFX/_GenericSource/SFX/Sfx_Shoot_BigFire_Cue.Sfx_Shoot_BigFire_Cue; 원본 AudioPlayer 플래그: /Game/ProjectileHitVFX/_GenericSource/SFX/Sfx_Shoot_BigFire_Cue.Sfx_Shoot_BigFire_Cue: stopOnDestroy=True, allowLoopingOneShot=False, limitPlaysPerTick=True, maxPlaysPerTick=10; 원본 Audio 사용자 파라미터: User.AudioOn=True; SoundCue 참조: /Game/ProjectileHitVFX/_GenericSource/SFX/Sfx_Shoot_BigFire_Cue.Sfx_Shoot_BigFire_Cue; SoundWave 직접·전이 참조: /Game/ProjectileHitVFX/_GenericSource/SFX/Sfx_Shoot_BigFire.Sfx_Shoot_BigFire; 참조·바인딩 정적 확인이며 실제 재생·청취는 사용자 확인 대기; 시험 수치이며 연출·판정 정합 및 실제 사운드는 사용자 확인 대기; 단일 직선 투사체이며 원본 데모의 곡선 비행·관통·유도 로직은 실행하지 않음; 신규 스킬 주효과 Audio 파라미터: User.AudioOn=True","유성 편린","투사체","DrGameSkillSpecs.json profile=projectile"
"투사체/Projectile","직선 투사체","물리","NiagaraSystem","ProjectileVFX with Hit and Launch VFX ( with SFX )","/Game/ProjectileHitVFX/NS","NS_Arrow","원본 Niagara 클래스·팩 경로와 신규 생성 명세","2026-10-03 로컬 설치; 팩 루트: /Game/ProjectileHitVFX; 원본 objectpath: /Game/ProjectileHitVFX/NS/NS_Arrow.NS_Arrow; Fab: https://www.fab.com/listings/4f4de421-d1dc-49c3-b66d-fb22fa8d015e; DataAsset 저장·독립 재로드·구조 검증 통과; 시험 수치·시점·방향 정합은 사용자 확인 대기; Niagara AudioPlayer 바인딩: /Game/ProjectileHitVFX/_GenericSource/SFX/Sfx_shoot_arrow_01_Cue.Sfx_shoot_arrow_01_Cue; 원본 AudioPlayer 플래그: /Game/ProjectileHitVFX/_GenericSource/SFX/Sfx_shoot_arrow_01_Cue.Sfx_shoot_arrow_01_Cue: stopOnDestroy=True, allowLoopingOneShot=False, limitPlaysPerTick=True, maxPlaysPerTick=10; 원본 Audio 사용자 파라미터: User.AudioOn=True; SoundCue 참조: /Game/ProjectileHitVFX/_GenericSource/SFX/Sfx_shoot_arrow_01_Cue.Sfx_shoot_arrow_01_Cue; SoundWave 직접·전이 참조: /Game/ProjectileHitVFX/_GenericSource/SFX/Sfx_shoot_arrow_01.Sfx_shoot_arrow_01; 참조·바인딩 정적 확인이며 실제 재생·청취는 사용자 확인 대기; 시험 수치이며 연출·판정 정합 및 실제 사운드는 사용자 확인 대기; 단일 직선 투사체이며 원본 데모의 곡선 비행·관통·유도 로직은 실행하지 않음; 신규 스킬 주효과 Audio 파라미터: User.AudioOn=True","정밀 화살","투사체","DrGameSkillSpecs.json profile=projectile"
"투사체/Projectile","직선 투사체","카오스","NiagaraSystem","ProjectileVFX with Hit and Launch VFX ( with SFX )","/Game/ProjectileHitVFX/NS","NS_Comet","원본 Niagara 클래스·팩 경로와 신규 생성 명세","2026-10-03 로컬 설치; 팩 루트: /Game/ProjectileHitVFX; 원본 objectpath: /Game/ProjectileHitVFX/NS/NS_Comet.NS_Comet; Fab: https://www.fab.com/listings/4f4de421-d1dc-49c3-b66d-fb22fa8d015e; DataAsset 저장·독립 재로드·구조 검증 통과; 시험 수치·시점·방향 정합은 사용자 확인 대기; Niagara AudioPlayer 바인딩: /Game/ProjectileHitVFX/_GenericSource/SFX/sfx_LoveMagic_Cue.sfx_LoveMagic_Cue; 원본 AudioPlayer 플래그: /Game/ProjectileHitVFX/_GenericSource/SFX/sfx_LoveMagic_Cue.sfx_LoveMagic_Cue: stopOnDestroy=True, allowLoopingOneShot=False, limitPlaysPerTick=True, maxPlaysPerTick=10; 원본 Audio 사용자 파라미터: User.AudioOn=True; SoundCue 참조: /Game/ProjectileHitVFX/_GenericSource/SFX/sfx_LoveMagic_Cue.sfx_LoveMagic_Cue; SoundWave 직접·전이 참조: /Game/ProjectileHitVFX/_GenericSource/SFX/sfx_MpUp.sfx_MpUp; 참조·바인딩 정적 확인이며 실제 재생·청취는 사용자 확인 대기; 시험 수치이며 연출·판정 정합 및 실제 사운드는 사용자 확인 대기; 단일 직선 투사체이며 원본 데모의 곡선 비행·관통·유도 로직은 실행하지 않음; 신규 스킬 주효과 Audio 파라미터: User.AudioOn=True","혜성탄","투사체","DrGameSkillSpecs.json profile=projectile"
"투사체/Projectile","직선 투사체","불","NiagaraSystem","ProjectileVFX with Hit and Launch VFX ( with SFX )","/Game/ProjectileHitVFX/NS","NS_FireBall","원본 Niagara 클래스·팩 경로와 신규 생성 명세","2026-10-03 로컬 설치; 팩 루트: /Game/ProjectileHitVFX; 원본 objectpath: /Game/ProjectileHitVFX/NS/NS_FireBall.NS_FireBall; Fab: https://www.fab.com/listings/4f4de421-d1dc-49c3-b66d-fb22fa8d015e; DataAsset 저장·독립 재로드·구조 검증 통과; 시험 수치·시점·방향 정합은 사용자 확인 대기; Niagara AudioPlayer 바인딩: /Game/ProjectileHitVFX/_GenericSource/SFX/sfx_JetPack_Cue1.sfx_JetPack_Cue1; 원본 AudioPlayer 플래그: /Game/ProjectileHitVFX/_GenericSource/SFX/sfx_JetPack_Cue1.sfx_JetPack_Cue1: stopOnDestroy=True, allowLoopingOneShot=False, limitPlaysPerTick=True, maxPlaysPerTick=10; 원본 Audio 사용자 파라미터: User.AudioOn=True; SoundCue 참조: /Game/ProjectileHitVFX/_GenericSource/SFX/sfx_JetPack_Cue1.sfx_JetPack_Cue1; SoundWave 직접·전이 참조: /Game/ProjectileHitVFX/_GenericSource/SFX/sfx_JetPack.sfx_JetPack; 참조·바인딩 정적 확인이며 실제 재생·청취는 사용자 확인 대기; 시험 수치이며 연출·판정 정합 및 실제 사운드는 사용자 확인 대기; 단일 직선 투사체이며 원본 데모의 곡선 비행·관통·유도 로직은 실행하지 않음; 신규 스킬 주효과 Audio 파라미터: User.AudioOn=True","불덩이","투사체","DrGameSkillSpecs.json profile=projectile"
"투사체/Projectile","피격 효과","","NiagaraSystem","ProjectileVFX with Hit and Launch VFX ( with SFX )","/Game/ProjectileHitVFX/NS","NS_HIt_Explosion","원본 Niagara 클래스·팩 경로와 신규 생성 명세","2026-10-03 로컬 설치; 팩 루트: /Game/ProjectileHitVFX; 원본 objectpath: /Game/ProjectileHitVFX/NS/NS_HIt_Explosion.NS_HIt_Explosion; Fab: https://www.fab.com/listings/4f4de421-d1dc-49c3-b66d-fb22fa8d015e; 보조·표시·시각 대안 원본; 독립 스킬은 미생성; 속성 미배정; Niagara AudioPlayer 바인딩: /Game/ProjectileHitVFX/_GenericSource/SFX/Sfx_Hit_Explosion_classic_s_Cue2.Sfx_Hit_Explosion_classic_s_Cue2; 원본 AudioPlayer 플래그: /Game/ProjectileHitVFX/_GenericSource/SFX/Sfx_Hit_Explosion_classic_s_Cue2.Sfx_Hit_Explosion_classic_s_Cue2: stopOnDestroy=True, allowLoopingOneShot=False, limitPlaysPerTick=True, maxPlaysPerTick=10; 원본 Audio 사용자 파라미터: User.AudioON=True; SoundCue 참조: /Game/ProjectileHitVFX/_GenericSource/SFX/Sfx_Hit_Explosion_classic_s_Cue2.Sfx_Hit_Explosion_classic_s_Cue2; SoundWave 직접·전이 참조: /Game/ProjectileHitVFX/_GenericSource/SFX/Sfx_Hit_Explosion_classic_s.Sfx_Hit_Explosion_classic_s; 참조·바인딩 정적 확인이며 실제 재생·청취는 사용자 확인 대기; 명중·지속 타격 보조 효과","폭발 피격","보조 효과","DrGameSkillSpecs.json 미생성 보조 항목; 명중·지속 타격 보조 효과"
"투사체/Projectile","피격 효과","","NiagaraSystem","ProjectileVFX with Hit and Launch VFX ( with SFX )","/Game/ProjectileHitVFX/NS","NS_Hit_Arrow","원본 Niagara 클래스·팩 경로와 신규 생성 명세","2026-10-03 로컬 설치; 팩 루트: /Game/ProjectileHitVFX; 원본 objectpath: /Game/ProjectileHitVFX/NS/NS_Hit_Arrow.NS_Hit_Arrow; Fab: https://www.fab.com/listings/4f4de421-d1dc-49c3-b66d-fb22fa8d015e; 보조·표시·시각 대안 원본; 독립 스킬은 미생성; 속성 미배정; Niagara AudioPlayer 바인딩: /Game/ProjectileHitVFX/_GenericSource/SFX/Sfx_Hit_BloodClaw_Cue.Sfx_Hit_BloodClaw_Cue | /Game/ProjectileHitVFX/_GenericSource/SFX/Sfx_Hit_Dagger_Cue.Sfx_Hit_Dagger_Cue | /Game/ProjectileHitVFX/_GenericSource/SFX/Sfx_Hit_Sword_Cue.Sfx_Hit_Sword_Cue; 원본 AudioPlayer 플래그: /Game/ProjectileHitVFX/_GenericSource/SFX/Sfx_Hit_BloodClaw_Cue.Sfx_Hit_BloodClaw_Cue: stopOnDestroy=True, allowLoopingOneShot=False, limitPlaysPerTick=True, maxPlaysPerTick=10 | /Game/ProjectileHitVFX/_GenericSource/SFX/Sfx_Hit_Dagger_Cue.Sfx_Hit_Dagger_Cue: stopOnDestroy=True, allowLoopingOneShot=False, limitPlaysPerTick=True, maxPlaysPerTick=10 | /Game/ProjectileHitVFX/_GenericSource/SFX/Sfx_Hit_Sword_Cue.Sfx_Hit_Sword_Cue: stopOnDestroy=True, allowLoopingOneShot=False, limitPlaysPerTick=True, maxPlaysPerTick=10; 원본 Audio 사용자 파라미터: User.AudioOn=True; SoundCue 참조: /Game/ProjectileHitVFX/_GenericSource/SFX/Sfx_Hit_BloodClaw_Cue.Sfx_Hit_BloodClaw_Cue | /Game/ProjectileHitVFX/_GenericSource/SFX/Sfx_Hit_Dagger_Cue.Sfx_Hit_Dagger_Cue | /Game/ProjectileHitVFX/_GenericSource/SFX/Sfx_Hit_Sword_Cue.Sfx_Hit_Sword_Cue; SoundWave 직접·전이 참조: /Game/ProjectileHitVFX/_GenericSource/SFX/Sfx_Hit_BloodClaw.Sfx_Hit_BloodClaw | /Game/ProjectileHitVFX/_GenericSource/SFX/Sfx_Hit_SwordDagger.Sfx_Hit_SwordDagger; 참조·바인딩 정적 확인이며 실제 재생·청취는 사용자 확인 대기; 명중·지속 타격 보조 효과","화살 피격","보조 효과","DrGameSkillSpecs.json 미생성 보조 항목; 명중·지속 타격 보조 효과"
"투사체/Projectile","피격 효과","","NiagaraSystem","ProjectileVFX with Hit and Launch VFX ( with SFX )","/Game/ProjectileHitVFX/NS","NS_Hit_Blade","원본 Niagara 클래스·팩 경로와 신규 생성 명세","2026-10-03 로컬 설치; 팩 루트: /Game/ProjectileHitVFX; 원본 objectpath: /Game/ProjectileHitVFX/NS/NS_Hit_Blade.NS_Hit_Blade; Fab: https://www.fab.com/listings/4f4de421-d1dc-49c3-b66d-fb22fa8d015e; 보조·표시·시각 대안 원본; 독립 스킬은 미생성; 속성 미배정; Niagara AudioPlayer 바인딩: /Game/ProjectileHitVFX/_GenericSource/SFX/Sfx_Hit_BloodClaw_Cue.Sfx_Hit_BloodClaw_Cue | /Game/ProjectileHitVFX/_GenericSource/SFX/Sfx_Hit_Sword_Cue.Sfx_Hit_Sword_Cue; 원본 AudioPlayer 플래그: /Game/ProjectileHitVFX/_GenericSource/SFX/Sfx_Hit_BloodClaw_Cue.Sfx_Hit_BloodClaw_Cue: stopOnDestroy=True, allowLoopingOneShot=False, limitPlaysPerTick=True, maxPlaysPerTick=10 | /Game/ProjectileHitVFX/_GenericSource/SFX/Sfx_Hit_Sword_Cue.Sfx_Hit_Sword_Cue: stopOnDestroy=True, allowLoopingOneShot=False, limitPlaysPerTick=True, maxPlaysPerTick=10; 원본 Audio 사용자 파라미터: User.AudioOn=True; SoundCue 참조: /Game/ProjectileHitVFX/_GenericSource/SFX/Sfx_Hit_BloodClaw_Cue.Sfx_Hit_BloodClaw_Cue | /Game/ProjectileHitVFX/_GenericSource/SFX/Sfx_Hit_Sword_Cue.Sfx_Hit_Sword_Cue; SoundWave 직접·전이 참조: /Game/ProjectileHitVFX/_GenericSource/SFX/Sfx_Hit_BloodClaw.Sfx_Hit_BloodClaw | /Game/ProjectileHitVFX/_GenericSource/SFX/Sfx_Hit_SwordDagger.Sfx_Hit_SwordDagger; 참조·바인딩 정적 확인이며 실제 재생·청취는 사용자 확인 대기; 명중·지속 타격 보조 효과","칼날 피격","보조 효과","DrGameSkillSpecs.json 미생성 보조 항목; 명중·지속 타격 보조 효과"
"투사체/Projectile","피격 효과","","NiagaraSystem","ProjectileVFX with Hit and Launch VFX ( with SFX )","/Game/ProjectileHitVFX/NS","NS_Hit_Bless","원본 Niagara 클래스·팩 경로와 신규 생성 명세","2026-10-03 로컬 설치; 팩 루트: /Game/ProjectileHitVFX; 원본 objectpath: /Game/ProjectileHitVFX/NS/NS_Hit_Bless.NS_Hit_Bless; Fab: https://www.fab.com/listings/4f4de421-d1dc-49c3-b66d-fb22fa8d015e; 보조·표시·시각 대안 원본; 독립 스킬은 미생성; 속성 미배정; Niagara AudioPlayer 바인딩: /Game/ProjectileHitVFX/_GenericSource/SFX/Sfx_Hit_Dagger_Cue.Sfx_Hit_Dagger_Cue | /Game/ProjectileHitVFX/_GenericSource/SFX/sfx_LoveMagic_Cue.sfx_LoveMagic_Cue; 원본 AudioPlayer 플래그: /Game/ProjectileHitVFX/_GenericSource/SFX/Sfx_Hit_Dagger_Cue.Sfx_Hit_Dagger_Cue: stopOnDestroy=True, allowLoopingOneShot=False, limitPlaysPerTick=True, maxPlaysPerTick=10 | /Game/ProjectileHitVFX/_GenericSource/SFX/sfx_LoveMagic_Cue.sfx_LoveMagic_Cue: stopOnDestroy=True, allowLoopingOneShot=False, limitPlaysPerTick=True, maxPlaysPerTick=10; 원본 Audio 사용자 파라미터: User.AudioOn=True; SoundCue 참조: /Game/ProjectileHitVFX/_GenericSource/SFX/Sfx_Hit_Dagger_Cue.Sfx_Hit_Dagger_Cue | /Game/ProjectileHitVFX/_GenericSource/SFX/sfx_LoveMagic_Cue.sfx_LoveMagic_Cue; SoundWave 직접·전이 참조: /Game/ProjectileHitVFX/_GenericSource/SFX/Sfx_Hit_SwordDagger.Sfx_Hit_SwordDagger | /Game/ProjectileHitVFX/_GenericSource/SFX/sfx_MpUp.sfx_MpUp; 참조·바인딩 정적 확인이며 실제 재생·청취는 사용자 확인 대기; 명중·지속 타격 보조 효과","축복 피격","보조 효과","DrGameSkillSpecs.json 미생성 보조 항목; 명중·지속 타격 보조 효과"
"투사체/Projectile","피격 효과","","NiagaraSystem","ProjectileVFX with Hit and Launch VFX ( with SFX )","/Game/ProjectileHitVFX/NS","NS_Hit_ColdBlood","원본 Niagara 클래스·팩 경로와 신규 생성 명세","2026-10-03 로컬 설치; 팩 루트: /Game/ProjectileHitVFX; 원본 objectpath: /Game/ProjectileHitVFX/NS/NS_Hit_ColdBlood.NS_Hit_ColdBlood; Fab: https://www.fab.com/listings/4f4de421-d1dc-49c3-b66d-fb22fa8d015e; 보조·표시·시각 대안 원본; 독립 스킬은 미생성; 속성 미배정; Niagara AudioPlayer 바인딩: /Game/ProjectileHitVFX/_GenericSource/SFX/Sfx_Hit_BloodClaw_Cue.Sfx_Hit_BloodClaw_Cue | /Game/ProjectileHitVFX/_GenericSource/SFX/Sfx_Hit_Sword_Cue.Sfx_Hit_Sword_Cue; 원본 AudioPlayer 플래그: /Game/ProjectileHitVFX/_GenericSource/SFX/Sfx_Hit_BloodClaw_Cue.Sfx_Hit_BloodClaw_Cue: stopOnDestroy=True, allowLoopingOneShot=False, limitPlaysPerTick=True, maxPlaysPerTick=10 | /Game/ProjectileHitVFX/_GenericSource/SFX/Sfx_Hit_Sword_Cue.Sfx_Hit_Sword_Cue: stopOnDestroy=True, allowLoopingOneShot=False, limitPlaysPerTick=True, maxPlaysPerTick=10; 원본 Audio 사용자 파라미터: User.AudioOn=True; SoundCue 참조: /Game/ProjectileHitVFX/_GenericSource/SFX/Sfx_Hit_BloodClaw_Cue.Sfx_Hit_BloodClaw_Cue | /Game/ProjectileHitVFX/_GenericSource/SFX/Sfx_Hit_Sword_Cue.Sfx_Hit_Sword_Cue; SoundWave 직접·전이 참조: /Game/ProjectileHitVFX/_GenericSource/SFX/Sfx_Hit_BloodClaw.Sfx_Hit_BloodClaw | /Game/ProjectileHitVFX/_GenericSource/SFX/Sfx_Hit_SwordDagger.Sfx_Hit_SwordDagger; 참조·바인딩 정적 확인이며 실제 재생·청취는 사용자 확인 대기; 명중·지속 타격 보조 효과","냉혈 피격","보조 효과","DrGameSkillSpecs.json 미생성 보조 항목; 명중·지속 타격 보조 효과"
"투사체/Projectile","피격 효과","","NiagaraSystem","ProjectileVFX with Hit and Launch VFX ( with SFX )","/Game/ProjectileHitVFX/NS","NS_Hit_Eletric_01","원본 Niagara 클래스·팩 경로와 신규 생성 명세","2026-10-03 로컬 설치; 팩 루트: /Game/ProjectileHitVFX; 원본 objectpath: /Game/ProjectileHitVFX/NS/NS_Hit_Eletric_01.NS_Hit_Eletric_01; Fab: https://www.fab.com/listings/4f4de421-d1dc-49c3-b66d-fb22fa8d015e; 보조·표시·시각 대안 원본; 독립 스킬은 미생성; 속성 미배정; Niagara AudioPlayer 바인딩: /Game/ProjectileHitVFX/_GenericSource/SFX/Sfx_Hit_Thunder_short_Cue.Sfx_Hit_Thunder_short_Cue; 원본 AudioPlayer 플래그: /Game/ProjectileHitVFX/_GenericSource/SFX/Sfx_Hit_Thunder_short_Cue.Sfx_Hit_Thunder_short_Cue: stopOnDestroy=True, allowLoopingOneShot=False, limitPlaysPerTick=True, maxPlaysPerTick=10; 원본 Audio 사용자 파라미터: User.AudioOn=True; SoundCue 참조: /Game/ProjectileHitVFX/_GenericSource/SFX/Sfx_Hit_Thunder_short_Cue.Sfx_Hit_Thunder_short_Cue; SoundWave 직접·전이 참조: /Game/ProjectileHitVFX/_GenericSource/SFX/Sfx_Hit_Thunder_short.Sfx_Hit_Thunder_short; 참조·바인딩 정적 확인이며 실제 재생·청취는 사용자 확인 대기; 명중·지속 타격 보조 효과","전기 피격","보조 효과","DrGameSkillSpecs.json 미생성 보조 항목; 명중·지속 타격 보조 효과"
"투사체/Projectile","피격 효과","","NiagaraSystem","ProjectileVFX with Hit and Launch VFX ( with SFX )","/Game/ProjectileHitVFX/NS","NS_Hit_Fire_01","원본 Niagara 클래스·팩 경로와 신규 생성 명세","2026-10-03 로컬 설치; 팩 루트: /Game/ProjectileHitVFX; 원본 objectpath: /Game/ProjectileHitVFX/NS/NS_Hit_Fire_01.NS_Hit_Fire_01; Fab: https://www.fab.com/listings/4f4de421-d1dc-49c3-b66d-fb22fa8d015e; 보조·표시·시각 대안 원본; 독립 스킬은 미생성; 속성 미배정; Niagara AudioPlayer 바인딩: /Game/ProjectileHitVFX/_GenericSource/SFX/Sfx_Hit_MagicFire_Cue.Sfx_Hit_MagicFire_Cue; 원본 AudioPlayer 플래그: /Game/ProjectileHitVFX/_GenericSource/SFX/Sfx_Hit_MagicFire_Cue.Sfx_Hit_MagicFire_Cue: stopOnDestroy=True, allowLoopingOneShot=False, limitPlaysPerTick=True, maxPlaysPerTick=10; 원본 Audio 사용자 파라미터: User.AudioOn=True; SoundCue 참조: /Game/ProjectileHitVFX/_GenericSource/SFX/Sfx_Hit_MagicFire_Cue.Sfx_Hit_MagicFire_Cue; SoundWave 직접·전이 참조: /Game/ProjectileHitVFX/_GenericSource/SFX/Sfx_Hit_MagicStaff.Sfx_Hit_MagicStaff; 참조·바인딩 정적 확인이며 실제 재생·청취는 사용자 확인 대기; 명중·지속 타격 보조 효과","화염 피격","보조 효과","DrGameSkillSpecs.json 미생성 보조 항목; 명중·지속 타격 보조 효과"
"투사체/Projectile","피격 효과","","NiagaraSystem","ProjectileVFX with Hit and Launch VFX ( with SFX )","/Game/ProjectileHitVFX/NS","NS_Hit_HolyWind","원본 Niagara 클래스·팩 경로와 신규 생성 명세","2026-10-03 로컬 설치; 팩 루트: /Game/ProjectileHitVFX; 원본 objectpath: /Game/ProjectileHitVFX/NS/NS_Hit_HolyWind.NS_Hit_HolyWind; Fab: https://www.fab.com/listings/4f4de421-d1dc-49c3-b66d-fb22fa8d015e; 보조·표시·시각 대안 원본; 독립 스킬은 미생성; 속성 미배정; Niagara AudioPlayer 바인딩: /Game/ProjectileHitVFX/_GenericSource/SFX/Sfx_Hit_MagicStaff_Cue.Sfx_Hit_MagicStaff_Cue; 원본 AudioPlayer 플래그: /Game/ProjectileHitVFX/_GenericSource/SFX/Sfx_Hit_MagicStaff_Cue.Sfx_Hit_MagicStaff_Cue: stopOnDestroy=True, allowLoopingOneShot=False, limitPlaysPerTick=True, maxPlaysPerTick=10; 원본 Audio 사용자 파라미터: User.AudioOn=True; SoundCue 참조: /Game/ProjectileHitVFX/_GenericSource/SFX/Sfx_Hit_MagicStaff_Cue.Sfx_Hit_MagicStaff_Cue; SoundWave 직접·전이 참조: /Game/ProjectileHitVFX/_GenericSource/SFX/Sfx_Hit_MagicStaff.Sfx_Hit_MagicStaff; 참조·바인딩 정적 확인이며 실제 재생·청취는 사용자 확인 대기; 명중·지속 타격 보조 효과","신성 바람 피격","보조 효과","DrGameSkillSpecs.json 미생성 보조 항목; 명중·지속 타격 보조 효과"
"투사체/Projectile","피격 효과","","NiagaraSystem","ProjectileVFX with Hit and Launch VFX ( with SFX )","/Game/ProjectileHitVFX/NS","NS_Hit_Ice_01","원본 Niagara 클래스·팩 경로와 신규 생성 명세","2026-10-03 로컬 설치; 팩 루트: /Game/ProjectileHitVFX; 원본 objectpath: /Game/ProjectileHitVFX/NS/NS_Hit_Ice_01.NS_Hit_Ice_01; Fab: https://www.fab.com/listings/4f4de421-d1dc-49c3-b66d-fb22fa8d015e; 보조·표시·시각 대안 원본; 독립 스킬은 미생성; 속성 미배정; Niagara AudioPlayer 바인딩: /Game/ProjectileHitVFX/_GenericSource/SFX/Sfx_Hit_Ice_ball_Cue.Sfx_Hit_Ice_ball_Cue | /Game/ProjectileHitVFX/_GenericSource/SFX/Sfx_Hit_eletric_short_Cue.Sfx_Hit_eletric_short_Cue; 원본 AudioPlayer 플래그: /Game/ProjectileHitVFX/_GenericSource/SFX/Sfx_Hit_Ice_ball_Cue.Sfx_Hit_Ice_ball_Cue: stopOnDestroy=True, allowLoopingOneShot=False, limitPlaysPerTick=True, maxPlaysPerTick=10 | /Game/ProjectileHitVFX/_GenericSource/SFX/Sfx_Hit_eletric_short_Cue.Sfx_Hit_eletric_short_Cue: stopOnDestroy=True, allowLoopingOneShot=False, limitPlaysPerTick=True, maxPlaysPerTick=10; 원본 Audio 사용자 파라미터: User.AudioOn=True; SoundCue 참조: /Game/ProjectileHitVFX/_GenericSource/SFX/Sfx_Hit_Ice_ball_Cue.Sfx_Hit_Ice_ball_Cue | /Game/ProjectileHitVFX/_GenericSource/SFX/Sfx_Hit_eletric_short_Cue.Sfx_Hit_eletric_short_Cue; SoundWave 직접·전이 참조: /Game/ProjectileHitVFX/_GenericSource/SFX/Sfx_Hit_Ice_ball.Sfx_Hit_Ice_ball | /Game/ProjectileHitVFX/_GenericSource/SFX/Sfx_Hit_eletric_short.Sfx_Hit_eletric_short; 참조·바인딩 정적 확인이며 실제 재생·청취는 사용자 확인 대기; 명중·지속 타격 보조 효과","얼음 피격","보조 효과","DrGameSkillSpecs.json 미생성 보조 항목; 명중·지속 타격 보조 효과"
"투사체/Projectile","피격 효과","","NiagaraSystem","ProjectileVFX with Hit and Launch VFX ( with SFX )","/Game/ProjectileHitVFX/NS","NS_Hit_Magic","원본 Niagara 클래스·팩 경로와 신규 생성 명세","2026-10-03 로컬 설치; 팩 루트: /Game/ProjectileHitVFX; 원본 objectpath: /Game/ProjectileHitVFX/NS/NS_Hit_Magic.NS_Hit_Magic; Fab: https://www.fab.com/listings/4f4de421-d1dc-49c3-b66d-fb22fa8d015e; 보조·표시·시각 대안 원본; 독립 스킬은 미생성; 속성 미배정; Niagara AudioPlayer 바인딩: /Game/ProjectileHitVFX/_GenericSource/SFX/Sfx_Hit_Sword_Cue.Sfx_Hit_Sword_Cue; 원본 AudioPlayer 플래그: /Game/ProjectileHitVFX/_GenericSource/SFX/Sfx_Hit_Sword_Cue.Sfx_Hit_Sword_Cue: stopOnDestroy=True, allowLoopingOneShot=False, limitPlaysPerTick=True, maxPlaysPerTick=10; 원본 Audio 사용자 파라미터: User.AudioOn=True; SoundCue 참조: /Game/ProjectileHitVFX/_GenericSource/SFX/Sfx_Hit_Sword_Cue.Sfx_Hit_Sword_Cue; SoundWave 직접·전이 참조: /Game/ProjectileHitVFX/_GenericSource/SFX/Sfx_Hit_SwordDagger.Sfx_Hit_SwordDagger; 참조·바인딩 정적 확인이며 실제 재생·청취는 사용자 확인 대기; 명중·지속 타격 보조 효과","마법 피격","보조 효과","DrGameSkillSpecs.json 미생성 보조 항목; 명중·지속 타격 보조 효과"
"투사체/Projectile","피격 효과","","NiagaraSystem","ProjectileVFX with Hit and Launch VFX ( with SFX )","/Game/ProjectileHitVFX/NS","NS_Hit_Poison","원본 Niagara 클래스·팩 경로와 신규 생성 명세","2026-10-03 로컬 설치; 팩 루트: /Game/ProjectileHitVFX; 원본 objectpath: /Game/ProjectileHitVFX/NS/NS_Hit_Poison.NS_Hit_Poison; Fab: https://www.fab.com/listings/4f4de421-d1dc-49c3-b66d-fb22fa8d015e; 보조·표시·시각 대안 원본; 독립 스킬은 미생성; 속성 미배정; Niagara AudioPlayer 바인딩: /Game/ProjectileHitVFX/_GenericSource/SFX/Sfx_Hit_Poison_Cue.Sfx_Hit_Poison_Cue; 원본 AudioPlayer 플래그: /Game/ProjectileHitVFX/_GenericSource/SFX/Sfx_Hit_Poison_Cue.Sfx_Hit_Poison_Cue: stopOnDestroy=True, allowLoopingOneShot=False, limitPlaysPerTick=True, maxPlaysPerTick=10; 원본 Audio 사용자 파라미터: User.AudioOn=True; SoundCue 참조: /Game/ProjectileHitVFX/_GenericSource/SFX/Sfx_Hit_Poison_Cue.Sfx_Hit_Poison_Cue; SoundWave 직접·전이 참조: /Game/ProjectileHitVFX/_GenericSource/SFX/Sfx_Hit_Poison.Sfx_Hit_Poison; 참조·바인딩 정적 확인이며 실제 재생·청취는 사용자 확인 대기; 명중·지속 타격 보조 효과","독 피격","보조 효과","DrGameSkillSpecs.json 미생성 보조 항목; 명중·지속 타격 보조 효과"
"투사체/Projectile","피격 효과","","NiagaraSystem","ProjectileVFX with Hit and Launch VFX ( with SFX )","/Game/ProjectileHitVFX/NS","NS_Hit_Thunder","원본 Niagara 클래스·팩 경로와 신규 생성 명세","2026-10-03 로컬 설치; 팩 루트: /Game/ProjectileHitVFX; 원본 objectpath: /Game/ProjectileHitVFX/NS/NS_Hit_Thunder.NS_Hit_Thunder; Fab: https://www.fab.com/listings/4f4de421-d1dc-49c3-b66d-fb22fa8d015e; 보조·표시·시각 대안 원본; 독립 스킬은 미생성; 속성 미배정; Niagara AudioPlayer 바인딩: /Game/ProjectileHitVFX/_GenericSource/SFX/Sfx_Hit_eletric_short_Cue.Sfx_Hit_eletric_short_Cue; 원본 AudioPlayer 플래그: /Game/ProjectileHitVFX/_GenericSource/SFX/Sfx_Hit_eletric_short_Cue.Sfx_Hit_eletric_short_Cue: stopOnDestroy=True, allowLoopingOneShot=False, limitPlaysPerTick=True, maxPlaysPerTick=10; 원본 Audio 사용자 파라미터: User.AudioOn=True; SoundCue 참조: /Game/ProjectileHitVFX/_GenericSource/SFX/Sfx_Hit_eletric_short_Cue.Sfx_Hit_eletric_short_Cue; SoundWave 직접·전이 참조: /Game/ProjectileHitVFX/_GenericSource/SFX/Sfx_Hit_eletric_short.Sfx_Hit_eletric_short; 참조·바인딩 정적 확인이며 실제 재생·청취는 사용자 확인 대기; 명중·지속 타격 보조 효과","번개 피격","보조 효과","DrGameSkillSpecs.json 미생성 보조 항목; 명중·지속 타격 보조 효과"
"투사체/Projectile","피격 효과","","NiagaraSystem","ProjectileVFX with Hit and Launch VFX ( with SFX )","/Game/ProjectileHitVFX/NS","NS_Hit_Water_01","원본 Niagara 클래스·팩 경로와 신규 생성 명세","2026-10-03 로컬 설치; 팩 루트: /Game/ProjectileHitVFX; 원본 objectpath: /Game/ProjectileHitVFX/NS/NS_Hit_Water_01.NS_Hit_Water_01; Fab: https://www.fab.com/listings/4f4de421-d1dc-49c3-b66d-fb22fa8d015e; 보조·표시·시각 대안 원본; 독립 스킬은 미생성; 속성 미배정; Niagara AudioPlayer 바인딩: /Game/ProjectileHitVFX/_GenericSource/SFX/Sfx_Hit_BloodClaw_Cue.Sfx_Hit_BloodClaw_Cue; 원본 AudioPlayer 플래그: /Game/ProjectileHitVFX/_GenericSource/SFX/Sfx_Hit_BloodClaw_Cue.Sfx_Hit_BloodClaw_Cue: stopOnDestroy=True, allowLoopingOneShot=False, limitPlaysPerTick=True, maxPlaysPerTick=10; 원본 Audio 사용자 파라미터: User.AudioOn=True; SoundCue 참조: /Game/ProjectileHitVFX/_GenericSource/SFX/Sfx_Hit_BloodClaw_Cue.Sfx_Hit_BloodClaw_Cue; SoundWave 직접·전이 참조: /Game/ProjectileHitVFX/_GenericSource/SFX/Sfx_Hit_BloodClaw.Sfx_Hit_BloodClaw; 참조·바인딩 정적 확인이며 실제 재생·청취는 사용자 확인 대기; 명중·지속 타격 보조 효과","물결 피격","보조 효과","DrGameSkillSpecs.json 미생성 보조 항목; 명중·지속 타격 보조 효과"
"투사체/Projectile","직선 투사체","물리","NiagaraSystem","ProjectileVFX with Hit and Launch VFX ( with SFX )","/Game/ProjectileHitVFX/NS","NS_HolyEnergy","원본 Niagara 클래스·팩 경로와 신규 생성 명세","2026-10-03 로컬 설치; 팩 루트: /Game/ProjectileHitVFX; 원본 objectpath: /Game/ProjectileHitVFX/NS/NS_HolyEnergy.NS_HolyEnergy; Fab: https://www.fab.com/listings/4f4de421-d1dc-49c3-b66d-fb22fa8d015e; DataAsset 저장·독립 재로드·구조 검증 통과; 시험 수치·시점·방향 정합은 사용자 확인 대기; Niagara AudioPlayer 바인딩: /Game/ProjectileHitVFX/_GenericSource/SFX/sfx_MpUp_Cue.sfx_MpUp_Cue; 원본 AudioPlayer 플래그: /Game/ProjectileHitVFX/_GenericSource/SFX/sfx_MpUp_Cue.sfx_MpUp_Cue: stopOnDestroy=True, allowLoopingOneShot=False, limitPlaysPerTick=True, maxPlaysPerTick=10; 원본 Audio 사용자 파라미터: User.AudioOn=True; SoundCue 참조: /Game/ProjectileHitVFX/_GenericSource/SFX/sfx_MpUp_Cue.sfx_MpUp_Cue; SoundWave 직접·전이 참조: /Game/ProjectileHitVFX/_GenericSource/SFX/sfx_MpUp.sfx_MpUp; 참조·바인딩 정적 확인이며 실제 재생·청취는 사용자 확인 대기; 시험 수치이며 연출·판정 정합 및 실제 사운드는 사용자 확인 대기; 단일 직선 투사체이며 원본 데모의 곡선 비행·관통·유도 로직은 실행하지 않음; 신규 스킬 주효과 Audio 파라미터: User.AudioOn=True","성스러운 구체","투사체","DrGameSkillSpecs.json profile=projectile"
"투사체/Projectile","직선 투사체","냉기","NiagaraSystem","ProjectileVFX with Hit and Launch VFX ( with SFX )","/Game/ProjectileHitVFX/NS","NS_IceCrystal","원본 Niagara 클래스·팩 경로와 신규 생성 명세","2026-10-03 로컬 설치; 팩 루트: /Game/ProjectileHitVFX; 원본 objectpath: /Game/ProjectileHitVFX/NS/NS_IceCrystal.NS_IceCrystal; Fab: https://www.fab.com/listings/4f4de421-d1dc-49c3-b66d-fb22fa8d015e; DataAsset 저장·독립 재로드·구조 검증 통과; 시험 수치·시점·방향 정합은 사용자 확인 대기; Niagara AudioPlayer 바인딩: /Game/ProjectileHitVFX/_GenericSource/SFX/SFx_Hit_CrystalGlass_Break_Cue.SFx_Hit_CrystalGlass_Break_Cue | /Game/ProjectileHitVFX/_GenericSource/SFX/Sfx_Shoot_WindIce_Cue.Sfx_Shoot_WindIce_Cue; 원본 AudioPlayer 플래그: /Game/ProjectileHitVFX/_GenericSource/SFX/SFx_Hit_CrystalGlass_Break_Cue.SFx_Hit_CrystalGlass_Break_Cue: stopOnDestroy=True, allowLoopingOneShot=False, limitPlaysPerTick=True, maxPlaysPerTick=10 | /Game/ProjectileHitVFX/_GenericSource/SFX/Sfx_Shoot_WindIce_Cue.Sfx_Shoot_WindIce_Cue: stopOnDestroy=True, allowLoopingOneShot=False, limitPlaysPerTick=True, maxPlaysPerTick=10; 원본 Audio 사용자 파라미터: User.AudioOn=True; SoundCue 참조: /Game/ProjectileHitVFX/_GenericSource/SFX/SFx_Hit_CrystalGlass_Break_Cue.SFx_Hit_CrystalGlass_Break_Cue | /Game/ProjectileHitVFX/_GenericSource/SFX/Sfx_Shoot_WindIce_Cue.Sfx_Shoot_WindIce_Cue; SoundWave 직접·전이 참조: /Game/ProjectileHitVFX/_GenericSource/SFX/SFx_Hit_CrystalGlass_Break.SFx_Hit_CrystalGlass_Break | /Game/ProjectileHitVFX/_GenericSource/SFX/Sfx_Shoot_WindIce.Sfx_Shoot_WindIce; 참조·바인딩 정적 확인이며 실제 재생·청취는 사용자 확인 대기; 시험 수치이며 연출·판정 정합 및 실제 사운드는 사용자 확인 대기; 단일 직선 투사체이며 원본 데모의 곡선 비행·관통·유도 로직은 실행하지 않음; 신규 스킬 주효과 Audio 파라미터: User.AudioOn=True","얼음 결정탄","투사체","DrGameSkillSpecs.json profile=projectile"
"투사체/Projectile","직선 투사체","냉기","NiagaraSystem","ProjectileVFX with Hit and Launch VFX ( with SFX )","/Game/ProjectileHitVFX/NS","NS_Iceicle3D","원본 Niagara 클래스·팩 경로와 신규 생성 명세","2026-10-03 로컬 설치; 팩 루트: /Game/ProjectileHitVFX; 원본 objectpath: /Game/ProjectileHitVFX/NS/NS_Iceicle3D.NS_Iceicle3D; Fab: https://www.fab.com/listings/4f4de421-d1dc-49c3-b66d-fb22fa8d015e; DataAsset 저장·독립 재로드·구조 검증 통과; 시험 수치·시점·방향 정합은 사용자 확인 대기; Niagara AudioPlayer 바인딩: /Game/ProjectileHitVFX/_GenericSource/SFX/Sfx_Shoot_SonicArrow_Cue1.Sfx_Shoot_SonicArrow_Cue1; 원본 AudioPlayer 플래그: /Game/ProjectileHitVFX/_GenericSource/SFX/Sfx_Shoot_SonicArrow_Cue1.Sfx_Shoot_SonicArrow_Cue1: stopOnDestroy=True, allowLoopingOneShot=False, limitPlaysPerTick=True, maxPlaysPerTick=10; 원본 Audio 사용자 파라미터: User.AudioOn=True; SoundCue 참조: /Game/ProjectileHitVFX/_GenericSource/SFX/Sfx_Shoot_SonicArrow_Cue1.Sfx_Shoot_SonicArrow_Cue1; SoundWave 직접·전이 참조: /Game/ProjectileHitVFX/_GenericSource/SFX/Sfx_Shoot_SonicArrow.Sfx_Shoot_SonicArrow; 참조·바인딩 정적 확인이며 실제 재생·청취는 사용자 확인 대기; 시험 수치이며 연출·판정 정합 및 실제 사운드는 사용자 확인 대기; 단일 직선 투사체이며 원본 데모의 곡선 비행·관통·유도 로직은 실행하지 않음; 신규 스킬 주효과 Audio 파라미터: User.AudioOn=True","고드름 탄환","투사체","DrGameSkillSpecs.json profile=projectile"
"투사체/Projectile","직선 투사체","카오스","NiagaraSystem","ProjectileVFX with Hit and Launch VFX ( with SFX )","/Game/ProjectileHitVFX/NS","NS_MagicLanceShuriken","원본 Niagara 클래스·팩 경로와 신규 생성 명세","2026-10-03 로컬 설치; 팩 루트: /Game/ProjectileHitVFX; 원본 objectpath: /Game/ProjectileHitVFX/NS/NS_MagicLanceShuriken.NS_MagicLanceShuriken; Fab: https://www.fab.com/listings/4f4de421-d1dc-49c3-b66d-fb22fa8d015e; DataAsset 저장·독립 재로드·구조 검증 통과; 시험 수치·시점·방향 정합은 사용자 확인 대기; Niagara AudioPlayer 바인딩: /Game/ProjectileHitVFX/_GenericSource/SFX/Sfx_Shoot_CrystalArrow_Cue.Sfx_Shoot_CrystalArrow_Cue; 원본 AudioPlayer 플래그: /Game/ProjectileHitVFX/_GenericSource/SFX/Sfx_Shoot_CrystalArrow_Cue.Sfx_Shoot_CrystalArrow_Cue: stopOnDestroy=True, allowLoopingOneShot=False, limitPlaysPerTick=True, maxPlaysPerTick=10; 원본 Audio 사용자 파라미터: User.AudioOn=True; SoundCue 참조: /Game/ProjectileHitVFX/_GenericSource/SFX/Sfx_Shoot_CrystalArrow_Cue.Sfx_Shoot_CrystalArrow_Cue; SoundWave 직접·전이 참조: /Game/ProjectileHitVFX/_GenericSource/SFX/Sfx_Shoot_CrystalArrow.Sfx_Shoot_CrystalArrow; 참조·바인딩 정적 확인이며 실제 재생·청취는 사용자 확인 대기; 시험 수치이며 연출·판정 정합 및 실제 사운드는 사용자 확인 대기; 단일 직선 투사체이며 원본 데모의 곡선 비행·관통·유도 로직은 실행하지 않음; 신규 스킬 주효과 Audio 파라미터: User.AudioOn=True","마력 표창","투사체","DrGameSkillSpecs.json profile=projectile"
"투사체/Projectile","직선 투사체","불","NiagaraSystem","ProjectileVFX with Hit and Launch VFX ( with SFX )","/Game/ProjectileHitVFX/NS","NS_MeteoriteStraight","원본 Niagara 클래스·팩 경로와 신규 생성 명세","2026-10-03 로컬 설치; 팩 루트: /Game/ProjectileHitVFX; 원본 objectpath: /Game/ProjectileHitVFX/NS/NS_MeteoriteStraight.NS_MeteoriteStraight; Fab: https://www.fab.com/listings/4f4de421-d1dc-49c3-b66d-fb22fa8d015e; DataAsset 저장·독립 재로드·구조 검증 통과; 시험 수치·시점·방향 정합은 사용자 확인 대기; Niagara AudioPlayer 바인딩: /Game/ProjectileHitVFX/_GenericSource/SFX/Sfx_Shoot_BigFire_Cue.Sfx_Shoot_BigFire_Cue; 원본 AudioPlayer 플래그: /Game/ProjectileHitVFX/_GenericSource/SFX/Sfx_Shoot_BigFire_Cue.Sfx_Shoot_BigFire_Cue: stopOnDestroy=True, allowLoopingOneShot=False, limitPlaysPerTick=True, maxPlaysPerTick=10; 원본 Audio 사용자 파라미터: User.AudioOn=True; SoundCue 참조: /Game/ProjectileHitVFX/_GenericSource/SFX/Sfx_Shoot_BigFire_Cue.Sfx_Shoot_BigFire_Cue; SoundWave 직접·전이 참조: /Game/ProjectileHitVFX/_GenericSource/SFX/Sfx_Shoot_BigFire.Sfx_Shoot_BigFire; 참조·바인딩 정적 확인이며 실제 재생·청취는 사용자 확인 대기; 시험 수치이며 연출·판정 정합 및 실제 사운드는 사용자 확인 대기; 단일 직선 투사체이며 원본 데모의 곡선 비행·관통·유도 로직은 실행하지 않음; 신규 스킬 주효과 Audio 파라미터: User.AudioOn=True","직선 유성탄","투사체","DrGameSkillSpecs.json profile=projectile"
"투사체/Projectile","직선 투사체","카오스","NiagaraSystem","ProjectileVFX with Hit and Launch VFX ( with SFX )","/Game/ProjectileHitVFX/NS","NS_PoisonSkullFish","원본 Niagara 클래스·팩 경로와 신규 생성 명세","2026-10-03 로컬 설치; 팩 루트: /Game/ProjectileHitVFX; 원본 objectpath: /Game/ProjectileHitVFX/NS/NS_PoisonSkullFish.NS_PoisonSkullFish; Fab: https://www.fab.com/listings/4f4de421-d1dc-49c3-b66d-fb22fa8d015e; DataAsset 저장·독립 재로드·구조 검증 통과; 시험 수치·시점·방향 정합은 사용자 확인 대기; Niagara AudioPlayer 바인딩: /Game/ProjectileHitVFX/_GenericSource/SFX/Sfx_Hit_Poison_Cue.Sfx_Hit_Poison_Cue | /Game/ProjectileHitVFX/_GenericSource/SFX/Sfx_shoot_SandBreathe_Cue.Sfx_shoot_SandBreathe_Cue; 원본 AudioPlayer 플래그: /Game/ProjectileHitVFX/_GenericSource/SFX/Sfx_Hit_Poison_Cue.Sfx_Hit_Poison_Cue: stopOnDestroy=True, allowLoopingOneShot=False, limitPlaysPerTick=True, maxPlaysPerTick=10 | /Game/ProjectileHitVFX/_GenericSource/SFX/Sfx_shoot_SandBreathe_Cue.Sfx_shoot_SandBreathe_Cue: stopOnDestroy=True, allowLoopingOneShot=False, limitPlaysPerTick=True, maxPlaysPerTick=10; 원본 Audio 사용자 파라미터: User.AudioOn=True; SoundCue 참조: /Game/ProjectileHitVFX/_GenericSource/SFX/Sfx_Hit_Poison_Cue.Sfx_Hit_Poison_Cue | /Game/ProjectileHitVFX/_GenericSource/SFX/Sfx_shoot_SandBreathe_Cue.Sfx_shoot_SandBreathe_Cue; SoundWave 직접·전이 참조: /Game/ProjectileHitVFX/_GenericSource/SFX/Sfx_Hit_Poison.Sfx_Hit_Poison | /Game/ProjectileHitVFX/_GenericSource/SFX/Sfx_shoot_SandBreathe.Sfx_shoot_SandBreathe; 참조·바인딩 정적 확인이며 실제 재생·청취는 사용자 확인 대기; 시험 수치이며 연출·판정 정합 및 실제 사운드는 사용자 확인 대기; 단일 직선 투사체이며 원본 데모의 곡선 비행·관통·유도 로직은 실행하지 않음; 신규 스킬 주효과 Audio 파라미터: User.AudioOn=True","독해골 물고기","투사체","DrGameSkillSpecs.json profile=projectile"
"투사체/Projectile","직선 투사체","물리","NiagaraSystem","ProjectileVFX with Hit and Launch VFX ( with SFX )","/Game/ProjectileHitVFX/NS","NS_RockSling","원본 Niagara 클래스·팩 경로와 신규 생성 명세","2026-10-03 로컬 설치; 팩 루트: /Game/ProjectileHitVFX; 원본 objectpath: /Game/ProjectileHitVFX/NS/NS_RockSling.NS_RockSling; Fab: https://www.fab.com/listings/4f4de421-d1dc-49c3-b66d-fb22fa8d015e; DataAsset 저장·독립 재로드·구조 검증 통과; 시험 수치·시점·방향 정합은 사용자 확인 대기; Niagara AudioPlayer 바인딩: /Game/ProjectileHitVFX/_GenericSource/SFX/Sfx_Hit_Explosion_classic_s_Cue1.Sfx_Hit_Explosion_classic_s_Cue1 | /Game/ProjectileHitVFX/_GenericSource/SFX/Sfx_Shoot_Rock_Cue.Sfx_Shoot_Rock_Cue; 원본 AudioPlayer 플래그: /Game/ProjectileHitVFX/_GenericSource/SFX/Sfx_Hit_Explosion_classic_s_Cue1.Sfx_Hit_Explosion_classic_s_Cue1: stopOnDestroy=True, allowLoopingOneShot=False, limitPlaysPerTick=True, maxPlaysPerTick=10 | /Game/ProjectileHitVFX/_GenericSource/SFX/Sfx_Shoot_Rock_Cue.Sfx_Shoot_Rock_Cue: stopOnDestroy=True, allowLoopingOneShot=False, limitPlaysPerTick=True, maxPlaysPerTick=10; 원본 Audio 사용자 파라미터: User.AudioOn=True; SoundCue 참조: /Game/ProjectileHitVFX/_GenericSource/SFX/Sfx_Hit_Explosion_classic_s_Cue1.Sfx_Hit_Explosion_classic_s_Cue1 | /Game/ProjectileHitVFX/_GenericSource/SFX/Sfx_Shoot_Rock_Cue.Sfx_Shoot_Rock_Cue; SoundWave 직접·전이 참조: /Game/ProjectileHitVFX/_GenericSource/SFX/Sfx_Hit_Explosion_classic_s.Sfx_Hit_Explosion_classic_s | /Game/ProjectileHitVFX/_GenericSource/SFX/Sfx_Shoot_Rock.Sfx_Shoot_Rock; 참조·바인딩 정적 확인이며 실제 재생·청취는 사용자 확인 대기; 시험 수치이며 연출·판정 정합 및 실제 사운드는 사용자 확인 대기; 단일 직선 투사체이며 원본 데모의 곡선 비행·관통·유도 로직은 실행하지 않음; 신규 스킬 주효과 Audio 파라미터: User.AudioOn=True","바위 투척","투사체","DrGameSkillSpecs.json profile=projectile"
"투사체/Projectile","직선 투사체","물리","NiagaraSystem","ProjectileVFX with Hit and Launch VFX ( with SFX )","/Game/ProjectileHitVFX/NS","NS_SonicBlade","원본 Niagara 클래스·팩 경로와 신규 생성 명세","2026-10-03 로컬 설치; 팩 루트: /Game/ProjectileHitVFX; 원본 objectpath: /Game/ProjectileHitVFX/NS/NS_SonicBlade.NS_SonicBlade; Fab: https://www.fab.com/listings/4f4de421-d1dc-49c3-b66d-fb22fa8d015e; DataAsset 저장·독립 재로드·구조 검증 통과; 시험 수치·시점·방향 정합은 사용자 확인 대기; Niagara AudioPlayer 바인딩: /Game/ProjectileHitVFX/_GenericSource/SFX/Sfx_Shoot_SonicArrow_Cue.Sfx_Shoot_SonicArrow_Cue; 원본 AudioPlayer 플래그: /Game/ProjectileHitVFX/_GenericSource/SFX/Sfx_Shoot_SonicArrow_Cue.Sfx_Shoot_SonicArrow_Cue: stopOnDestroy=True, allowLoopingOneShot=False, limitPlaysPerTick=True, maxPlaysPerTick=10; 원본 Audio 사용자 파라미터: User.AudioOn=True; SoundCue 참조: /Game/ProjectileHitVFX/_GenericSource/SFX/Sfx_Shoot_SonicArrow_Cue.Sfx_Shoot_SonicArrow_Cue; SoundWave 직접·전이 참조: /Game/ProjectileHitVFX/_GenericSource/SFX/Sfx_Shoot_SonicArrow.Sfx_Shoot_SonicArrow; 참조·바인딩 정적 확인이며 실제 재생·청취는 사용자 확인 대기; 시험 수치이며 연출·판정 정합 및 실제 사운드는 사용자 확인 대기; 단일 직선 투사체이며 원본 데모의 곡선 비행·관통·유도 로직은 실행하지 않음; 신규 스킬 주효과 Audio 파라미터: User.AudioOn=True","음속 칼날","투사체","DrGameSkillSpecs.json profile=projectile"
"투사체/Projectile","직선 투사체","번개","NiagaraSystem","ProjectileVFX with Hit and Launch VFX ( with SFX )","/Game/ProjectileHitVFX/NS","NS_ThunderBolt","원본 Niagara 클래스·팩 경로와 신규 생성 명세","2026-10-03 로컬 설치; 팩 루트: /Game/ProjectileHitVFX; 원본 objectpath: /Game/ProjectileHitVFX/NS/NS_ThunderBolt.NS_ThunderBolt; Fab: https://www.fab.com/listings/4f4de421-d1dc-49c3-b66d-fb22fa8d015e; DataAsset 저장·독립 재로드·구조 검증 통과; 시험 수치·시점·방향 정합은 사용자 확인 대기; Niagara AudioPlayer 바인딩: /Game/ProjectileHitVFX/_GenericSource/SFX/Sfx_Shoot_ThunderIce_Cue.Sfx_Shoot_ThunderIce_Cue | /Game/ProjectileHitVFX/_GenericSource/SFX/Sfx_Shoot_laser_Cue.Sfx_Shoot_laser_Cue; 원본 AudioPlayer 플래그: /Game/ProjectileHitVFX/_GenericSource/SFX/Sfx_Shoot_ThunderIce_Cue.Sfx_Shoot_ThunderIce_Cue: stopOnDestroy=True, allowLoopingOneShot=False, limitPlaysPerTick=True, maxPlaysPerTick=10 | /Game/ProjectileHitVFX/_GenericSource/SFX/Sfx_Shoot_laser_Cue.Sfx_Shoot_laser_Cue: stopOnDestroy=True, allowLoopingOneShot=False, limitPlaysPerTick=True, maxPlaysPerTick=10; 원본 Audio 사용자 파라미터: User.AudioOn=True; SoundCue 참조: /Game/ProjectileHitVFX/_GenericSource/SFX/Sfx_Shoot_ThunderIce_Cue.Sfx_Shoot_ThunderIce_Cue | /Game/ProjectileHitVFX/_GenericSource/SFX/Sfx_Shoot_laser_Cue.Sfx_Shoot_laser_Cue; SoundWave 직접·전이 참조: /Game/ProjectileHitVFX/_GenericSource/SFX/Sfx_Shoot_ThunderIce.Sfx_Shoot_ThunderIce | /Game/ProjectileHitVFX/_GenericSource/SFX/Sfx_Shoot_laser.Sfx_Shoot_laser; 참조·바인딩 정적 확인이며 실제 재생·청취는 사용자 확인 대기; 시험 수치이며 연출·판정 정합 및 실제 사운드는 사용자 확인 대기; 단일 직선 투사체이며 원본 데모의 곡선 비행·관통·유도 로직은 실행하지 않음; 신규 스킬 주효과 Audio 파라미터: User.AudioOn=True","번개탄","투사체","DrGameSkillSpecs.json profile=projectile"
"투사체/Projectile","직선 투사체","카오스","NiagaraSystem","ProjectileVFX with Hit and Launch VFX ( with SFX )","/Game/ProjectileHitVFX/NS","NS_VenomDart","원본 Niagara 클래스·팩 경로와 신규 생성 명세","2026-10-03 로컬 설치; 팩 루트: /Game/ProjectileHitVFX; 원본 objectpath: /Game/ProjectileHitVFX/NS/NS_VenomDart.NS_VenomDart; Fab: https://www.fab.com/listings/4f4de421-d1dc-49c3-b66d-fb22fa8d015e; DataAsset 저장·독립 재로드·구조 검증 통과; 시험 수치·시점·방향 정합은 사용자 확인 대기; Niagara AudioPlayer 바인딩: /Game/ProjectileHitVFX/_GenericSource/SFX/Sfx_shoot_arrow_01_Cue.Sfx_shoot_arrow_01_Cue; 원본 AudioPlayer 플래그: /Game/ProjectileHitVFX/_GenericSource/SFX/Sfx_shoot_arrow_01_Cue.Sfx_shoot_arrow_01_Cue: stopOnDestroy=True, allowLoopingOneShot=False, limitPlaysPerTick=True, maxPlaysPerTick=10; 원본 Audio 사용자 파라미터: User.AudioOn=True; SoundCue 참조: /Game/ProjectileHitVFX/_GenericSource/SFX/Sfx_shoot_arrow_01_Cue.Sfx_shoot_arrow_01_Cue; SoundWave 직접·전이 참조: /Game/ProjectileHitVFX/_GenericSource/SFX/Sfx_shoot_arrow_01.Sfx_shoot_arrow_01; 참조·바인딩 정적 확인이며 실제 재생·청취는 사용자 확인 대기; 시험 수치이며 연출·판정 정합 및 실제 사운드는 사용자 확인 대기; 단일 직선 투사체이며 원본 데모의 곡선 비행·관통·유도 로직은 실행하지 않음; 신규 스킬 주효과 Audio 파라미터: User.AudioOn=True","독침","투사체","DrGameSkillSpecs.json profile=projectile"
"근접/Slash","피격 효과","","NiagaraSystem","Slash and Hit VFX (with SFX)","/Game/SlashHitVFX/NS","NS_Hit_Axe","원본 Niagara 클래스·팩 경로와 신규 생성 명세","2026-10-03 로컬 설치; 팩 루트: /Game/SlashHitVFX; 원본 objectpath: /Game/SlashHitVFX/NS/NS_Hit_Axe.NS_Hit_Axe; Fab: https://www.fab.com/listings/f6bf529f-6db4-43a5-a5f1-2ff5b8d9a0f4; 보조·표시·시각 대안 원본; 독립 스킬은 미생성; 속성 미배정; Niagara AudioPlayer 바인딩: /Game/SlashHitVFX/__GenericSource/SFX/Sfx_Hit_axe_Cue.Sfx_Hit_axe_Cue; 원본 AudioPlayer 플래그: /Game/SlashHitVFX/__GenericSource/SFX/Sfx_Hit_axe_Cue.Sfx_Hit_axe_Cue: stopOnDestroy=True, allowLoopingOneShot=False, limitPlaysPerTick=True, maxPlaysPerTick=10; 원본 Audio 사용자 파라미터: User.AudioOn=True; SoundCue 참조: /Game/SlashHitVFX/__GenericSource/SFX/Sfx_Hit_axe_Cue.Sfx_Hit_axe_Cue; SoundWave 직접·전이 참조: /Game/SlashHitVFX/__GenericSource/SFX/Sfx_Hit_axe.Sfx_Hit_axe; 참조·바인딩 정적 확인이며 실제 재생·청취는 사용자 확인 대기; 명중·지속 타격 보조 효과","도끼 타격","보조 효과","DrGameSkillSpecs.json 미생성 보조 항목; 명중·지속 타격 보조 효과"
"근접/Slash","피격 효과","","NiagaraSystem","Slash and Hit VFX (with SFX)","/Game/SlashHitVFX/NS","NS_Hit_Block","원본 Niagara 클래스·팩 경로와 신규 생성 명세","2026-10-03 로컬 설치; 팩 루트: /Game/SlashHitVFX; 원본 objectpath: /Game/SlashHitVFX/NS/NS_Hit_Block.NS_Hit_Block; Fab: https://www.fab.com/listings/f6bf529f-6db4-43a5-a5f1-2ff5b8d9a0f4; 보조·표시·시각 대안 원본; 독립 스킬은 미생성; 속성 미배정; Niagara AudioPlayer 바인딩: /Game/SlashHitVFX/__GenericSource/SFX/Sfx_Hit_Block01_Cue.Sfx_Hit_Block01_Cue; 원본 AudioPlayer 플래그: /Game/SlashHitVFX/__GenericSource/SFX/Sfx_Hit_Block01_Cue.Sfx_Hit_Block01_Cue: stopOnDestroy=True, allowLoopingOneShot=False, limitPlaysPerTick=True, maxPlaysPerTick=10; 원본 Audio 사용자 파라미터: User.AudioOn=True; SoundCue 참조: /Game/SlashHitVFX/__GenericSource/SFX/Sfx_Hit_Block01_Cue.Sfx_Hit_Block01_Cue; SoundWave 직접·전이 참조: /Game/SlashHitVFX/__GenericSource/SFX/Sfx_Hit_Block01.Sfx_Hit_Block01; 참조·바인딩 정적 확인이며 실제 재생·청취는 사용자 확인 대기; 명중·지속 타격 보조 효과","방어 타격","보조 효과","DrGameSkillSpecs.json 미생성 보조 항목; 명중·지속 타격 보조 효과"
"근접/Slash","피격 효과","","NiagaraSystem","Slash and Hit VFX (with SFX)","/Game/SlashHitVFX/NS","NS_Hit_ClawBloodRadial","원본 Niagara 클래스·팩 경로와 신규 생성 명세","2026-10-03 로컬 설치; 팩 루트: /Game/SlashHitVFX; 원본 objectpath: /Game/SlashHitVFX/NS/NS_Hit_ClawBloodRadial.NS_Hit_ClawBloodRadial; Fab: https://www.fab.com/listings/f6bf529f-6db4-43a5-a5f1-2ff5b8d9a0f4; 보조·표시·시각 대안 원본; 독립 스킬은 미생성; 속성 미배정; Niagara AudioPlayer 바인딩: /Game/SlashHitVFX/__GenericSource/SFX/Sfx_Hit_BloodClaw_Cue.Sfx_Hit_BloodClaw_Cue; 원본 AudioPlayer 플래그: /Game/SlashHitVFX/__GenericSource/SFX/Sfx_Hit_BloodClaw_Cue.Sfx_Hit_BloodClaw_Cue: stopOnDestroy=True, allowLoopingOneShot=False, limitPlaysPerTick=True, maxPlaysPerTick=10; 원본 Audio 사용자 파라미터: User.AudioOn=True; SoundCue 참조: /Game/SlashHitVFX/__GenericSource/SFX/Sfx_Hit_BloodClaw_Cue.Sfx_Hit_BloodClaw_Cue; SoundWave 직접·전이 참조: /Game/SlashHitVFX/__GenericSource/SFX/Sfx_Hit_BloodClaw.Sfx_Hit_BloodClaw; 참조·바인딩 정적 확인이며 실제 재생·청취는 사용자 확인 대기; 명중·지속 타격 보조 효과","발톱 혈흔 타격","보조 효과","DrGameSkillSpecs.json 미생성 보조 항목; 명중·지속 타격 보조 효과"
"근접/Slash","피격 효과","","NiagaraSystem","Slash and Hit VFX (with SFX)","/Game/SlashHitVFX/NS","NS_Hit_CurvedSwordBloodDirection","원본 Niagara 클래스·팩 경로와 신규 생성 명세","2026-10-03 로컬 설치; 팩 루트: /Game/SlashHitVFX; 원본 objectpath: /Game/SlashHitVFX/NS/NS_Hit_CurvedSwordBloodDirection.NS_Hit_CurvedSwordBloodDirection; Fab: https://www.fab.com/listings/f6bf529f-6db4-43a5-a5f1-2ff5b8d9a0f4; 보조·표시·시각 대안 원본; 독립 스킬은 미생성; 속성 미배정; Niagara AudioPlayer 바인딩: /Game/SlashHitVFX/__GenericSource/SFX/Sfx_Hit_SpearGroundRift_Cue.Sfx_Hit_SpearGroundRift_Cue; 원본 AudioPlayer 플래그: /Game/SlashHitVFX/__GenericSource/SFX/Sfx_Hit_SpearGroundRift_Cue.Sfx_Hit_SpearGroundRift_Cue: stopOnDestroy=True, allowLoopingOneShot=False, limitPlaysPerTick=True, maxPlaysPerTick=10; 원본 Audio 사용자 파라미터: User.AudioOn=True; SoundCue 참조: /Game/SlashHitVFX/__GenericSource/SFX/Sfx_Hit_SpearGroundRift_Cue.Sfx_Hit_SpearGroundRift_Cue; SoundWave 직접·전이 참조: /Game/SlashHitVFX/__GenericSource/SFX/Sfx_Hit_SpearGroundRift.Sfx_Hit_SpearGroundRift; 참조·바인딩 정적 확인이며 실제 재생·청취는 사용자 확인 대기; 명중·지속 타격 보조 효과","곡검 혈흔 타격","보조 효과","DrGameSkillSpecs.json 미생성 보조 항목; 명중·지속 타격 보조 효과"
"근접/Slash","피격 효과","","NiagaraSystem","Slash and Hit VFX (with SFX)","/Game/SlashHitVFX/NS","NS_Hit_Dagger","원본 Niagara 클래스·팩 경로와 신규 생성 명세","2026-10-03 로컬 설치; 팩 루트: /Game/SlashHitVFX; 원본 objectpath: /Game/SlashHitVFX/NS/NS_Hit_Dagger.NS_Hit_Dagger; Fab: https://www.fab.com/listings/f6bf529f-6db4-43a5-a5f1-2ff5b8d9a0f4; 보조·표시·시각 대안 원본; 독립 스킬은 미생성; 속성 미배정; Niagara AudioPlayer 바인딩: /Game/SlashHitVFX/__GenericSource/SFX/Sfx_Hit_Dagger_Cue.Sfx_Hit_Dagger_Cue; 원본 AudioPlayer 플래그: /Game/SlashHitVFX/__GenericSource/SFX/Sfx_Hit_Dagger_Cue.Sfx_Hit_Dagger_Cue: stopOnDestroy=True, allowLoopingOneShot=False, limitPlaysPerTick=True, maxPlaysPerTick=10; 원본 Audio 사용자 파라미터: User.AudioOn=True; SoundCue 참조: /Game/SlashHitVFX/__GenericSource/SFX/Sfx_Hit_Dagger_Cue.Sfx_Hit_Dagger_Cue; SoundWave 직접·전이 참조: /Game/SlashHitVFX/__GenericSource/SFX/Sfx_Hit_SwordDagger.Sfx_Hit_SwordDagger; 참조·바인딩 정적 확인이며 실제 재생·청취는 사용자 확인 대기; 명중·지속 타격 보조 효과","단검 타격","보조 효과","DrGameSkillSpecs.json 미생성 보조 항목; 명중·지속 타격 보조 효과"
"근접/Slash","피격 효과","","NiagaraSystem","Slash and Hit VFX (with SFX)","/Game/SlashHitVFX/NS","NS_Hit_Fist","원본 Niagara 클래스·팩 경로와 신규 생성 명세","2026-10-03 로컬 설치; 팩 루트: /Game/SlashHitVFX; 원본 objectpath: /Game/SlashHitVFX/NS/NS_Hit_Fist.NS_Hit_Fist; Fab: https://www.fab.com/listings/f6bf529f-6db4-43a5-a5f1-2ff5b8d9a0f4; 보조·표시·시각 대안 원본; 독립 스킬은 미생성; 속성 미배정; Niagara AudioPlayer 바인딩: /Game/SlashHitVFX/__GenericSource/SFX/Sfx_Hit_Fist_Cue.Sfx_Hit_Fist_Cue; 원본 AudioPlayer 플래그: /Game/SlashHitVFX/__GenericSource/SFX/Sfx_Hit_Fist_Cue.Sfx_Hit_Fist_Cue: stopOnDestroy=True, allowLoopingOneShot=False, limitPlaysPerTick=True, maxPlaysPerTick=10; 원본 Audio 사용자 파라미터: User.AudioOn=True; SoundCue 참조: /Game/SlashHitVFX/__GenericSource/SFX/Sfx_Hit_Fist_Cue.Sfx_Hit_Fist_Cue; SoundWave 직접·전이 참조: /Game/SlashHitVFX/__GenericSource/SFX/Sfx_Hit_Fist.Sfx_Hit_Fist; 참조·바인딩 정적 확인이며 실제 재생·청취는 사용자 확인 대기; 명중·지속 타격 보조 효과","주먹 타격","보조 효과","DrGameSkillSpecs.json 미생성 보조 항목; 명중·지속 타격 보조 효과"
"근접/Slash","피격 효과","","NiagaraSystem","Slash and Hit VFX (with SFX)","/Game/SlashHitVFX/NS","NS_Hit_GroundCrack","원본 Niagara 클래스·팩 경로와 신규 생성 명세","2026-10-03 로컬 설치; 팩 루트: /Game/SlashHitVFX; 원본 objectpath: /Game/SlashHitVFX/NS/NS_Hit_GroundCrack.NS_Hit_GroundCrack; Fab: https://www.fab.com/listings/f6bf529f-6db4-43a5-a5f1-2ff5b8d9a0f4; 보조·표시·시각 대안 원본; 독립 스킬은 미생성; 속성 미배정; Niagara AudioPlayer 바인딩: /Game/SlashHitVFX/__GenericSource/SFX/Sfx_Hit_Ground_Hammer_Cue.Sfx_Hit_Ground_Hammer_Cue; 원본 AudioPlayer 플래그: /Game/SlashHitVFX/__GenericSource/SFX/Sfx_Hit_Ground_Hammer_Cue.Sfx_Hit_Ground_Hammer_Cue: stopOnDestroy=True, allowLoopingOneShot=False, limitPlaysPerTick=True, maxPlaysPerTick=10; 원본 Audio 사용자 파라미터: User.AudioOn=True; SoundCue 참조: /Game/SlashHitVFX/__GenericSource/SFX/Sfx_Hit_Ground_Hammer_Cue.Sfx_Hit_Ground_Hammer_Cue; SoundWave 직접·전이 참조: /Game/SlashHitVFX/__GenericSource/SFX/Sfx_Hit_Ground_Hammer.Sfx_Hit_Ground_Hammer; 참조·바인딩 정적 확인이며 실제 재생·청취는 사용자 확인 대기; 명중·지속 타격 보조 효과","지면 균열 타격","보조 효과","DrGameSkillSpecs.json 미생성 보조 항목; 명중·지속 타격 보조 효과"
"근접/Slash","피격 효과","","NiagaraSystem","Slash and Hit VFX (with SFX)","/Game/SlashHitVFX/NS","NS_Hit_GroundRift","원본 Niagara 클래스·팩 경로와 신규 생성 명세","2026-10-03 로컬 설치; 팩 루트: /Game/SlashHitVFX; 원본 objectpath: /Game/SlashHitVFX/NS/NS_Hit_GroundRift.NS_Hit_GroundRift; Fab: https://www.fab.com/listings/f6bf529f-6db4-43a5-a5f1-2ff5b8d9a0f4; 보조·표시·시각 대안 원본; 독립 스킬은 미생성; 속성 미배정; Niagara AudioPlayer 바인딩: /Game/SlashHitVFX/__GenericSource/SFX/Sfx_Hit_SpearGroundRift.Sfx_Hit_SpearGroundRift; 원본 AudioPlayer 플래그: /Game/SlashHitVFX/__GenericSource/SFX/Sfx_Hit_SpearGroundRift.Sfx_Hit_SpearGroundRift: stopOnDestroy=True, allowLoopingOneShot=False, limitPlaysPerTick=True, maxPlaysPerTick=10; 원본 Audio 사용자 파라미터: User.AudioOn=True; SoundCue 참조: 없음; SoundWave 직접·전이 참조: /Game/SlashHitVFX/__GenericSource/SFX/Sfx_Hit_SpearGroundRift.Sfx_Hit_SpearGroundRift; 참조·바인딩 정적 확인이며 실제 재생·청취는 사용자 확인 대기; 명중·지속 타격 보조 효과","지면 단층 타격","보조 효과","DrGameSkillSpecs.json 미생성 보조 항목; 명중·지속 타격 보조 효과"
"근접/Slash","피격 효과","","NiagaraSystem","Slash and Hit VFX (with SFX)","/Game/SlashHitVFX/NS","NS_Hit_Halberd","원본 Niagara 클래스·팩 경로와 신규 생성 명세","2026-10-03 로컬 설치; 팩 루트: /Game/SlashHitVFX; 원본 objectpath: /Game/SlashHitVFX/NS/NS_Hit_Halberd.NS_Hit_Halberd; Fab: https://www.fab.com/listings/f6bf529f-6db4-43a5-a5f1-2ff5b8d9a0f4; 보조·표시·시각 대안 원본; 독립 스킬은 미생성; 속성 미배정; Niagara AudioPlayer 바인딩: /Game/SlashHitVFX/__GenericSource/SFX/Sfx_Hit_MagicStaff_Cue.Sfx_Hit_MagicStaff_Cue | /Game/SlashHitVFX/__GenericSource/SFX/Sfx_Hit_SpearGroundRift_Cue.Sfx_Hit_SpearGroundRift_Cue; 원본 AudioPlayer 플래그: /Game/SlashHitVFX/__GenericSource/SFX/Sfx_Hit_MagicStaff_Cue.Sfx_Hit_MagicStaff_Cue: stopOnDestroy=True, allowLoopingOneShot=False, limitPlaysPerTick=True, maxPlaysPerTick=10 | /Game/SlashHitVFX/__GenericSource/SFX/Sfx_Hit_SpearGroundRift_Cue.Sfx_Hit_SpearGroundRift_Cue: stopOnDestroy=True, allowLoopingOneShot=False, limitPlaysPerTick=True, maxPlaysPerTick=10; 원본 Audio 사용자 파라미터: User.AudioOn=True; SoundCue 참조: /Game/SlashHitVFX/__GenericSource/SFX/Sfx_Hit_MagicStaff_Cue.Sfx_Hit_MagicStaff_Cue | /Game/SlashHitVFX/__GenericSource/SFX/Sfx_Hit_SpearGroundRift_Cue.Sfx_Hit_SpearGroundRift_Cue; SoundWave 직접·전이 참조: /Game/SlashHitVFX/__GenericSource/SFX/Sfx_Hit_MagicStaff.Sfx_Hit_MagicStaff | /Game/SlashHitVFX/__GenericSource/SFX/Sfx_Hit_SpearGroundRift.Sfx_Hit_SpearGroundRift; 참조·바인딩 정적 확인이며 실제 재생·청취는 사용자 확인 대기; 명중·지속 타격 보조 효과","미늘창 타격","보조 효과","DrGameSkillSpecs.json 미생성 보조 항목; 명중·지속 타격 보조 효과"
"근접/Slash","피격 효과","","NiagaraSystem","Slash and Hit VFX (with SFX)","/Game/SlashHitVFX/NS","NS_Hit_KatanaBlood","원본 Niagara 클래스·팩 경로와 신규 생성 명세","2026-10-03 로컬 설치; 팩 루트: /Game/SlashHitVFX; 원본 objectpath: /Game/SlashHitVFX/NS/NS_Hit_KatanaBlood.NS_Hit_KatanaBlood; Fab: https://www.fab.com/listings/f6bf529f-6db4-43a5-a5f1-2ff5b8d9a0f4; 보조·표시·시각 대안 원본; 독립 스킬은 미생성; 속성 미배정; Niagara AudioPlayer 바인딩: /Game/SlashHitVFX/__GenericSource/SFX/Sfx_Hit_BloodKatana_Cue.Sfx_Hit_BloodKatana_Cue; 원본 AudioPlayer 플래그: /Game/SlashHitVFX/__GenericSource/SFX/Sfx_Hit_BloodKatana_Cue.Sfx_Hit_BloodKatana_Cue: stopOnDestroy=True, allowLoopingOneShot=False, limitPlaysPerTick=True, maxPlaysPerTick=10; 원본 Audio 사용자 파라미터: User.AudioOn=True; SoundCue 참조: /Game/SlashHitVFX/__GenericSource/SFX/Sfx_Hit_BloodKatana_Cue.Sfx_Hit_BloodKatana_Cue; SoundWave 직접·전이 참조: /Game/SlashHitVFX/__GenericSource/SFX/Sfx_Hit_BloodKatana.Sfx_Hit_BloodKatana; 참조·바인딩 정적 확인이며 실제 재생·청취는 사용자 확인 대기; 명중·지속 타격 보조 효과","카타나 혈흔 타격","보조 효과","DrGameSkillSpecs.json 미생성 보조 항목; 명중·지속 타격 보조 효과"
"근접/Slash","피격 효과","","NiagaraSystem","Slash and Hit VFX (with SFX)","/Game/SlashHitVFX/NS","NS_Hit_MagicWand","원본 Niagara 클래스·팩 경로와 신규 생성 명세","2026-10-03 로컬 설치; 팩 루트: /Game/SlashHitVFX; 원본 objectpath: /Game/SlashHitVFX/NS/NS_Hit_MagicWand.NS_Hit_MagicWand; Fab: https://www.fab.com/listings/f6bf529f-6db4-43a5-a5f1-2ff5b8d9a0f4; 보조·표시·시각 대안 원본; 독립 스킬은 미생성; 속성 미배정; Niagara AudioPlayer 바인딩: /Game/SlashHitVFX/__GenericSource/SFX/Sfx_Hit_MagicStaff_Cue.Sfx_Hit_MagicStaff_Cue; 원본 AudioPlayer 플래그: /Game/SlashHitVFX/__GenericSource/SFX/Sfx_Hit_MagicStaff_Cue.Sfx_Hit_MagicStaff_Cue: stopOnDestroy=True, allowLoopingOneShot=False, limitPlaysPerTick=True, maxPlaysPerTick=10; 원본 Audio 사용자 파라미터: User.AudioOn=True; SoundCue 참조: /Game/SlashHitVFX/__GenericSource/SFX/Sfx_Hit_MagicStaff_Cue.Sfx_Hit_MagicStaff_Cue; SoundWave 직접·전이 참조: /Game/SlashHitVFX/__GenericSource/SFX/Sfx_Hit_MagicStaff.Sfx_Hit_MagicStaff; 참조·바인딩 정적 확인이며 실제 재생·청취는 사용자 확인 대기; 명중·지속 타격 보조 효과","마법봉 타격","보조 효과","DrGameSkillSpecs.json 미생성 보조 항목; 명중·지속 타격 보조 효과"
"근접/Slash","피격 효과","","NiagaraSystem","Slash and Hit VFX (with SFX)","/Game/SlashHitVFX/NS","NS_Hit_Stick","원본 Niagara 클래스·팩 경로와 신규 생성 명세","2026-10-03 로컬 설치; 팩 루트: /Game/SlashHitVFX; 원본 objectpath: /Game/SlashHitVFX/NS/NS_Hit_Stick.NS_Hit_Stick; Fab: https://www.fab.com/listings/f6bf529f-6db4-43a5-a5f1-2ff5b8d9a0f4; 보조·표시·시각 대안 원본; 독립 스킬은 미생성; 속성 미배정; Niagara AudioPlayer 바인딩: /Game/SlashHitVFX/__GenericSource/SFX/Sfx_Hit_Stick_Cue.Sfx_Hit_Stick_Cue; 원본 AudioPlayer 플래그: /Game/SlashHitVFX/__GenericSource/SFX/Sfx_Hit_Stick_Cue.Sfx_Hit_Stick_Cue: stopOnDestroy=True, allowLoopingOneShot=False, limitPlaysPerTick=True, maxPlaysPerTick=10; 원본 Audio 사용자 파라미터: User.AudioOn=True; SoundCue 참조: /Game/SlashHitVFX/__GenericSource/SFX/Sfx_Hit_Stick_Cue.Sfx_Hit_Stick_Cue; SoundWave 직접·전이 참조: /Game/SlashHitVFX/__GenericSource/SFX/Sfx_Hit_Stick.Sfx_Hit_Stick; 참조·바인딩 정적 확인이며 실제 재생·청취는 사용자 확인 대기; 명중·지속 타격 보조 효과","막대 타격","보조 효과","DrGameSkillSpecs.json 미생성 보조 항목; 명중·지속 타격 보조 효과"
"근접/Slash","피격 효과","","NiagaraSystem","Slash and Hit VFX (with SFX)","/Game/SlashHitVFX/NS","NS_Hit_Sword","원본 Niagara 클래스·팩 경로와 신규 생성 명세","2026-10-03 로컬 설치; 팩 루트: /Game/SlashHitVFX; 원본 objectpath: /Game/SlashHitVFX/NS/NS_Hit_Sword.NS_Hit_Sword; Fab: https://www.fab.com/listings/f6bf529f-6db4-43a5-a5f1-2ff5b8d9a0f4; 보조·표시·시각 대안 원본; 독립 스킬은 미생성; 속성 미배정; Niagara AudioPlayer 바인딩: /Game/SlashHitVFX/__GenericSource/SFX/Sfx_Hit_Sword_Cue.Sfx_Hit_Sword_Cue; 원본 AudioPlayer 플래그: /Game/SlashHitVFX/__GenericSource/SFX/Sfx_Hit_Sword_Cue.Sfx_Hit_Sword_Cue: stopOnDestroy=True, allowLoopingOneShot=False, limitPlaysPerTick=True, maxPlaysPerTick=10; 원본 Audio 사용자 파라미터: User.AudioOn=True; SoundCue 참조: /Game/SlashHitVFX/__GenericSource/SFX/Sfx_Hit_Sword_Cue.Sfx_Hit_Sword_Cue; SoundWave 직접·전이 참조: /Game/SlashHitVFX/__GenericSource/SFX/Sfx_Hit_SwordDagger.Sfx_Hit_SwordDagger; 참조·바인딩 정적 확인이며 실제 재생·청취는 사용자 확인 대기; 명중·지속 타격 보조 효과","검 타격","보조 효과","DrGameSkillSpecs.json 미생성 보조 항목; 명중·지속 타격 보조 효과"
"근접/Slash","피격 효과","","NiagaraSystem","Slash and Hit VFX (with SFX)","/Game/SlashHitVFX/NS","NS_Hit_Whip","원본 Niagara 클래스·팩 경로와 신규 생성 명세","2026-10-03 로컬 설치; 팩 루트: /Game/SlashHitVFX; 원본 objectpath: /Game/SlashHitVFX/NS/NS_Hit_Whip.NS_Hit_Whip; Fab: https://www.fab.com/listings/f6bf529f-6db4-43a5-a5f1-2ff5b8d9a0f4; 보조·표시·시각 대안 원본; 독립 스킬은 미생성; 속성 미배정; Niagara AudioPlayer 바인딩: /Game/SlashHitVFX/__GenericSource/SFX/Sfx_Hit_Whip_Cue.Sfx_Hit_Whip_Cue; 원본 AudioPlayer 플래그: /Game/SlashHitVFX/__GenericSource/SFX/Sfx_Hit_Whip_Cue.Sfx_Hit_Whip_Cue: stopOnDestroy=True, allowLoopingOneShot=False, limitPlaysPerTick=True, maxPlaysPerTick=10; 원본 Audio 사용자 파라미터: User.AudioOn=True; SoundCue 참조: /Game/SlashHitVFX/__GenericSource/SFX/Sfx_Hit_Whip_Cue.Sfx_Hit_Whip_Cue; SoundWave 직접·전이 참조: /Game/SlashHitVFX/__GenericSource/SFX/Sfx_Hit_Whip.Sfx_Hit_Whip; 참조·바인딩 정적 확인이며 실제 재생·청취는 사용자 확인 대기; 명중·지속 타격 보조 효과","채찍 타격","보조 효과","DrGameSkillSpecs.json 미생성 보조 항목; 명중·지속 타격 보조 효과"
"근접/Slash","근접 참격","물리","NiagaraSystem","Slash and Hit VFX (with SFX)","/Game/SlashHitVFX/NS","NS_Slash_Axe","원본 Niagara 클래스·팩 경로와 신규 생성 명세","2026-10-03 로컬 설치; 팩 루트: /Game/SlashHitVFX; 원본 objectpath: /Game/SlashHitVFX/NS/NS_Slash_Axe.NS_Slash_Axe; Fab: https://www.fab.com/listings/f6bf529f-6db4-43a5-a5f1-2ff5b8d9a0f4; DataAsset 저장·독립 재로드·구조 검증 통과; 시험 수치·시점·방향 정합은 사용자 확인 대기; Niagara AudioPlayer 바인딩: /Game/SlashHitVFX/__GenericSource/SFX/Sfx_Weapon_Axe2_Cue.Sfx_Weapon_Axe2_Cue; 원본 AudioPlayer 플래그: /Game/SlashHitVFX/__GenericSource/SFX/Sfx_Weapon_Axe2_Cue.Sfx_Weapon_Axe2_Cue: stopOnDestroy=True, allowLoopingOneShot=False, limitPlaysPerTick=True, maxPlaysPerTick=10; 원본 Audio 사용자 파라미터: User.AudioOn=True; SoundCue 참조: /Game/SlashHitVFX/__GenericSource/SFX/Sfx_Weapon_Axe2_Cue.Sfx_Weapon_Axe2_Cue; SoundWave 직접·전이 참조: /Game/SlashHitVFX/__GenericSource/SFX/Sfx_Weapon_Axe2.Sfx_Weapon_Axe2; 참조·바인딩 정적 확인이며 실제 재생·청취는 사용자 확인 대기; 시험 수치이며 연출·판정 정합 및 실제 사운드는 사용자 확인 대기; 신규 스킬 주효과 Audio 파라미터: User.AudioOn=True","도끼 참격","근접공격","DrGameSkillSpecs.json profile=slash"
"근접/Slash","근접 참격","물리","NiagaraSystem","Slash and Hit VFX (with SFX)","/Game/SlashHitVFX/NS","NS_Slash_CurvedSword","원본 Niagara 클래스·팩 경로와 신규 생성 명세","2026-10-03 로컬 설치; 팩 루트: /Game/SlashHitVFX; 원본 objectpath: /Game/SlashHitVFX/NS/NS_Slash_CurvedSword.NS_Slash_CurvedSword; Fab: https://www.fab.com/listings/f6bf529f-6db4-43a5-a5f1-2ff5b8d9a0f4; DataAsset 저장·독립 재로드·구조 검증 통과; 시험 수치·시점·방향 정합은 사용자 확인 대기; Niagara AudioPlayer 바인딩: /Game/SlashHitVFX/__GenericSource/SFX/Sfx_Weapon_CurvedSword_Cue.Sfx_Weapon_CurvedSword_Cue; 원본 AudioPlayer 플래그: /Game/SlashHitVFX/__GenericSource/SFX/Sfx_Weapon_CurvedSword_Cue.Sfx_Weapon_CurvedSword_Cue: stopOnDestroy=True, allowLoopingOneShot=False, limitPlaysPerTick=True, maxPlaysPerTick=10; 원본 Audio 사용자 파라미터: User.AudioOn=True; SoundCue 참조: /Game/SlashHitVFX/__GenericSource/SFX/Sfx_Weapon_CurvedSword_Cue.Sfx_Weapon_CurvedSword_Cue; SoundWave 직접·전이 참조: /Game/SlashHitVFX/__GenericSource/SFX/Sfx_Weapon_CurvedSword.Sfx_Weapon_CurvedSword; 참조·바인딩 정적 확인이며 실제 재생·청취는 사용자 확인 대기; 시험 수치이며 연출·판정 정합 및 실제 사운드는 사용자 확인 대기; 신규 스킬 주효과 Audio 파라미터: User.AudioOn=True","곡검 참격","근접공격","DrGameSkillSpecs.json profile=slash"
"근접/Slash","근접 참격","물리","NiagaraSystem","Slash and Hit VFX (with SFX)","/Game/SlashHitVFX/NS","NS_Slash_Katana","원본 Niagara 클래스·팩 경로와 신규 생성 명세","2026-10-03 로컬 설치; 팩 루트: /Game/SlashHitVFX; 원본 objectpath: /Game/SlashHitVFX/NS/NS_Slash_Katana.NS_Slash_Katana; Fab: https://www.fab.com/listings/f6bf529f-6db4-43a5-a5f1-2ff5b8d9a0f4; DataAsset 저장·독립 재로드·구조 검증 통과; 시험 수치·시점·방향 정합은 사용자 확인 대기; Niagara AudioPlayer 바인딩: /Game/SlashHitVFX/__GenericSource/SFX/Sfx_Weapon_Katana_Cue.Sfx_Weapon_Katana_Cue; 원본 AudioPlayer 플래그: /Game/SlashHitVFX/__GenericSource/SFX/Sfx_Weapon_Katana_Cue.Sfx_Weapon_Katana_Cue: stopOnDestroy=True, allowLoopingOneShot=False, limitPlaysPerTick=True, maxPlaysPerTick=10; 원본 Audio 사용자 파라미터: User.AudioOn=True; SoundCue 참조: /Game/SlashHitVFX/__GenericSource/SFX/Sfx_Weapon_Katana_Cue.Sfx_Weapon_Katana_Cue; SoundWave 직접·전이 참조: /Game/SlashHitVFX/__GenericSource/SFX/Sfx_Weapon_Katana.Sfx_Weapon_Katana; 참조·바인딩 정적 확인이며 실제 재생·청취는 사용자 확인 대기; 시험 수치이며 연출·판정 정합 및 실제 사운드는 사용자 확인 대기; 신규 스킬 주효과 Audio 파라미터: User.AudioOn=True","발도 참격","근접공격","DrGameSkillSpecs.json profile=slash"
"근접/Slash","근접 참격","물리","NiagaraSystem","Slash and Hit VFX (with SFX)","/Game/SlashHitVFX/NS","NS_Slash_Reaper","원본 Niagara 클래스·팩 경로와 신규 생성 명세","2026-10-03 로컬 설치; 팩 루트: /Game/SlashHitVFX; 원본 objectpath: /Game/SlashHitVFX/NS/NS_Slash_Reaper.NS_Slash_Reaper; Fab: https://www.fab.com/listings/f6bf529f-6db4-43a5-a5f1-2ff5b8d9a0f4; DataAsset 저장·독립 재로드·구조 검증 통과; 시험 수치·시점·방향 정합은 사용자 확인 대기; Niagara AudioPlayer 바인딩: /Game/SlashHitVFX/__GenericSource/SFX/Sfx_Weapon_Scythe02.Sfx_Weapon_Scythe02; 원본 AudioPlayer 플래그: /Game/SlashHitVFX/__GenericSource/SFX/Sfx_Weapon_Scythe02.Sfx_Weapon_Scythe02: stopOnDestroy=True, allowLoopingOneShot=False, limitPlaysPerTick=True, maxPlaysPerTick=10; 원본 Audio 사용자 파라미터: User.AudioOn=True; SoundCue 참조: 없음; SoundWave 직접·전이 참조: /Game/SlashHitVFX/__GenericSource/SFX/Sfx_Weapon_Scythe02.Sfx_Weapon_Scythe02; 참조·바인딩 정적 확인이며 실제 재생·청취는 사용자 확인 대기; 시험 수치이며 연출·판정 정합 및 실제 사운드는 사용자 확인 대기; 신규 스킬 주효과 Audio 파라미터: User.AudioOn=True","낫 참격","근접공격","DrGameSkillSpecs.json profile=slash"
"근접/Slash","무기 궤적","","NiagaraSystem","Slash and Hit VFX (with SFX)","/Game/SlashHitVFX/NS","NS_Trail_Claw","원본 Niagara 클래스·팩 경로와 신규 생성 명세","2026-10-03 로컬 설치; 팩 루트: /Game/SlashHitVFX; 원본 objectpath: /Game/SlashHitVFX/NS/NS_Trail_Claw.NS_Trail_Claw; Fab: https://www.fab.com/listings/f6bf529f-6db4-43a5-a5f1-2ff5b8d9a0f4; 보조·표시·시각 대안 원본; 독립 스킬은 미생성; 속성 미배정; Niagara AudioPlayer 바인딩: 없음; SoundCue 참조: 없음; SoundWave 직접·전이 참조: 없음; 참조·바인딩 정적 확인이며 실제 재생·청취는 사용자 확인 대기; 무기 소켓 궤적 보조 효과","발톱 궤적","보조 효과","DrGameSkillSpecs.json 미생성 보조 항목; 무기 소켓 궤적 보조 효과"
"근접/Slash","무기 궤적","","NiagaraSystem","Slash and Hit VFX (with SFX)","/Game/SlashHitVFX/NS","NS_Trail_Dagger","원본 Niagara 클래스·팩 경로와 신규 생성 명세","2026-10-03 로컬 설치; 팩 루트: /Game/SlashHitVFX; 원본 objectpath: /Game/SlashHitVFX/NS/NS_Trail_Dagger.NS_Trail_Dagger; Fab: https://www.fab.com/listings/f6bf529f-6db4-43a5-a5f1-2ff5b8d9a0f4; 보조·표시·시각 대안 원본; 독립 스킬은 미생성; 속성 미배정; Niagara AudioPlayer 바인딩: 없음; SoundCue 참조: 없음; SoundWave 직접·전이 참조: 없음; 참조·바인딩 정적 확인이며 실제 재생·청취는 사용자 확인 대기; 무기 소켓 궤적 보조 효과","단검 궤적","보조 효과","DrGameSkillSpecs.json 미생성 보조 항목; 무기 소켓 궤적 보조 효과"
"근접/Slash","무기 궤적","","NiagaraSystem","Slash and Hit VFX (with SFX)","/Game/SlashHitVFX/NS","NS_Trail_Fist_Optimized","원본 Niagara 클래스·팩 경로와 신규 생성 명세","2026-10-03 로컬 설치; 팩 루트: /Game/SlashHitVFX; 원본 objectpath: /Game/SlashHitVFX/NS/NS_Trail_Fist_Optimized.NS_Trail_Fist_Optimized; Fab: https://www.fab.com/listings/f6bf529f-6db4-43a5-a5f1-2ff5b8d9a0f4; 보조·표시·시각 대안 원본; 독립 스킬은 미생성; 속성 미배정; Niagara AudioPlayer 바인딩: 없음; SoundCue 참조: 없음; SoundWave 직접·전이 참조: 없음; 참조·바인딩 정적 확인이며 실제 재생·청취는 사용자 확인 대기; 무기 소켓 궤적 보조 효과","최적화 주먹 궤적","보조 효과","DrGameSkillSpecs.json 미생성 보조 항목; 무기 소켓 궤적 보조 효과"
"근접/Slash","무기 궤적","","NiagaraSystem","Slash and Hit VFX (with SFX)","/Game/SlashHitVFX/NS","NS_Trail_Halberd","원본 Niagara 클래스·팩 경로와 신규 생성 명세","2026-10-03 로컬 설치; 팩 루트: /Game/SlashHitVFX; 원본 objectpath: /Game/SlashHitVFX/NS/NS_Trail_Halberd.NS_Trail_Halberd; Fab: https://www.fab.com/listings/f6bf529f-6db4-43a5-a5f1-2ff5b8d9a0f4; 보조·표시·시각 대안 원본; 독립 스킬은 미생성; 속성 미배정; Niagara AudioPlayer 바인딩: 없음; SoundCue 참조: 없음; SoundWave 직접·전이 참조: 없음; 참조·바인딩 정적 확인이며 실제 재생·청취는 사용자 확인 대기; 무기 소켓 궤적 보조 효과","미늘창 궤적","보조 효과","DrGameSkillSpecs.json 미생성 보조 항목; 무기 소켓 궤적 보조 효과"
"근접/Slash","무기 궤적","","NiagaraSystem","Slash and Hit VFX (with SFX)","/Game/SlashHitVFX/NS","NS_Trail_Hammer_Cross","원본 Niagara 클래스·팩 경로와 신규 생성 명세","2026-10-03 로컬 설치; 팩 루트: /Game/SlashHitVFX; 원본 objectpath: /Game/SlashHitVFX/NS/NS_Trail_Hammer_Cross.NS_Trail_Hammer_Cross; Fab: https://www.fab.com/listings/f6bf529f-6db4-43a5-a5f1-2ff5b8d9a0f4; 보조·표시·시각 대안 원본; 독립 스킬은 미생성; 속성 미배정; Niagara AudioPlayer 바인딩: 없음; SoundCue 참조: 없음; SoundWave 직접·전이 참조: 없음; 참조·바인딩 정적 확인이며 실제 재생·청취는 사용자 확인 대기; 무기 소켓 궤적 보조 효과","망치 십자 궤적","보조 효과","DrGameSkillSpecs.json 미생성 보조 항목; 무기 소켓 궤적 보조 효과"
"근접/Slash","무기 궤적","","NiagaraSystem","Slash and Hit VFX (with SFX)","/Game/SlashHitVFX/NS","NS_Trail_MagicStaff","원본 Niagara 클래스·팩 경로와 신규 생성 명세","2026-10-03 로컬 설치; 팩 루트: /Game/SlashHitVFX; 원본 objectpath: /Game/SlashHitVFX/NS/NS_Trail_MagicStaff.NS_Trail_MagicStaff; Fab: https://www.fab.com/listings/f6bf529f-6db4-43a5-a5f1-2ff5b8d9a0f4; 보조·표시·시각 대안 원본; 독립 스킬은 미생성; 속성 미배정; Niagara AudioPlayer 바인딩: 없음; SoundCue 참조: 없음; SoundWave 직접·전이 참조: 없음; 참조·바인딩 정적 확인이며 실제 재생·청취는 사용자 확인 대기; 무기 소켓 궤적 보조 효과","마법 지팡이 궤적","보조 효과","DrGameSkillSpecs.json 미생성 보조 항목; 무기 소켓 궤적 보조 효과"
"근접/Slash","무기 궤적","","NiagaraSystem","Slash and Hit VFX (with SFX)","/Game/SlashHitVFX/NS","NS_Trail_Stick","원본 Niagara 클래스·팩 경로와 신규 생성 명세","2026-10-03 로컬 설치; 팩 루트: /Game/SlashHitVFX; 원본 objectpath: /Game/SlashHitVFX/NS/NS_Trail_Stick.NS_Trail_Stick; Fab: https://www.fab.com/listings/f6bf529f-6db4-43a5-a5f1-2ff5b8d9a0f4; 보조·표시·시각 대안 원본; 독립 스킬은 미생성; 속성 미배정; Niagara AudioPlayer 바인딩: 없음; SoundCue 참조: 없음; SoundWave 직접·전이 참조: 없음; 참조·바인딩 정적 확인이며 실제 재생·청취는 사용자 확인 대기; 무기 소켓 궤적 보조 효과","막대 궤적","보조 효과","DrGameSkillSpecs.json 미생성 보조 항목; 무기 소켓 궤적 보조 효과"
"근접/Slash","무기 궤적","","NiagaraSystem","Slash and Hit VFX (with SFX)","/Game/SlashHitVFX/NS","NS_Trail_Sword","원본 Niagara 클래스·팩 경로와 신규 생성 명세","2026-10-03 로컬 설치; 팩 루트: /Game/SlashHitVFX; 원본 objectpath: /Game/SlashHitVFX/NS/NS_Trail_Sword.NS_Trail_Sword; Fab: https://www.fab.com/listings/f6bf529f-6db4-43a5-a5f1-2ff5b8d9a0f4; 보조·표시·시각 대안 원본; 독립 스킬은 미생성; 속성 미배정; Niagara AudioPlayer 바인딩: 없음; SoundCue 참조: 없음; SoundWave 직접·전이 참조: 없음; 참조·바인딩 정적 확인이며 실제 재생·청취는 사용자 확인 대기; 무기 소켓 궤적 보조 효과","검 궤적","보조 효과","DrGameSkillSpecs.json 미생성 보조 항목; 무기 소켓 궤적 보조 효과"
"근접/Slash","무기 궤적","","NiagaraSystem","Slash and Hit VFX (with SFX)","/Game/SlashHitVFX/NS","NS_Trail_TipTop","원본 Niagara 클래스·팩 경로와 신규 생성 명세","2026-10-03 로컬 설치; 팩 루트: /Game/SlashHitVFX; 원본 objectpath: /Game/SlashHitVFX/NS/NS_Trail_TipTop.NS_Trail_TipTop; Fab: https://www.fab.com/listings/f6bf529f-6db4-43a5-a5f1-2ff5b8d9a0f4; 보조·표시·시각 대안 원본; 독립 스킬은 미생성; 속성 미배정; Niagara AudioPlayer 바인딩: 없음; SoundCue 참조: 없음; SoundWave 직접·전이 참조: 없음; 참조·바인딩 정적 확인이며 실제 재생·청취는 사용자 확인 대기; 무기 소켓 궤적 보조 효과","TipTop 궤적","보조 효과","DrGameSkillSpecs.json 미생성 보조 항목; 무기 소켓 궤적 보조 효과"
"근접/Slash","무기 궤적","","NiagaraSystem","Slash and Hit VFX (with SFX)","/Game/SlashHitVFX/NS","NS_Trail_VfxWhip","원본 Niagara 클래스·팩 경로와 신규 생성 명세","2026-10-03 로컬 설치; 팩 루트: /Game/SlashHitVFX; 원본 objectpath: /Game/SlashHitVFX/NS/NS_Trail_VfxWhip.NS_Trail_VfxWhip; Fab: https://www.fab.com/listings/f6bf529f-6db4-43a5-a5f1-2ff5b8d9a0f4; 보조·표시·시각 대안 원본; 독립 스킬은 미생성; 속성 미배정; Niagara AudioPlayer 바인딩: 없음; SoundCue 참조: 없음; SoundWave 직접·전이 참조: 없음; 참조·바인딩 정적 확인이며 실제 재생·청취는 사용자 확인 대기; 무기 소켓 궤적 보조 효과","채찍 궤적","보조 효과","DrGameSkillSpecs.json 미생성 보조 항목; 무기 소켓 궤적 보조 효과"
"근접/Slash","무기 궤적","","NiagaraSystem","Slash and Hit VFX (with SFX)","/Game/SlashHitVFX/NS","NS_Trail_VfxWhip_smooth","원본 Niagara 클래스·팩 경로와 신규 생성 명세","2026-10-03 로컬 설치; 팩 루트: /Game/SlashHitVFX; 원본 objectpath: /Game/SlashHitVFX/NS/NS_Trail_VfxWhip_smooth.NS_Trail_VfxWhip_smooth; Fab: https://www.fab.com/listings/f6bf529f-6db4-43a5-a5f1-2ff5b8d9a0f4; 보조·표시·시각 대안 원본; 독립 스킬은 미생성; 속성 미배정; Niagara AudioPlayer 바인딩: 없음; SoundCue 참조: 없음; SoundWave 직접·전이 참조: 없음; 참조·바인딩 정적 확인이며 실제 재생·청취는 사용자 확인 대기; 무기 소켓 궤적 보조 효과","부드러운 채찍 궤적","보조 효과","DrGameSkillSpecs.json 미생성 보조 항목; 무기 소켓 궤적 보조 효과"
"근접/Slash","무기 궤적","","NiagaraSystem","Slash and Hit VFX (with SFX)","/Game/SlashHitVFX/NS","NS_Trail_refraction","원본 Niagara 클래스·팩 경로와 신규 생성 명세","2026-10-03 로컬 설치; 팩 루트: /Game/SlashHitVFX; 원본 objectpath: /Game/SlashHitVFX/NS/NS_Trail_refraction.NS_Trail_refraction; Fab: https://www.fab.com/listings/f6bf529f-6db4-43a5-a5f1-2ff5b8d9a0f4; 보조·표시·시각 대안 원본; 독립 스킬은 미생성; 속성 미배정; Niagara AudioPlayer 바인딩: 없음; SoundCue 참조: 없음; SoundWave 직접·전이 참조: 없음; 참조·바인딩 정적 확인이며 실제 재생·청취는 사용자 확인 대기; 무기 소켓 궤적 보조 효과","굴절 궤적","보조 효과","DrGameSkillSpecs.json 미생성 보조 항목; 무기 소켓 궤적 보조 효과"
